date,symbol,close,ema20,ema50,ema200,rsi,atr,atr_pct,signal
2024-06-08,ETHUSDT,3688.13,3688.13,3688.13,3688.13,,,,WAIT
2024-06-09,ETHUSDT,3690.59,3688.364285714286,3688.2264705882353,3688.1544776119404,,,,WAIT
2024-06-10,ETHUSDT,3702.54,3689.714353741497,3688.7877854671283,3688.2976171381897,,,,WAIT
2024-06-11,ETHUSDT,3447.75,3666.6701295756397,3679.3353232919467,3685.9041085099493,,,,WAIT
2024-06-12,ETHUSDT,3618.32,3662.065355330341,3676.942565515792,3685.231629818308,,,,WAIT
2024-06-13,ETHUSDT,3441.73,3641.08103577507,3667.718543338702,3682.8087280290715,,,,WAIT
2024-06-14,ETHUSDT,3462.41,3624.0647466536348,3659.667227913655,3680.615705859628,,,,WAIT
2024-06-15,ETHUSDT,3565.8,3618.5157231628123,3655.9861601523353,3679.473261025204,,,,WAIT
2024-06-16,ETHUSDT,3591.88,3615.978987623497,3653.472193087538,3678.601686288635,,,,WAIT
2024-06-17,ETHUSDT,3497.26,3604.67241737364,3647.346224731164,3676.797291400191,,,,WAIT
2024-06-18,ETHUSDT,3424.01,3587.466472861865,3638.5879414083734,3674.2819949683485,,,,WAIT
2024-06-19,ETHUSDT,3529.29,3581.92585639883,3634.3017476276527,3672.8392885507533,,,,WAIT
2024-06-20,ETHUSDT,3506.61,3574.75291769418,3629.294228112843,3671.185265779104,,,,WAIT
2024-06-21,ETHUSDT,3492.78,3566.945973151877,3623.940728971163,3669.4100890051827,,159.5857142857142,4.569017066225591,WAIT
2024-06-22,ETHUSDT,3505.43,3561.087309042174,3619.2932494036663,3667.7784463285143,41.610183501405174,151.9378571428571,4.334357187074256,SHORT
2024-06-23,ETHUSDT,3474.54,3552.8447081810145,3613.6166513878366,3665.8556757182805,40.33117028417988,152.1871428571428,4.380065932674333,SHORT
2024-06-24,ETHUSDT,3280.3,3526.888069306632,3600.545410156941,3662.019300835512,33.75425150437846,163.87428571428563,4.995710322662124,SHORT
2024-06-25,ETHUSDT,3419.6,3516.6701579440955,3593.449511719414,3659.60716848889,48.81128330729276,157.39285714285708,4.6026686496332045,SHORT
2024-06-26,ETHUSDT,3361.69,3501.9101429018006,3584.360903416692,3656.642818553677,38.02350217941177,147.2407142857142,4.379961099497997,SHORT
2024-06-27,ETHUSDT,3452.75,3497.2282245302004,3579.1996915179984,3654.6140342894614,50.558902886819624,144.33285714285708,4.180229010002377,WAIT
2024-06-28,ETHUSDT,3413.61,3489.2645840987525,3572.705978125136,3652.2159841970292,47.57049545961448,142.90642857142848,4.186372449442921,SHORT
2024-06-29,ETHUSDT,3394.62,3480.2508141845856,3565.7222142770916,3649.652840075666,40.695930080876565,129.99571428571423,3.8294629232642894,SHORT
2024-06-30,ETHUSDT,3399.8,3472.5888318812918,3559.2154607760294,3647.1667421644656,39.317256568263204,128.35285714285712,3.775306110443471,SHORT
2024-07-01,ETHUSDT,3474.35,3472.7565621783115,3555.887403490695,3645.44717259069,48.696740428920855,125.82428571428571,3.621520161016757,SHORT
2024-07-02,ETHUSDT,3415.65,3467.3178419708534,3550.387897471452,3643.160633559937,49.51642757982415,116.84071428571428,3.4207461035443996,SHORT
2024-07-03,ETHUSDT,3304.26,3451.788523687915,3540.735823060807,3639.788487952376,37.07481821001481,113.99000000000001,3.449789060182915,SHORT
2024-07-04,ETHUSDT,3138.79,3421.9791404795424,3524.973241764305,3634.8034283707602,31.850389815454434,121.0857142857143,3.8577195124781936,SHORT
2024-07-05,ETHUSDT,2990.99,3380.932555671967,3504.0327224794305,3628.397324605877,28.13112867938669,139.95785714285716,4.679315448826548,SHORT
2024-07-06,ETHUSDT,3020.0,3346.5580265603508,3485.0510470880804,3622.3436198834306,29.141565617936976,139.76857142857145,4.628098391674551,SHORT
2024-07-07,ETHUSDT,2970.99,3310.7896430784126,3464.891790339528,3615.862489337327,28.69473238840702,145.27071428571435,4.88963996128275,SHORT
2024-07-08,ETHUSDT,2969.21,3278.258248499516,3445.453288757586,3609.4281362095926,34.277107824803636,147.5464285714286,4.969214995619327,SHORT
2024-07-09,ETHUSDT,3067.83,3258.2174629281335,3430.64453233572,3604.0391000284026,31.458660566513117,146.60857142857145,4.778901419849583,SHORT
2024-07-10,ETHUSDT,3122.76,3245.3167521730734,3418.5706291068686,3599.250253261951,37.36662330932818,148.10928571428573,4.742896851320169,SHORT
2024-07-11,ETHUSDT,3117.95,3233.1865852994474,3406.781584828168,3594.4611960155635,30.52084060601831,148.85857142857142,4.774244982394568,SHORT
2024-07-12,ETHUSDT,3131.34,3223.486910509024,3395.979954050593,3589.8530249109313,33.069827141537644,150.17000000000002,4.7957104626134495,SHORT
2024-07-13,ETHUSDT,3154.87,3216.9519666510214,3386.5246617348835,3585.5248356083353,35.69800875717338,152.28571428571428,4.827004418112768,SHORT
2024-07-14,ETHUSDT,3190.48,3214.430826969972,3378.836635784496,3581.594041224173,37.95072530508865,154.33214285714283,4.8372703435577975,SHORT
2024-07-15,ETHUSDT,3367.83,3229.0402720204506,3378.4050030086337,3579.467035838858,44.517191682108304,159.8628571428571,4.746761479731967,SHORT
2024-07-16,ETHUSDT,3476.25,3252.5840556375506,3382.2420617141775,3578.440000656382,52.96732999059855,163.79428571428568,4.711809729285457,WAIT
2024-07-17,ETHUSDT,3437.17,3270.163669386355,3384.3960985097,3577.03432900806,57.00403663536428,159.83142857142852,4.650087966886378,WAIT
2024-07-18,ETHUSDT,3389.28,3281.5080818257497,3384.5876240583393,3575.166126729373,65.06743019380917,151.26999999999995,4.463189822027096,WAIT
2024-07-19,ETHUSDT,3465.0,3298.9835026042497,3387.7410505658554,3574.0699463639066,81.21978528617532,133.26999999999995,3.8461760461760446,WAIT
2024-07-20,ETHUSDT,3503.72,3318.4822166419403,3392.2892446613123,3573.369946897599,81.45696225580728,133.29428571428568,3.80436466710484,WAIT
2024-07-21,ETHUSDT,3499.95,3335.764862676041,3396.511235066751,3572.6394001623,86.54957021641194,128.75071428571422,3.678644388797389,WAIT
2024-07-22,ETHUSDT,3457.15,3347.3253519449895,3398.889225848447,3571.4902519019784,81.90651810002093,119.97642857142854,3.470385391765719,WAIT
2024-07-23,ETHUSDT,3454.38,3357.5210327121335,3401.065334638704,3570.3249757636504,78.89920602879829,116.32357142857141,3.367422560012836,WAIT
2024-07-24,ETHUSDT,3414.87,3362.982839120502,3401.6066940646374,3568.77816008441,72.35410257587583,116.68857142857142,3.4170721412109812,WAIT
2024-07-25,ETHUSDT,3142.28,3341.9635211090254,3391.437019787593,3564.5343972975006,51.32063181892203,128.44357142857146,4.087591539537262,WAIT
2024-07-26,ETHUSDT,3255.02,3333.6831857653087,3386.087332737099,3561.4546520507597,56.05977462028418,134.54857142857145,4.133571266184891,WAIT
2024-07-27,ETHUSDT,3280.97,3328.662882359089,3381.965084394468,3558.6637599905534,56.16372736870919,134.92571428571432,4.112372691177132,WAIT
2024-07-28,ETHUSDT,3268.61,3322.943560229652,3377.519786967234,3555.777652925971,53.90778957055829,136.5414285714286,4.177354550448925,WAIT
2024-07-29,ETHUSDT,3308.67,3321.584173541114,3374.81979532146,3553.318870309792,46.5699575593126,131.9207142857143,3.9871221453246863,SHORT
2024-07-30,ETHUSDT,3321.0,3321.52853796577,3372.7092151127754,3551.0072397594463,39.87002309830479,128.80357142857147,3.878457435368006,SHORT
2024-07-31,ETHUSDT,3302.36,3319.7029629214107,3369.950422363255,3548.5331378712926,40.962660052289316,129.81285714285718,3.9309117462317,SHORT
2024-08-01,ETHUSDT,3117.18,3300.4150616908,3360.0378567803823,3544.2410668476978,34.59474149059035,137.69928571428574,4.4174313229998186,SHORT
2024-08-02,ETHUSDT,3038.99,3275.517436767867,3347.4477447497793,3539.2136930482184,25.948216483553665,146.72928571428574,4.8282253549464045,SHORT
2024-08-03,ETHUSDT,2942.4,3243.7919665994987,3331.563519465474,3533.275248341271,20.252681561877267,150.9971428571429,5.131768041637538,WAIT
2024-08-04,ETHUSDT,2826.98,3204.095588828118,3311.7759304668284,3526.24743492494,18.109616824467096,156.20000000000002,5.5253309185066755,WAIT
2024-08-05,ETHUSDT,2450.8,3132.3531517968686,3278.012168487737,3515.5464654231996,13.76151414105766,197.31,8.05084054186388,WAIT
2024-08-06,ETHUSDT,2527.6,3074.7576135305003,3248.5842403117476,3505.7161523344116,18.316080243959092,202.55500000000004,8.013728438043996,WAIT
2024-08-07,ETHUSDT,2412.75,3011.7092693847385,3215.806426966189,3494.8408672365567,17.418784300465546,207.9521428571429,8.618884793581717,WAIT
2024-08-08,ETHUSDT,2507.2,2963.660767538573,3188.017939634182,3485.0135949257456,26.647006045273315,200.06571428571428,7.97964718752849,SHORT
2024-08-09,ETHUSDT,2557.82,2925.009265868233,3163.3042949426454,3475.787788011062,23.13543256115041,202.32357142857146,7.910000368617473,WAIT
2024-08-10,ETHUSDT,2599.49,2894.007431023639,3141.193930435091,3467.0684070358275,24.05546164740278,202.73857142857142,7.7991671992803,WAIT
2024-08-11,ETHUSDT,2614.07,2867.346723307102,3120.5224037513617,3458.5808606971627,25.123141475873382,204.66714285714284,7.829443850284913,SHORT
2024-08-12,ETHUSDT,2689.2,2850.3803687064255,3103.607799682681,3450.9253297449523,27.06736856133803,209.52142857142852,7.791217781177619,SHORT
2024-08-13,ETHUSDT,2652.0,2831.4870002581947,3085.8976898912038,3442.975823976346,25.681570338058876,211.68071428571423,7.98192738633915,SHORT
2024-08-14,ETHUSDT,2674.21,2816.5082383288427,3069.7530746013526,3435.3264127925017,27.2255940597649,213.8935714285714,7.998383501242288,SHORT
2024-08-15,ETHUSDT,2668.4,2802.402691821334,3054.0137383424762,3427.695304207502,31.29615737267649,204.3521428571428,7.658227509261835,SHORT
2024-08-16,ETHUSDT,2568.97,2780.171006885969,3034.9924152702224,3419.1507738173777,30.751715891034763,199.00071428571422,7.7463230121688555,SHORT
2024-08-17,ETHUSDT,2606.78,2763.6575776587338,3018.1997715341354,3411.0674825356127,35.5605080195498,194.1299999999999,7.447118667474811,SHORT
2024-08-18,ETHUSDT,2672.2,2754.947332167426,3004.6311530426005,3403.7155672865024,43.04146885340237,191.18285714285705,7.154511531429423,SHORT
2024-08-19,ETHUSDT,2584.53,2738.7171100562423,2988.156598021322,3395.5644671144973,58.11813270199722,147.45714285714277,5.705375555986689,WAIT
2024-08-20,ETHUSDT,2574.99,2723.1240519556477,2971.9539863342115,3387.3995470437067,53.13264321315723,143.73642857142846,5.582018903818208,WAIT
2024-08-21,ETHUSDT,2601.89,2711.5779517693954,2957.441673144635,3379.583531650237,64.14786667464543,136.2521428571428,5.236660383688118,WAIT
2024-08-22,ETHUSDT,2599.4,2700.8943373151674,2943.4008232173946,3371.820511434812,57.9968082153761,126.45928571428564,4.864941360094085,WAIT
2024-08-23,ETHUSDT,2671.09,2698.0558289994374,2932.721967404948,3364.848068534963,59.4778679608401,117.9964285714285,4.417538479475739,WAIT
2024-08-24,ETHUSDT,2761.07,2704.0571786185387,2925.990517702793,3358.840326559491,62.50890285820459,121.14214285714282,4.387507120686647,WAIT
2024-08-25,ETHUSDT,2763.81,2709.7479235120113,2919.630497400723,3352.91962679273,61.8087757483991,118.15999999999995,4.275257705848086,WAIT
2024-08-26,ETHUSDT,2721.69,2710.885264129915,2911.8681249536357,3346.6387349838474,52.702950034109264,109.38857142857144,4.019141468299896,WAIT
2024-08-27,ETHUSDT,2579.3,2698.3533342127803,2898.826237700552,3339.003523690476,44.8527329368451,112.13499999999999,4.347497383010894,SHORT
2024-08-28,ETHUSDT,2496.05,2679.086350002039,2883.03109112406,3330.6159264398248,38.389552160992665,115.78999999999996,4.638929508623624,SHORT
2024-08-29,ETHUSDT,2575.97,2669.2657452399403,2870.9894797074303,3323.107011748881,44.50704225352111,119.24714285714283,4.6292131840488375,SHORT
2024-08-30,ETHUSDT,2448.75,2648.2642456932795,2854.4310687385114,3314.406941980236,43.08396806038153,118.63571428571426,4.84474586159119,SHORT
2024-08-31,ETHUSDT,2519.19,2635.9714603891575,2841.2843601605305,3306.494335592373,45.14344012331302,121.79357142857144,4.8346322202204455,SHORT
2024-09-01,ETHUSDT,2480.83,2621.1960832092377,2827.148895056196,3298.2787700640906,39.06094591350276,121.47857142857144,4.896690681286967,SHORT
2024-09-02,ETHUSDT,2513.2,2610.910741951215,2814.8371736814433,3290.4670410087265,45.64747806348468,123.24500000000002,4.9039073690912,SHORT
2024-09-03,ETHUSDT,2444.01,2595.0154331939566,2800.294931576289,3282.0445828892366,42.54999658726368,122.46214285714288,5.0107054740832835,SHORT
2024-09-04,ETHUSDT,2455.4,2581.7187252707226,2786.769640141925,3273.819263656508,41.51815181518152,128.32928571428573,5.22641059356055,SHORT
2024-09-05,ETHUSDT,2371.43,2561.6912276258918,2770.4818111167515,3264.8402660081847,37.938478143550974,132.23357142857142,5.576111098728253,SHORT
2024-09-06,ETHUSDT,2290.21,2535.835872613902,2751.6476224455064,3255.1424524160634,30.04944686557154,135.17857142857142,5.902453112534284,SHORT
2024-09-07,ETHUSDT,2300.49,2513.4219799840066,2733.9551666633297,3245.6434230387895,23.676931166129364,136.93499999999997,5.952427526309611,WAIT
2024-09-08,ETHUSDT,2245.74,2487.928458080768,2714.809473853003,3235.694135247359,22.052715051733202,135.5192857142857,6.034504693966609,WAIT
2024-09-09,ETHUSDT,2292.55,2469.3209858825994,2698.250278799944,3226.3096164886792,26.966593670831713,135.86857142857139,5.926525983231397,SHORT
2024-09-10,ETHUSDT,2325.01,2455.577082465209,2683.613405121515,3217.3414611007324,34.525272933072046,129.6778571428571,5.5775182533777095,SHORT
2024-09-11,ETHUSDT,2325.9,2443.2268841351893,2669.585428450083,3208.4713968111732,38.492025917459095,124.20285714285713,5.339991278337724,SHORT
2024-09-12,ETHUSDT,2323.2,2431.7957523127902,2656.001686157923,3199.6627261961366,30.910052110867753,119.72642857142854,5.1535136265249895,SHORT
2024-09-13,ETHUSDT,2407.79,2429.5094901877624,2646.267894543887,3191.78339558722,46.69368118562526,115.40214285714283,4.7928657755511415,SHORT
2024-09-14,ETHUSDT,2418.54,2428.464776836547,2637.3373888754995,3184.089431452024,41.009057938648986,112.38142857142854,4.646664044069089,SHORT
2024-09-15,ETHUSDT,2408.71,2426.5833695187807,2628.3716089195977,3176.374213228621,43.21159638554218,109.76571428571431,4.557033195599068,SHORT
2024-09-16,ETHUSDT,2287.72,2413.3582867074683,2615.0127222952997,3167.5318827487345,31.810848310799912,110.99428571428572,4.851742595872123,SHORT
2024-09-17,ETHUSDT,2383.79,2410.542259401995,2605.9451645582294,3159.7334560547174,45.344054430184,111.08714285714288,4.660106085567222,SHORT
2024-09-18,ETHUSDT,2296.0,2399.6334727922813,2593.7904522226127,3151.1390933079047,38.978011340063624,107.42571428571429,4.67882030861125,SHORT
2024-09-19,ETHUSDT,2440.0,2403.477903954921,2587.759454096236,3144.0630824292193,54.3779449133605,109.60785714285716,4.492125292740047,WAIT
2024-09-20,ETHUSDT,2560.27,2418.410484530643,2586.6814362885407,3138.254196036889,66.4234109319127,109.30000000000003,4.269080995363772,WAIT
2024-09-21,ETHUSDT,2560.0,2431.8952002896294,2585.635105453696,3132.5004229419947,65.97633500375537,102.2514285714286,3.9941964285714295,WAIT
2024-09-22,ETHUSDT,2570.51,2445.0966097858554,2585.041964063355,3126.9084784351094,71.14580756058494,102.88214285714288,4.0024019691478685,WAIT
2024-09-23,ETHUSDT,2675.38,2467.0283612348217,2588.584632139302,3122.415657754163,73.17400937057347,107.66214285714288,4.024181344599379,WAIT
2024-09-24,ETHUSDT,2612.44,2480.877088736267,2589.5201367612904,3117.341273099893,66.77992223895757,109.15142857142862,4.17814107008883,WAIT
2024-09-25,ETHUSDT,2600.81,2492.2992707613844,2589.9628764961417,3112.2016584421826,65.85025541679636,105.97785714285718,4.0748019710343,WAIT
2024-09-26,ETHUSDT,2652.01,2507.5098164031574,2592.396097025705,3107.6226369651463,67.95382817704296,108.35000000000004,4.085580371114741,WAIT
2024-09-27,ETHUSDT,2683.62,2524.282214840952,2595.973504985481,3103.4037052540502,65.9858820256627,107.94142857142859,4.022232230026181,WAIT
2024-09-28,ETHUSDT,2669.9,2538.15057533229,2598.872583221345,3099.09023555003,64.51773131569828,108.64428571428572,4.069226776818821,WAIT
2024-09-29,ETHUSDT,2666.38,2550.3629014911194,2601.5199328989393,3094.784661066945,64.99144742200863,108.72857142857141,4.077759787748611,WAIT
2024-09-30,ETHUSDT,2596.0,2554.7092918252984,2601.3034649421184,3089.8216296135424,69.05833477583522,103.3185714285714,3.979914153642966,WAIT
2024-10-01,ETHUSDT,2524.81,2551.861740222889,2598.3037212188983,3084.199623348731,58.9947697410384,106.69428571428567,4.2258342494795915,WAIT
2024-10-02,ETHUSDT,2460.4,2543.1510982968994,2592.8957321514904,3077.9926619223756,60.80839425656131,107.03285714285711,4.350221799010613,WAIT
2024-10-03,ETHUSDT,2340.59,2523.859565125766,2583.001389714177,3070.6553220027504,43.24962992136679,107.3285714285714,4.585534904813375,SHORT
2024-10-04,ETHUSDT,2417.05,2513.687225589979,2576.493492078327,3064.151786460435,39.65950441864497,105.03499999999995,4.345586562131522,SHORT
2024-10-05,ETHUSDT,2415.01,2504.2893945814094,2570.160806114471,3057.692664207097,39.55839778766799,104.27357142857136,4.31772835013401,SHORT
2024-10-06,ETHUSDT,2446.62,2498.797071287942,2565.316068619786,3051.612339190111,41.341086679992706,103.55928571428565,4.232749087078731,SHORT
2024-10-07,ETHUSDT,2474.23,2496.4573502128997,2561.744065928814,3045.867241287722,34.23910488458462,99.46571428571421,4.020067426460524,SHORT
2024-10-08,ETHUSDT,2419.5,2489.128078764052,2556.165867264939,3039.634731424163,34.68535687071372,97.23428571428563,4.018776016296162,SHORT
2024-10-09,ETHUSDT,2461.3,2486.477785548428,2552.445637176118,3033.8801569821317,39.43250162856582,96.13071428571422,3.905688631443311,SHORT
2024-10-10,ETHUSDT,2404.63,2478.6827583533395,2546.6489455221526,3027.6189613902698,31.415649978965064,96.23357142857137,4.002011595487512,SHORT
2024-10-11,ETHUSDT,2443.81,2475.361543272069,2542.6160456977545,3021.809916998327,32.186947543565125,98.9985714285714,4.0509929752546805,SHORT
2024-10-12,ETHUSDT,2473.11,2475.147110579491,2539.8903184154897,3016.350216331677,35.71314486503755,96.99428571428568,3.921955987169421,SHORT
2024-10-13,ETHUSDT,2440.51,2471.848338143349,2535.993051026647,3010.620462935342,34.266289583304314,96.94642857142854,3.972383992338836,SHORT
2024-10-14,ETHUSDT,2635.47,2487.431353558268,2539.8941078491316,3006.887622508125,52.34279473390552,105.80142857142856,4.014518418780277,WAIT
2024-10-15,ETHUSDT,2573.45,2495.6236056003377,2541.210025188381,3002.574810343865,52.91886701872299,103.91857142857141,4.038103379843068,WAIT
2024-10-16,ETHUSDT,2607.67,2506.294690781258,2543.8162987104056,2998.645409245916,59.16987335151492,101.54642857142855,3.8941441429102817,WAIT
2024-10-17,ETHUSDT,2630.82,2518.154244040186,2547.2282085648994,2994.9854549250613,70.54434770298012,94.11642857142854,3.577456024031615,WAIT
2024-10-18,ETHUSDT,2653.15,2531.010982703025,2551.3820043074525,2991.5841071148616,68.09972095305265,92.80142857142856,3.497782958800993,WAIT
2024-10-19,ETHUSDT,2645.7,2541.933746255118,2555.080749236572,2988.1424742082463,67.5394978939525,92.42285714285715,3.493323398074504,WAIT
2024-10-20,ETHUSDT,2706.58,2557.6143418498687,2561.021896325334,2985.3408575494577,68.92269617120395,93.68785714285715,3.4614848680939474,WAIT
2024-10-21,ETHUSDT,2679.43,2569.215833102262,2565.6653513713995,2982.2969684196123,64.94668142882114,94.04571428571431,3.509914955259675,LONG
2024-10-22,ETHUSDT,2624.33,2574.464801378237,2567.9659258274232,2978.735108037328,64.91169319025639,93.93428571428574,3.5793625692761863,LONG
2024-10-23,ETHUSDT,2540.22,2571.203391723167,2566.8778503047793,2974.3717736289964,55.41200351108182,97.64857142857146,3.8440989925507028,LONG
2024-10-24,ETHUSDT,2525.84,2566.883068701913,2565.268522841847,2969.90877090632,58.82387199161364,97.75285714285717,3.870112799815394,LONG
2024-10-25,ETHUSDT,2524.86,2562.8808716826834,2563.6838748872647,2965.480424927153,56.247783790450654,96.40214285714286,3.8181183454584753,WAIT
2024-10-26,ETHUSDT,2457.59,2552.853169617666,2559.5233307740386,2960.4267888582262,48.869793183804255,103.79999999999998,4.22364999857584,SHORT
2024-10-27,ETHUSDT,2501.97,2548.0071534636027,2557.266337410351,2955.8650297651097,54.40018328130815,103.66571428571426,4.143363600911052,WAIT
2024-10-28,ETHUSDT,2501.02,2543.532186467069,2555.0605986883766,2951.339208573417,36.671491167198695,94.24499999999996,3.768262548880055,SHORT
2024-10-29,ETHUSDT,2648.52,2553.5310258511577,2558.7256732496166,2948.3260821199506,56.363482241247794,95.08428571428567,3.5900912854834273,WAIT
2024-10-30,ETHUSDT,2683.08,2565.8690233891425,2563.6023135143378,2945.6868176212447,56.38862061370067,97.83071428571427,3.6462093670600306,LONG
2024-10-31,ETHUSDT,2562.86,2565.5824497330336,2563.5732031804423,2941.877595555362,45.0557285452376,104.26785714285711,4.068417983926438,WAIT
2024-11-01,ETHUSDT,2500.03,2559.3393592822686,2561.0813128596405,2937.481102067249,39.48004836759371,106.49142857142854,4.259606027584811,WAIT
2024-11-02,ETHUSDT,2488.79,2552.620372683957,2558.2463594141645,2933.016513986978,39.27551090151049,108.0985714285714,4.343418746803524,WAIT
2024-11-03,ETHUSDT,2442.63,2542.145099095009,2553.712384535178,2928.137046186113,31.5890796981153,108.03071428571424,4.422721176998326,WAIT
2024-11-04,ETHUSDT,2442.6,2532.6646134669127,2549.3550361220337,2923.3058317962013,32.8311899204013,105.88999999999994,4.335134692540733,WAIT
2024-11-05,ETHUSDT,2441.19,2523.952745517683,2545.113269999601,2918.508659340518,35.602654004591045,109.02928571428563,4.4662351441012635,WAIT
2024-11-06,ETHUSDT,2634.19,2534.4515316588563,2548.606475097656,2915.679617954045,56.30747338604666,119.80928571428561,4.548240093322259,WAIT
2024-11-07,ETHUSDT,2847.49,2564.2647191199176,2560.3273976428463,2915.001114292811,67.03961518493796,129.37499999999991,4.543475130729166,LONG
2024-11-08,ETHUSDT,2937.04,2599.7671268227828,2575.100440872539,2915.2204066879076,69.96222394420768,131.41357142857132,4.4743541602624175,LONG
2024-11-09,ETHUSDT,3040.88,2641.7778766491842,2593.366305936361,2916.470750899968,77.28280494307606,132.45785714285708,4.355905433389581,WAIT
2024-11-10,ETHUSDT,3209.53,2695.8495074445,2617.529588056504,2919.386763328824,79.64868760685195,146.30285714285705,4.558388833968121,WAIT
2024-11-11,ETHUSDT,3236.98,2747.385744830738,2641.821761073896,2922.546895036995,80.16872448226673,154.46928571428566,4.7720185393263375,WAIT
2024-11-12,ETHUSDT,3261.65,2796.3632929420965,2666.128750835704,2925.9210552853833,77.94805407918608,159.60071428571425,4.893250786740277,WAIT
2024-11-13,ETHUSDT,3309.28,2845.2125031380874,2691.35036844999,2929.7355721482154,78.20771545433252,165.9721428571428,5.015355088029505,WAIT
2024-11-14,ETHUSDT,3077.68,2867.352264743984,2706.5005500794023,2931.2076560074374,71.07568612039036,174.2585714285714,5.66201071679224,LONG
2024-11-15,ETHUSDT,3023.73,2882.2453823874143,2718.9409206645237,2932.128276345672,71.59623251517549,177.6421428571428,5.874934033698207,LONG
2024-11-16,ETHUSDT,3141.11,2906.899155493375,2735.4965708345426,2934.207696481536,74.73495017518314,187.3414285714285,5.9641791777883775,LONG
2024-11-17,ETHUSDT,3086.21,2923.97637877972,2749.250038644953,2935.720157213063,74.24285800385726,191.99142857142854,6.22094506114064,LONG
2024-11-18,ETHUSDT,3143.41,2944.874818895937,2764.7072920314254,2937.786722812933,75.30858847406701,194.43285714285713,6.185411929810529,WAIT
2024-11-19,ETHUSDT,3104.36,2960.063883762991,2778.027006069409,2939.444168357083,73.31542642581407,196.32785714285714,6.324261913658762,LONG
2024-11-20,ETHUSDT,3130.0,2976.2482757855632,2791.8298685764908,2941.3402462838785,69.75637745953571,184.07357142857146,5.880944774075765,LONG
2024-11-21,ETHUSDT,3277.03,3004.8941542821763,2810.857324710746,2944.680442838268,68.07006916048262,190.975,5.8276854346771305,LONG
2024-11-22,ETHUSDT,3314.15,3034.347091969588,2830.594292369148,2948.3567568398776,66.59654434869863,193.5157142857143,5.839075306963001,LONG
2024-11-23,ETHUSDT,3460.33,3074.916892734389,2855.289810315456,2953.451017965849,67.79668208239636,198.08285714285716,5.724392099680006,LONG
2024-11-24,ETHUSDT,3294.39,3095.819093426352,2872.509425597203,2956.843445647781,53.60879105924778,193.99428571428572,5.888625381763717,LONG
2024-11-25,ETHUSDT,3518.41,3136.065846433366,2897.838859887509,2962.4311725567586,60.25387849684108,198.52214285714285,5.642382293625327,LONG
2024-11-26,ETHUSDT,3296.32,3151.3281467730453,2913.4655712644694,2965.7534494467413,51.10433004402031,200.78857142857143,6.0912948812181895,LONG
2024-11-27,ETHUSDT,3552.79,3189.562608985136,2938.537117489392,2971.594609153739,56.845668149131036,208.59785714285712,5.871381566117252,LONG
2024-11-28,ETHUSDT,3541.78,3223.1071224151233,2962.193701117259,2977.2680956298213,64.89428619109361,200.03285714285715,5.647805824835454,LONG
2024-11-29,ETHUSDT,3613.95,3260.330253613683,2987.7527716616805,2983.6032389568877,68.72287780738486,196.5842857142857,5.439596168023511,LONG
2024-11-30,ETHUSDT,3674.0,3299.7273723171415,3014.664427674948,2990.4728584697546,67.54231764403801,193.94857142857146,5.2789485963138665,LONG
2024-12-01,ETHUSDT,3728.59,3340.571432096461,3042.6615089425973,2997.81730763921,71.15095880307662,189.73142857142858,5.0885570301757115,LONG
2024-12-02,ETHUSDT,3672.13,3372.148438563465,3067.3465478075937,3004.5268866676756,67.41708502984545,195.14928571428572,5.314334887770468,LONG
2024-12-03,ETHUSDT,3571.79,3391.1619206050395,3087.128643972002,3010.1712957555596,64.80042555616771,197.51142857142858,5.52976038824871,LONG
2024-12-04,ETHUSDT,3821.0,3432.0988805474167,3115.9079128358453,3018.2392430614746,69.16590853617947,213.29928571428576,5.582289602572253,LONG
2024-12-05,ETHUSDT,3888.0,3475.518034780996,3146.1860339011064,3026.8935789514103,67.73343395350187,204.7157142857143,5.265321869488536,LONG
2024-12-06,ETHUSDT,3993.02,3524.803936230425,3179.3952090422395,3036.5067771707995,68.95702437798442,218.68857142857146,5.4767712515482385,LONG
2024-12-07,ETHUSDT,4004.71,3570.509275637051,3211.760494962152,3046.140640084523,66.43599869569944,210.6214285714286,5.259342838093859,LONG
2024-12-08,ETHUSDT,3990.79,3610.536011290665,3242.3106716303027,3055.5401362030852,73.15098002712695,204.3135714285715,5.119627227405388,LONG
2024-12-09,ETHUSDT,3824.0,3630.8659149772684,3265.1220178408794,3063.186503007035,60.560820010920594,201.49000000000004,5.269089958158997,LONG
2024-12-10,ETHUSDT,3567.75,3624.8548754556236,3276.9897818471195,3068.2070353154227,59.16392634557081,207.97500000000005,5.8293041833088095,LONG
2024-12-11,ETHUSDT,3787.34,3640.3296492217546,3297.0035158923306,3075.3625872028315,58.12103123766525,206.8278571428572,5.461032205792382,LONG
2024-12-12,ETHUSDT,3957.67,3670.5525397720635,3322.9120054651803,3084.1417654396196,62.968922483956064,212.74357142857144,5.375475252574658,LONG
2024-12-13,ETHUSDT,3886.21,3691.091345508057,3345.0021228979185,3092.122543892957,58.4937917264616,214.97714285714287,5.531794289478512,LONG
2024-12-14,ETHUSDT,3889.01,3709.9407411739567,3366.3357651372157,3100.0517723119324,56.95622634184218,210.16285714285712,5.404019458496047,LONG
2024-12-15,ETHUSDT,3894.76,3727.5425753478657,3387.058284151443,3107.9593168660426,55.55154649507889,209.86999999999995,5.388522014193428,LONG
2024-12-16,ETHUSDT,3941.21,3747.8918538861644,3408.789723988641,3116.250368439515,59.05018162249428,209.1814285714285,5.307543332413866,LONG
2024-12-17,ETHUSDT,3939.18,3766.109772563673,3429.589342655753,3124.4387229824056,63.23174552867196,209.83999999999992,5.326996989221104,LONG
2024-12-18,ETHUSDT,3867.98,3775.81169898618,3446.7811331398416,3131.8371436492475,51.94087318637009,200.26857142857133,5.177601006948622,LONG
2024-12-19,ETHUSDT,3613.92,3760.3934419398774,3453.3355985069065,3136.633987991046,40.19279488170381,210.40785714285707,5.822150383596124,WAIT
2024-12-20,ETHUSDT,3374.61,3723.652161755127,3450.248320134087,3139.0019085085482,29.812030320638797,222.6364285714285,6.597397286543585,WAIT
2024-12-21,ETHUSDT,3390.4,3691.913860635591,3447.9013271876524,3141.503382055727,29.999413959485068,228.95428571428562,6.753016921728575,WAIT
2024-12-22,ETHUSDT,3302.38,3654.815397717916,3442.1946084744113,3143.104144423332,28.618549784759878,230.91785714285703,6.99246776999791,WAIT
2024-12-23,ETHUSDT,3277.2,3618.852026506686,3435.7242316714933,3144.438431543498,31.378812439552647,226.26714285714277,6.904282401353069,WAIT
2024-12-24,ETHUSDT,3493.07,3606.8727858870016,3437.973085331435,3147.9074023739113,47.38486104885702,217.81999999999994,6.235775406733903,WAIT
2024-12-25,ETHUSDT,3472.99,3594.122044373954,3439.3462976713786,3151.1420550866087,37.20417151742609,204.30928571428564,5.882806622371088,WAIT
2024-12-26,ETHUSDT,3344.13,3570.313278243101,3435.6123252136777,3153.0623331454485,24.152806565222534,200.93928571428566,6.008716339205882,WAIT
2024-12-27,ETHUSDT,3326.32,3547.07582317233,3431.3263516758866,3154.7862900295736,25.296282242479336,200.2278571428571,6.019500743850775,WAIT
2024-12-28,ETHUSDT,3368.38,3530.0571733463935,3428.85786729644,3156.911600576543,27.797726167833716,199.46571428571426,5.921710563704637,WAIT
2024-12-29,ETHUSDT,3373.82,3515.1774425514986,3426.699519559325,3159.06989310812,27.778630903630898,198.575,5.885761540331138,WAIT
2024-12-30,ETHUSDT,3324.16,3496.9853051656414,3422.6783619295475,3160.712580738885,23.750818891072612,195.13285714285715,5.870140340502778,WAIT
2024-12-31,ETHUSDT,3412.85,3488.97241895939,3422.2929359715263,3163.2214107812847,29.14748460813135,191.6257142857143,5.614829666868286,WAIT
2025-01-01,ETHUSDT,3352.93,3476.0159981061147,3419.572820835388,3165.1090584352023,29.410353787727374,186.02857142857144,5.548239045508598,WAIT
2025-01-02,ETHUSDT,3463.51,3474.824950667437,3421.2958474692946,3168.078222032862,43.208070299023746,173.31357142857138,5.003986459648488,WAIT
2025-01-03,ETHUSDT,3565.13,3483.4254315562525,3426.9364024704987,3172.0289859927343,59.824872625260404,146.09999999999997,4.098027280912617,LONG
2025-01-04,ETHUSDT,3607.81,3495.2715809318474,3434.0294847265577,3176.365115485344,60.90900880106775,138.23857142857142,3.8316477704915566,LONG
2025-01-05,ETHUSDT,3629.6,3508.064763700243,3441.698916698065,3180.8749153312615,67.58793429652559,134.92071428571427,3.717233697534557,LONG
2025-01-06,ETHUSDT,3714.45,3527.720500490696,3452.395037611867,3186.184120153836,72.08534109161437,131.89999999999995,3.5509967828346043,LONG
2025-01-07,ETHUSDT,3462.64,3521.5223575868204,3452.7968008427742,3188.9349249284246,48.51683969391235,138.4664285714285,3.9988687409441495,WAIT
2025-01-08,ETHUSDT,3346.73,3504.8754663880754,3448.6373184567833,3190.505025177893,44.37183510448613,143.41857142857137,4.285334383967974,WAIT
2025-01-09,ETHUSDT,3320.58,3487.3235172082586,3443.6154628310273,3191.799303534332,48.84442132741885,140.72857142857137,4.238072006353449,WAIT
2025-01-10,ETHUSDT,3245.14,3464.2584203312817,3435.8321113474576,3192.3300567329957,46.22979751068176,142.8985714285714,4.403463993188934,WAIT
2025-01-11,ETHUSDT,3271.33,3445.8842850616356,3429.3810481573614,3193.1161258202296,45.425320298285136,144.0078571428571,4.402119539846396,WAIT
2025-01-12,ETHUSDT,3285.68,3430.6267341033845,3423.7457129355043,3194.0371593941577,45.8799222168206,145.5571428571428,4.430046226569319,WAIT
2025-01-13,ETHUSDT,3049.0,3394.2813308554432,3409.049802624308,3192.5940035792905,39.05193130998043,166.01499999999993,5.4448999672023595,SHORT
2025-01-14,ETHUSDT,3199.45,3375.7259660120676,3400.8302025213943,3192.6622224491484,41.90697956645075,175.16785714285706,5.474936540432171,WAIT
2025-01-15,ETHUSDT,3334.47,3371.7968263918706,3398.2278416382023,3194.0732451113463,49.33764854469258,180.82714285714283,5.422965054630656,WAIT
2025-01-16,ETHUSDT,3333.04,3368.105700068835,3395.6714556916063,3195.455998891333,44.92085613958593,182.35214285714284,5.471045737739206,WAIT
2025-01-17,ETHUSDT,3421.8,3373.2194429194224,3396.696104488014,3197.708178006842,44.36378793717706,184.30357142857142,5.386158496363651,WAIT
2025-01-18,ETHUSDT,3307.07,3366.9194959747156,3393.181355292406,3198.7963553401073,38.80809193485963,198.63214285714284,6.006287827507214,WAIT
2025-01-19,ETHUSDT,3383.68,3368.515734453314,3392.8087531240762,3200.6359935954297,41.20696806304437,213.9192857142857,6.322089728174228,WAIT
2025-01-20,ETHUSDT,3335.9,3365.409474029189,3390.577037315289,3201.981904106918,36.096113302627614,228.70857142857145,6.855978039766524,WAIT
2025-01-21,ETHUSDT,3295.1,3358.7133336454567,3386.832839773513,3202.9084523247598,42.7175519429714,218.3557142857143,6.626679441768514,WAIT
2025-01-22,ETHUSDT,3278.39,3351.0634923458892,3382.5801793902383,3203.659512500633,46.74911996955569,212.32285714285715,6.476436822429825,WAIT
2025-01-23,ETHUSDT,3259.33,3342.3269692653284,3377.7468390219938,3204.2134476996316,47.06659897893698,209.26785714285714,6.420578988407345,WAIT
2025-01-24,ETHUSDT,3383.69,3346.2663055257735,3377.979904158386,3205.999284040929,56.33846632446727,213.77428571428572,6.317785781625554,WAIT
2025-01-25,ETHUSDT,3334.62,3345.1571335709377,3376.279515760018,3207.279092159925,52.83605631783188,216.33214285714288,6.48746012610561,WAIT
2025-01-26,ETHUSDT,3315.31,3342.3145494213245,3373.8885543576644,3208.354026566294,51.321859079026034,214.43857142857146,6.468130323516396,WAIT
2025-01-27,ETHUSDT,3133.4,3322.4179256669127,3364.457630657364,3207.6082153566795,53.95872420262665,207.715,6.629061083806727,WAIT
2025-01-28,ETHUSDT,3181.36,3308.983837508159,3357.277331415899,3207.3470390844736,49.06124482361368,202.14714285714288,6.354110910338435,SHORT
2025-01-29,ETHUSDT,3101.12,3289.187281555001,3347.2319458701777,3206.2900536209468,37.16065277915333,199.37928571428571,6.429267029792002,SHORT
2025-01-30,ETHUSDT,3255.3,3285.959921406906,3343.6267715223275,3206.7777147789475,46.33813166522215,200.71,6.165637575645869,WAIT
2025-01-31,ETHUSDT,3427.66,3299.4551669872003,3346.9221922469424,3208.975548462739,50.25587731861528,203.6392857142857,5.941058498050731,WAIT
2025-02-01,ETHUSDT,3250.99,3294.839436797943,3343.1601454921606,3209.3936027068908,47.67692333184203,197.53785714285712,6.076236996818111,WAIT
2025-02-02,ETHUSDT,3081.19,3274.491871388615,3332.8868064532526,3208.1179449685137,38.36764830296645,191.89714285714282,6.228020435518187,SHORT
2025-02-03,ETHUSDT,2700.72,3219.846931256366,3308.095951298223,3203.069209197683,30.550554228672908,238.0471428571428,8.814210390456724,SHORT
2025-02-04,ETHUSDT,2777.18,3177.688175898617,3287.275717913979,3198.831505623577,34.480030685141685,243.16928571428568,8.755978572303045,SHORT
2025-02-05,ETHUSDT,2773.46,3139.190254384463,3267.1260819173526,3194.5989533288152,34.75056929033505,252.88071428571425,9.117878544695587,SHORT
2025-02-06,ETHUSDT,2705.57,3097.8930873002287,3245.104274783339,3189.7329935942003,33.75498709223187,257.7114285714285,9.525217553839985,SHORT
2025-02-07,ETHUSDT,2721.73,3062.0680313668736,3224.5797934192865,3185.076247389283,29.264503195088338,251.22714285714278,9.23042119744217,SHORT
2025-02-08,ETHUSDT,2605.24,3018.5605998081237,3200.2919583832363,3179.306732489887,28.078527548358394,252.97928571428562,9.710402332003412,SHORT
2025-02-09,ETHUSDT,2653.21,2983.7653045883026,3178.837763936835,3174.071939131779,30.437634434018022,255.81857142857137,9.641851622320562,SHORT
2025-02-10,ETHUSDT,2658.22,2952.760989865607,3158.4213810373512,3168.93908401604,34.32142432921114,244.36571428571423,9.192832582920687,SHORT
2025-02-11,ETHUSDT,2662.36,2925.1037527355493,3138.9679935456907,3163.898496115383,32.365652776645206,237.69357142857137,8.927927531534854,SHORT
2025-02-12,ETHUSDT,2606.9,2894.798633427402,3118.102582034095,3158.356222522195,32.92000165885622,236.33142857142852,9.065611591216713,SHORT
2025-02-13,ETHUSDT,2647.95,2871.289239767649,3099.6652258758954,3153.2775536413774,27.22978292655492,235.28357142857138,8.885499024852107,SHORT
2025-02-14,ETHUSDT,2734.33,2858.2455026469206,3085.3383542729193,3149.1089212668367,22.21500877635914,229.00428571428566,8.375151708619137,WAIT
2025-02-15,ETHUSDT,2691.05,2842.322121442452,3069.87606587006,3144.5511210552263,24.874358330042725,223.0185714285714,8.287418347060491,WAIT
2025-02-16,ETHUSDT,2694.2,2828.215252733647,3055.1436711300576,3140.070015373085,29.581165644819166,211.15999999999994,7.837577017296413,SHORT
2025-02-17,ETHUSDT,2755.72,2821.3109429494903,3043.401566379859,3136.2456371106664,54.374244448686134,157.94428571428566,5.731507036792043,WAIT
2025-02-18,ETHUSDT,2673.7,2807.252757906682,3028.903465737512,3131.643192960312,41.84220484359233,148.52928571428566,5.555196383823378,SHORT
2025-02-19,ETHUSDT,2696.99,2796.7515428679503,3015.8872513948645,3127.318285567672,44.15197075603002,140.99142857142851,5.227732715784208,SHORT
2025-02-20,ETHUSDT,2712.6,2788.73711021386,3003.993633693105,3123.191735462521,50.58434325802535,133.98285714285709,4.939278077964207,WAIT
2025-02-21,ETHUSDT,2723.31,2782.505956860159,2992.986432371807,3119.2128127216006,50.13253254596698,135.98857142857142,4.993503179166948,WAIT
2025-02-22,ETHUSDT,2775.68,2781.8558657306203,2984.4646114944812,3115.794575779097,66.02000150387249,136.26857142857142,4.909376132283672,WAIT
2025-02-23,ETHUSDT,2783.0,2781.9648308991327,2976.564038494698,3112.483186965375,63.20856485721847,134.6428571428571,4.838047328165905,WAIT
2025-02-24,ETHUSDT,2658.77,2770.23198986112,2964.1015271811802,3107.9686278910926,50.04504283163809,138.67714285714283,5.215838258184906,WAIT
2025-02-25,ETHUSDT,2409.8,2735.9051336838706,2942.3642123897616,3101.0216763697886,35.236625514403286,157.96428571428572,6.555078666872177,SHORT
2025-02-26,ETHUSDT,2428.47,2706.62559714255,2922.2114981783984,3094.3296198884973,39.10111535971263,160.7935714285714,6.621188296687684,SHORT
2025-02-27,ETHUSDT,2323.31,2670.11934979564,2898.7251649165005,3086.6577828746817,31.610549689581717,158.51928571428567,6.822993303273591,SHORT
2025-02-28,ETHUSDT,2223.01,2627.53750695796,2872.2265309982063,3078.064272597322,21.48561231318311,167.56285714285713,7.5376564722091715,WAIT
2025-03-01,ETHUSDT,2173.29,2584.2758396286304,2844.8172552727865,3069.061543516752,21.332388377037518,168.19928571428568,7.739385250669983,WAIT
2025-03-02,ETHUSDT,2229.51,2550.488616806856,2820.6875589875795,3060.707796815093,25.69892585581158,173.32642857142855,7.774193817091134,SHORT
2025-03-03,ETHUSDT,2287.24,2525.4173199681077,2799.7680468704198,3053.0115998318583,25.403225806451587,182.34357142857144,7.972209799958528,SHORT
2025-03-04,ETHUSDT,2074.49,2482.471860923526,2771.32577052256,3043.275066500198,22.336918886477974,194.35857142857142,9.368980878604932,WAIT
2025-03-05,ETHUSDT,2186.82,2454.3145408355713,2748.403975600107,3034.753125539997,28.236739499526507,205.00500000000005,9.374571295305515,SHORT
2025-03-06,ETHUSDT,2257.49,2435.5693464702786,2729.1524471452008,3027.0191640918383,31.456627144195892,210.8907142857143,9.341822744982894,SHORT
2025-03-07,ETHUSDT,2209.68,2414.056075377871,2708.780978629703,3018.8864360909247,29.68637532133674,210.4321428571428,9.523195343087815,SHORT
2025-03-08,ETHUSDT,2181.4,2391.898353913312,2688.0993716246167,3010.553237721861,26.040188362791895,206.23499999999993,9.45424956449986,SHORT
2025-03-09,ETHUSDT,2097.03,2363.8156535406156,2664.920180580514,3001.463454261942,23.961251432952963,210.8128571428571,10.052925191478284,WAIT
2025-03-10,ETHUSDT,2017.83,2330.8646389176997,2639.544095067553,2991.676056707097,24.809382320111908,206.6507142857142,10.24123510333944,WAIT
2025-03-11,ETHUSDT,1914.49,2291.2099114017283,2611.1106011433353,2980.957787486131,28.01651058541563,199.65714285714276,10.428737828724243,SHORT
2025-03-12,ETHUSDT,1869.85,2251.080396030135,2582.0415579612436,2969.901988605672,25.765279561309114,197.51357142857134,10.563070376156983,SHORT
2025-03-13,ETHUSDT,1875.41,2215.302263074884,2554.3305164725675,2959.011521057357,28.73057782167686,189.56785714285706,10.108075415128269,SHORT
2025-03-14,ETHUSDT,1922.2,2187.387761829657,2529.5410844540356,2948.694988509523,34.95062086631111,179.5271428571428,9.339670318236541,SHORT
2025-03-15,ETHUSDT,1937.83,2163.6203559411183,2506.3367282009362,2938.636630414901,37.80404425475489,172.6328571428571,8.908565619422607,SHORT
2025-03-16,ETHUSDT,1895.01,2138.0384172800595,2482.363131016586,2928.2522858336583,32.43024623917974,170.3421428571428,8.988983850066374,SHORT
2025-03-17,ETHUSDT,1919.47,2117.2223775391017,2460.288890584563,2918.2146511487463,29.98312741522888,151.80071428571424,7.90847026969498,SHORT
2025-03-18,ETHUSDT,1881.02,2094.7269130115683,2437.5724635028155,2907.894306361197,37.00409753476188,136.50785714285706,7.257118858005606,SHORT
2025-03-19,ETHUSDT,2048.99,2090.371016534276,2422.333935522313,2899.3479948551153,41.38551731896646,129.5849999999999,6.324335404272344,SHORT
2025-03-20,ETHUSDT,1972.17,2079.113776864345,2404.6804478547715,2890.1223431650146,32.3033220036222,125.71642857142852,6.374522914932715,SHORT
2025-03-21,ETHUSDT,1950.69,2066.8829409725026,2386.8769008800746,2880.7747576608854,33.394031879560416,118.26999999999998,6.062982841968738,SHORT
2025-03-22,ETHUSDT,1986.29,2059.207422784645,2371.1676106494833,2871.8744118135137,37.60624039231129,114.70642857142856,5.774908425830496,SHORT
2025-03-23,ETHUSDT,2007.06,2054.24100156706,2356.888880820092,2863.2692932880063,43.7825660304341,107.25642857142859,5.343957259445586,SHORT
2025-03-24,ETHUSDT,2089.77,2057.6247157035305,2346.413630591853,2855.572782907031,54.94745818661973,104.66357142857144,5.0083775453074475,WAIT
2025-03-25,ETHUSDT,2067.67,2058.5814094460516,2335.482507823545,2847.7329542213893,61.8597088882007,89.89214285714289,4.347509170087243,WAIT
2025-03-26,ETHUSDT,2012.27,2054.170799022618,2322.8075075167394,2839.419890000281,60.845924211039375,85.84785714285717,4.266219599897488,WAIT
2025-03-27,ETHUSDT,2005.49,2049.5345324490354,2310.3636836925534,2831.1220801495324,59.88780443309313,84.89000000000006,4.232880742362219,WAIT
2025-03-28,ETHUSDT,1872.13,2032.6388626919845,2293.1780490379438,2821.5798703968007,46.63666286021361,87.69928571428576,4.684465593430251,SHORT
2025-03-29,ETHUSDT,1840.24,2014.315161483224,2275.4157726050835,2811.815294571957,43.584754341909786,90.42857142857146,4.913955322597675,SHORT
2025-03-30,ETHUSDT,1813.75,1995.2137175324408,2257.3112325029233,2801.8842966160173,44.54103294459074,88.19000000000004,4.862301860785667,SHORT
2025-03-31,ETHUSDT,1842.23,1980.6438396722083,2241.0335371106517,2792.335497644714,44.83896832821061,88.7528571428572,4.817686018730408,SHORT
2025-04-01,ETHUSDT,1918.58,1974.7329977986647,2228.3883003612145,2783.6414130910352,52.388705164080385,90.99642857142861,4.742905094988409,WAIT
2025-04-02,ETHUSDT,1901.21,1967.7308075321253,2215.557778778422,2774.861001020478,38.374764002517324,83.05214285714291,4.368383443025384,SHORT
2025-04-03,ETHUSDT,1782.27,1950.0678734814467,2198.566101179268,2764.98447364714,35.98978929351354,90.40571428571432,5.072503845417042,SHORT
2025-04-04,ETHUSDT,1795.24,1935.3223617213089,2182.749391329101,2755.3352749043825,38.38555909206377,91.64357142857146,5.104808907364557,SHORT
2025-04-05,ETHUSDT,1782.01,1920.7211844145174,2167.034121080901,2745.650446298369,34.20938717457176,90.96000000000004,5.104348460446352,SHORT
2025-04-06,ETHUSDT,1759.55,1905.371547803611,2151.054351626748,2735.8385015590816,30.917613680168998,93.53428571428574,5.315807207199895,SHORT
2025-04-07,ETHUSDT,1556.56,1872.1514003937434,2127.7408476413852,2724.1043871157076,15.322381342594383,109.43500000000003,7.030567405047029,WAIT
2025-04-08,ETHUSDT,1531.77,1839.7341241657678,2104.369441851527,2712.2403633633126,15.268956578094617,112.01785714285715,7.312968470648802,WAIT
2025-04-09,ETHUSDT,1485.26,1805.974683769028,2080.0906402102905,2700.031603528852,15.446951915133553,117.1014285714286,7.8842376803676535,WAIT
2025-04-10,ETHUSDT,1495.98,1776.45138055293,2057.184340594201,2688.050990558416,16.766029613202008,127.905,8.549913768900653,WAIT
2025-04-11,ETHUSDT,1565.44,1756.3550585955081,2037.900248806193,2676.8807319458942,28.176190137337215,124.61785714285715,7.960564259432309,SHORT
2025-04-12,ETHUSDT,1655.87,1746.7850530149835,2022.9186704216365,2666.7214211802634,37.88935745346102,127.72000000000001,7.7131658886265235,SHORT
2025-04-13,ETHUSDT,1586.62,1731.531238442128,2005.8089186403959,2655.974143357574,35.87412152497045,130.38214285714287,8.21760363900259,SHORT
2025-04-14,ETHUSDT,1627.93,1721.6644538285918,1990.990137517243,2645.7448483987923,36.88141237542545,133.4507142857143,8.19757079762117,SHORT
2025-04-15,ETHUSDT,1621.02,1712.0792677496784,1976.4815046734298,2635.548581250546,30.092059838895295,129.76142857142858,8.004924588927254,SHORT
2025-04-16,ETHUSDT,1590.69,1700.5183851068518,1961.3524260587856,2625.151978452033,29.579113507825866,130.09285714285716,8.178391587478211,SHORT
2025-04-17,ETHUSDT,1583.17,1689.3423484300088,1946.5217426839313,2614.783998566938,34.65818024904452,120.64714285714287,7.620605674510182,SHORT
2025-04-18,ETHUSDT,1583.17,1679.2306961985794,1932.272654735542,2604.5191826607993,33.325470585460224,118.25142857142859,7.469281793580512,SHORT
2025-04-19,ETHUSDT,1607.28,1672.3782489415719,1919.527844745913,2594.596404723876,36.492524621592786,116.87357142857145,7.271512830905098,SHORT
2025-04-20,ETHUSDT,1573.5,1662.9612728518985,1905.9581253441124,2584.4362414927928,35.864825029250426,115.7464285714286,7.355985292114942,SHORT
2025-04-21,ETHUSDT,1623.3,1659.1840087707653,1894.8734929776767,2574.8726968013225,56.60896775726847,97.04714285714287,5.978386179827689,WAIT
2025-04-22,ETHUSDT,1703.01,1663.357912697359,1887.3494344295325,2566.1974460868814,65.29365533009431,103.34500000000001,6.068373057116518,WAIT
2025-04-23,ETHUSDT,1794.6,1675.8571591071343,1883.7122017068057,2558.519859558654,75.56867023738675,103.61285714285715,5.773590613109169,WAIT
2025-04-24,ETHUSDT,1764.62,1684.310763001693,1879.041919286931,2550.620358468518,71.51943349674772,95.04642857142858,5.386226415399835,WAIT
2025-04-25,ETHUSDT,1806.48,1695.945928430103,1876.1963538246985,2543.2159767922144,70.20181702370176,93.24214285714287,5.161537512573783,WAIT
2025-04-26,ETHUSDT,1800.2,1705.8748876272361,1873.2161046551025,2535.822782993287,64.08289912768575,88.86285714285715,4.936276921611885,WAIT
2025-04-27,ETHUSDT,1793.86,1714.254422138928,1870.104100550981,2528.4400687346474,73.05125467164976,87.38785714285714,4.871498173929802,WAIT
2025-04-28,ETHUSDT,1763.28,1718.9235247923634,1865.914920137217,2520.8265357124124,65.42309533034025,83.55285714285715,4.738490605170884,WAIT
2025-04-29,ETHUSDT,1814.99,1728.0727129073764,1863.9178644455615,2513.803286600846,70.05521205980273,86.29785714285713,4.754729069739069,WAIT
2025-04-30,ETHUSDT,1764.74,1731.5648354876262,1860.0285364280885,2506.349920565017,67.28366864610435,88.01071428571427,4.9871773907609205,WAIT
2025-05-01,ETHUSDT,1852.99,1743.129136869757,1859.752515391693,2499.8488268280516,73.09153772422292,91.035,4.912870549760117,WAIT
2025-05-02,ETHUSDT,1841.12,1752.4616000250182,1859.0218285135873,2493.2943111382206,71.63610742983676,92.02285714285713,4.998199853505319,WAIT
2025-05-03,ETHUSDT,1834.53,1760.2776381178737,1858.0613646503093,2486.739442370676,69.638258525035,93.57214285714284,5.10060576044779,WAIT
2025-05-04,ETHUSDT,1830.8,1766.994053535219,1856.9922915267678,2480.2126817500725,73.45316658766907,91.69571428571427,5.008505259215331,WAIT
2025-05-05,ETHUSDT,1800.99,1770.231762722341,1854.7961232316004,2473.4542471057935,66.80919496736354,89.77,4.984480757805429,WAIT
2025-05-06,ETHUSDT,1770.09,1770.2182615106894,1851.47431447742,2466.4555978808603,56.991286947096334,82.12714285714286,4.639715656104654,WAIT
2025-05-07,ETHUSDT,1817.31,1774.703188985862,1850.1345374390899,2459.9964377029414,52.60812642120496,77.55999999999999,4.267846432364318,WAIT
2025-05-08,ETHUSDT,2051.3,1801.0457424157798,1858.0233791081453,2455.929806482017,72.41859301198036,91.9557142857143,4.482801846912412,WAIT
2025-05-09,ETHUSDT,2301.3,1848.6890050428485,1875.4067760058651,2454.391201442395,79.19223145176514,118.05642857142857,5.1299886399612635,WAIT
2025-05-10,ETHUSDT,2433.46,1904.3814807530534,1897.291216162498,2454.182930781277,82.52825148962398,126.08000000000001,5.181100161909381,WAIT
2025-05-11,ETHUSDT,2462.51,1957.5365778241912,1919.4566586659294,2454.2657871914134,83.56306030458484,133.4821428571429,5.420572621314954,WAIT
2025-05-12,ETHUSDT,2486.92,2007.9540466028398,1941.7101230319713,2454.5907047317974,86.54968988019476,141.19285714285718,5.6774185395130194,WAIT
2025-05-13,ETHUSDT,2566.21,2061.121280259712,1966.2003142856195,2455.70134448571,86.91426212752575,146.11857142857144,5.69394443278498,WAIT
2025-05-14,ETHUSDT,2597.49,2112.2040154730726,1990.9567725489285,2457.112176878887,91.6979620449652,151.72714285714287,5.841298440307485,WAIT
2025-05-15,ETHUSDT,2563.76,2155.20934733278,2013.4196442136765,2458.1733492482517,87.6455197398388,155.57714285714286,6.068319298886903,WAIT
2025-05-16,ETHUSDT,2594.93,2197.087504729658,2036.2239718915716,2459.534111942299,89.12522188658096,161.31214285714285,6.2164352355224555,WAIT
2025-05-17,ETHUSDT,2474.48,2223.505837612548,2053.4104827977844,2459.682827246356,79.70460178798544,168.61357142857145,6.8141012022150695,WAIT
2025-05-18,ETHUSDT,2578.99,2257.3614721256386,2074.021444256695,2460.869963293656,81.75759993887793,175.7128571428572,6.813243058052075,WAIT
2025-05-19,ETHUSDT,2466.63,2277.291808113673,2089.417858207413,2460.927277091729,76.4033890775236,190.03357142857143,7.704178228131962,WAIT
2025-05-20,ETHUSDT,2482.79,2296.8630644837995,2104.844216709083,2461.144816623155,78.60456902502854,194.04928571428576,7.8157752252218575,WAIT
2025-05-21,ETHUSDT,2567.01,2322.591344056771,2122.968365073433,2462.1982015323774,79.2216903911817,200.17142857142855,7.797843739269755,WAIT
2025-05-22,ETHUSDT,2664.48,2355.1521684323166,2144.20411546271,2464.2109557459858,76.74698584963275,196.75357142857143,7.384314066105635,WAIT
2025-05-23,ETHUSDT,2568.53,2375.473866676858,2160.8443462288783,2465.2489561863244,63.46640328156341,181.16785714285712,7.053367379117905,LONG
2025-05-24,ETHUSDT,2555.64,2392.6325460409666,2176.3265287297068,2466.148369557605,56.99819002451486,174.66571428571427,6.83451950531821,LONG
2025-05-25,ETHUSDT,2511.7,2403.9723035608745,2189.478429563836,2466.601619611758,52.770237545476036,169.32142857142858,6.741307822249018,LONG
2025-05-26,ETHUSDT,2565.99,2419.4025603646005,2204.2435891887835,2467.5905587200987,54.30800579703827,163.54642857142855,6.373619093271158,LONG
2025-05-27,ETHUSDT,2668.2,2443.097554615591,2222.437958240204,2469.5866725636797,55.42136653094203,164.0585714285714,6.148660948526026,LONG
2025-05-28,ETHUSDT,2626.9,2460.6025494141063,2238.2992147798036,2471.15197930434,51.54683637511179,158.6692857142857,6.040172283462854,LONG
2025-05-29,ETHUSDT,2643.68,2478.038497088953,2254.1965004747135,2472.86867602768,54.279747242154855,159.02357142857142,6.015235256482306,LONG
2025-05-30,ETHUSDT,2598.21,2489.4834021281004,2267.6872259462934,2474.115853380639,50.172995780590725,157.5142857142857,6.062415498142402,LONG
2025-05-31,ETHUSDT,2536.3,2493.942125734948,2278.2210602229093,2474.7346011081945,53.475142221122944,155.61142857142855,6.135371547980465,LONG
2025-06-01,ETHUSDT,2523.23,2496.7314470935244,2287.829253939658,2475.2171423907002,46.506353224229976,151.5,6.004208890984968,WAIT
2025-06-02,ETHUSDT,2544.39,2501.270356894141,2297.8904596675147,2475.9054295310916,55.500693245805145,138.71071428571426,5.451629439107773,LONG
2025-06-03,ETHUSDT,2623.58,2512.9188943327945,2310.662598504083,2477.3748282422252,59.14398908878353,138.19714285714284,5.267502529259365,LONG
2025-06-04,ETHUSDT,2667.93,2527.6818567772902,2324.673084837256,2479.270899602999,56.912518151182205,133.29214285714286,4.996088460234822,LONG
2025-06-05,ETHUSDT,2589.43,2533.56263232231,2335.0557089612853,2480.3670100547106,44.72229645152669,123.71714285714289,4.777775141909335,WAIT
2025-06-06,ETHUSDT,2509.63,2531.2833340058996,2341.9017595902546,2480.658184084017,45.76173617707163,121.87214285714292,4.856179710042633,WAIT
2025-06-07,ETHUSDT,2519.75,2530.184921243433,2348.8762003906368,2481.0471573767136,47.40712913060441,120.6642857142858,4.788740379572807,WAIT
2025-06-08,ETHUSDT,2514.44,2528.6854049345347,2355.3688984145333,2481.3794244674928,50.209653230496144,117.05000000000008,4.655112072668271,LONG
2025-06-09,ETHUSDT,2534.11,2529.202033036008,2362.3783533786695,2481.9041068111,47.42421304375931,114.7835714285715,4.529541788974098,WAIT
2025-06-10,ETHUSDT,2732.95,2548.6066013182926,2376.9105748148004,2484.402075897557,54.52499755405539,121.23000000000012,4.43586600559835,LONG
2025-06-11,ETHUSDT,2865.21,2578.7593059546457,2396.059571880887,2488.191209470716,64.77561598650846,124.5592857142858,4.347300397328147,LONG
2025-06-12,ETHUSDT,2719.79,2592.1908006256317,2408.754882787519,2490.495675048122,54.069748788860736,123.68928571428579,4.5477513232376685,LONG
2025-06-13,ETHUSDT,2551.27,2588.2935815184287,2414.3437109134984,2491.1003946993847,47.78191509469625,139.23285714285723,5.457394048566291,WAIT
2025-06-14,ETHUSDT,2519.42,2581.734192802388,2418.4643497012044,2491.382181816804,49.17903624302083,135.75428571428577,5.388314997669534,WAIT
2025-06-15,ETHUSDT,2541.81,2577.93188872597,2423.3014340266473,2491.8839511519604,50.89552526557289,134.6442857142858,5.297181367383312,LONG
2025-06-16,ETHUSDT,2632.25,2583.1050421806394,2431.495495437367,2493.2806282549263,53.96960222651944,140.65571428571437,5.343554536450351,LONG
2025-06-17,ETHUSDT,2499.0,2575.0950381634357,2434.1427309104115,2493.3375374265192,44.63350334275278,145.45785714285722,5.820642542731382,WAIT
2025-06-18,ETHUSDT,2508.96,2568.7964631002515,2437.0767414629445,2493.49298481531,42.943009597542456,144.72500000000008,5.768326318474591,WAIT
2025-06-19,ETHUSDT,2492.97,2561.574895185942,2439.268633954594,2493.4877809863024,45.46633829031226,142.80000000000004,5.728107438115984,WAIT
2025-06-20,ETHUSDT,2493.78,2555.1182385015663,2441.406334583826,2493.49068863818,49.19529258856859,133.7907142857143,5.364976633292202,WAIT
2025-06-21,ETHUSDT,2423.59,2542.5917395966553,2440.7076547962247,2492.795159397999,45.39860273710404,138.23571428571427,5.703758238221575,WAIT
2025-06-22,ETHUSDT,2174.91,2507.5744310636405,2430.2842173532354,2489.632122986079,36.82224999417824,153.82428571428568,7.072673614737424,WAIT
2025-06-23,ETHUSDT,2248.54,2482.9044852480556,2423.1569931433046,2487.233196389203,39.362106345410254,163.14357142857142,7.255533431852287,WAIT
2025-06-24,ETHUSDT,2438.1,2478.6373914149076,2423.7429934121947,2486.7443088629425,38.939945234254864,163.29142857142853,6.69748691897086,WAIT
2025-06-25,ETHUSDT,2405.68,2471.6890684230116,2423.0346407293637,2485.9376988245053,31.367031327294413,159.13999999999996,6.615177413454822,WAIT
2025-06-26,ETHUSDT,2433.03,2468.007252382725,2423.426615602722,2485.4112540600827,37.14126847467358,155.9807142857143,6.410965515662129,WAIT
2025-06-27,ETHUSDT,2438.25,2465.1732283462748,2424.007924794772,2484.9419878505296,44.062454031563256,137.9085714285714,5.65604722356491,WAIT
2025-06-28,ETHUSDT,2436.09,2462.403397075201,2424.4817316655653,2484.4558984191813,45.4812645735047,136.5442857142857,5.605059160962267,WAIT
2025-06-29,ETHUSDT,2436.68,2459.9535497347056,2424.9600951296607,2483.980516345359,44.16106637045266,134.61499999999998,5.524525173596861,WAIT
2025-06-30,ETHUSDT,2474.78,2461.3655926171145,2426.913816889282,2483.888968919037,40.714226745763135,130.83642857142854,5.28679028323441,WAIT
2025-07-01,ETHUSDT,2423.54,2457.763155225008,2426.781510344604,2483.2884816661112,45.07376942159552,124.955,5.155887668451934,WAIT
2025-07-02,ETHUSDT,2498.81,2461.672378536912,2429.606156997757,2483.4429246346076,49.38944430408681,127.47142857142856,5.101285354685973,WAIT
2025-07-03,ETHUSDT,2570.52,2472.038818676254,2435.1321900566686,2484.3093631954575,54.37182190251768,131.80571428571426,5.12758952607699,LONG
2025-07-04,ETHUSDT,2500.52,2474.7513121356583,2437.6964178975836,2484.4706630641595,50.352466217629576,133.325,5.33189096667893,LONG
2025-07-05,ETHUSDT,2507.67,2477.886425265596,2440.4404799408157,2484.7015022376504,54.707305056657844,128.0914285714286,5.1079858422929885,LONG
2025-07-06,ETHUSDT,2558.72,2485.5848609545865,2445.0788924921562,2485.4380047029476,77.59436336185203,114.52214285714288,4.475759084899594,WAIT
2025-07-07,ETHUSDT,2533.81,2490.177731339864,2448.558543766974,2485.919318088988,72.05479875682278,105.95285714285716,4.181562830001348,LONG
2025-07-08,ETHUSDT,2564.68,2497.273185497972,2453.1123263643476,2486.703006466212,62.96819932792393,93.23071428571428,3.635179214783688,LONG
2025-07-09,ETHUSDT,2656.83,2512.4690725934033,2461.1012547422165,2488.3958123720213,72.92476769447032,94.85785714285716,3.5703397335492735,LONG
2025-07-10,ETHUSDT,2769.32,2536.931065679746,2473.188264360169,2491.1910779205587,76.5669684473306,98.51642857142858,3.5574230703359877,WAIT
2025-07-11,ETHUSDT,2951.09,2576.3747737102462,2491.9295088950644,2495.767186597966,81.67790872927631,112.0957142857143,3.7984512260118906,WAIT
2025-07-12,ETHUSDT,2916.05,2608.7247952616513,2508.5616850168267,2499.9491051392797,78.48968350072417,115.33785714285715,3.9552770749080826,WAIT
2025-07-13,ETHUSDT,2992.43,2645.268148093875,2527.5369130553827,2504.849412550829,80.2653219043055,120.38000000000001,4.022817576350993,WAIT
2025-07-14,ETHUSDT,3012.49,2680.2416577992203,2546.5546811708577,2509.9005626747016,79.86979079869789,122.50571428571432,4.0665932263912685,WAIT
2025-07-15,ETHUSDT,3039.93,2714.497690389771,2565.9027328896477,2515.174487424207,85.17043444521792,123.89857142857143,4.075704750720295,WAIT
2025-07-16,ETHUSDT,3244.49,2764.973148447888,2592.513998266524,2522.431358196106,87.07710972771933,131.46714285714285,4.052012576927124,WAIT
2025-07-17,ETHUSDT,3420.49,2827.4033247861844,2624.983645393327,2531.367265079727,88.29142151783543,138.94714285714286,4.062199943784162,WAIT
2025-07-18,ETHUSDT,3563.68,2897.5249129017857,2661.7952671426087,2541.6390335863966,94.93263232634018,153.53071428571434,4.308207086093991,WAIT
2025-07-19,ETHUSDT,3552.0,2959.855873577806,2696.705256666428,2551.692376535786,93.96845712745984,160.07714285714292,4.506676319176321,WAIT
2025-07-20,ETHUSDT,3786.05,3038.541028475158,2739.4246583657837,2563.9745419433902,94.77378355306841,172.58928571428575,4.558558014666625,WAIT
2025-07-21,ETHUSDT,3810.37,3112.0485495727617,2781.4225149004587,2576.376486799675,96.58978102189782,179.49857142857147,4.710791115523465,WAIT
2025-07-22,ETHUSDT,3718.11,3169.768687708689,2818.155357453382,2587.73701926933,90.29055673156864,187.50714285714292,5.043076801308808,WAIT
2025-07-23,ETHUSDT,3644.22,3214.954526974528,2850.550049317955,2598.249287734312,84.93627620954902,192.9071428571429,5.293509800647132,WAIT
2025-07-24,ETHUSDT,3730.76,3264.078857738859,2885.068086599604,2609.5180510404384,84.65447887080265,199.8628571428572,5.35716200299288,WAIT
2025-07-25,ETHUSDT,3634.2,3299.328490335158,2914.4458086937375,2619.7138913285935,76.2337073818905,193.38357142857149,5.321214336816122,WAIT
2025-07-26,ETHUSDT,3735.72,3340.8895864937144,2946.6526397253556,2630.818429723334,79.94884723592384,197.76142857142864,5.293796873733274,WAIT
2025-07-27,ETHUSDT,3818.53,3386.3791496847894,2980.843908755734,2642.6364552982263,80.04262190154776,199.45714285714288,5.223401226575223,WAIT
2025-07-28,ETHUSDT,3808.11,3426.5439925719525,3013.285716255509,2654.233206986801,79.13846649673316,201.2364285714286,5.284417429418493,WAIT
2025-07-29,ETHUSDT,3761.57,3458.4512313746236,3042.6301979709797,2665.2514835341963,76.06440614299954,202.68357142857147,5.388270627120364,WAIT
2025-07-30,ETHUSDT,3797.25,3490.7177807675166,3072.2231313838824,2676.515150364702,72.73871620620999,194.2678571428572,5.1160144089237525,LONG
2025-07-31,ETHUSDT,3788.38,3519.0665635515625,3100.3077144668673,2687.5784822018695,67.54647868514685,191.1128571428572,5.044711912291196,LONG
2025-08-01,ETHUSDT,3616.1,3528.3078432133184,3120.534862919147,2696.817502279463,52.43266321397412,187.15500000000003,5.17560355078676,LONG
2025-08-02,ETHUSDT,3459.33,3521.73852481205,3133.8209467262395,2704.4046913115085,46.20984695421714,191.08571428571432,5.523778138706463,WAIT
2025-08-03,ETHUSDT,3476.49,3517.4291414966165,3147.2589488154067,2712.0871321939812,34.60850022871462,184.2864285714286,5.3009336592778515,WAIT
2025-08-04,ETHUSDT,3648.89,3529.9492232588436,3166.9307547442145,2721.4085537641904,43.00164687527088,185.66857142857143,5.088357594462191,WAIT
2025-08-05,ETHUSDT,3570.43,3533.80453532943,3182.754254558167,2729.856528353602,43.522238792876564,184.31071428571428,5.162143335276544,WAIT
2025-08-06,ETHUSDT,3664.69,3546.269817679008,3201.653695555886,2739.158353942123,50.882122264645304,179.5,4.898095063975397,LONG
2025-08-07,ETHUSDT,3837.01,3573.959358852436,3226.5696290634983,2750.0822509178233,54.263472573331725,176.56642857142856,4.601667146330829,LONG
2025-08-08,ETHUSDT,3954.56,3610.2070389617274,3255.1182710610083,2762.0671041425217,62.642063391842406,180.21285714285713,4.5570899706378745,LONG
2025-08-09,ETHUSDT,4209.57,3667.289225727277,3292.547750627243,2776.470118031651,66.67863403096027,189.41428571428568,4.4996112599216955,LONG
2025-08-10,ETHUSDT,4217.94,3719.7321566103933,3328.837642759508,2790.813101931834,64.8359322184995,192.69785714285717,4.568530067825933,LONG
2025-08-11,ETHUSDT,4329.74,3777.8281416951177,3368.088715592469,2806.1258073852487,68.01868087076069,193.7957142857143,4.475920362093666,LONG
2025-08-12,ETHUSDT,4472.62,3843.9987948670114,3411.403667922176,2822.7078391525597,73.0290644574138,203.46928571428572,4.549219153746254,LONG
2025-08-13,ETHUSDT,4664.38,3922.1303382130104,3460.539994670326,2841.032935280395,75.50547388360422,216.21571428571426,4.635465255526228,WAIT
2025-08-14,ETHUSDT,4618.87,3988.486496478438,3505.964700761686,2858.722856322381,73.91234243001847,225.90499999999997,4.890914877448379,LONG
2025-08-15,ETHUSDT,4430.86,4030.617306337634,3542.2351046533845,2874.366011980865,73.24883293575152,227.56214285714282,5.1358459273626975,LONG
2025-08-16,ETHUSDT,4400.42,4065.8366104959546,3575.8894142748204,2889.5506287770754,78.94005276979944,221.88214285714278,5.042294664080765,WAIT
2025-08-17,ETHUSDT,4561.99,4113.0893142582445,3614.5600254797296,2906.191816550438,80.657952709649,223.5528571428571,4.9003364133384135,WAIT
2025-08-18,ETHUSDT,4345.52,4135.225570043173,3643.22512251974,2920.513490017598,69.19714948660999,233.73571428571427,5.378774330476312,LONG
2025-08-19,ETHUSDT,4192.14,4140.645991943824,3664.751196146417,2933.1664901169256,66.45318710865757,236.41428571428565,5.639465421342933,LONG
2025-08-20,ETHUSDT,4255.9,4151.62256413965,3687.933502179891,2946.328017578449,65.90274527525379,245.35071428571422,5.764954869374615,LONG
2025-08-21,ETHUSDT,4242.66,4160.29279612635,3709.687482486562,2959.2268432741857,61.932637152522425,239.91785714285712,5.654892382204964,LONG
2025-08-22,ETHUSDT,4616.08,4203.701101257174,3745.2322870949324,2975.712944336134,66.91330626604352,256.52642857142854,5.557235328924727,LONG
2025-08-23,ETHUSDT,4751.0,4255.824805899348,3784.674158189249,2993.377492153685,64.7486012214456,254.73071428571433,5.361623116937789,LONG
2025-08-24,ETHUSDT,4798.32,4307.491014861314,3824.424975515161,3011.33711909743,65.48109342324273,249.74571428571426,5.204857414380747,LONG
2025-08-25,ETHUSDT,4612.57,4336.546156303094,3855.332623534174,3027.2697845790476,57.25789481787901,267.8728571428571,5.807453483477911,LONG
2025-08-26,ETHUSDT,4519.02,4353.924617607561,3881.359579474011,3042.113070304629,51.2216312990364,271.0042857142857,5.996970265993194,LONG
2025-08-27,ETHUSDT,4657.57,4382.8432254544605,3911.7992038083635,3058.187268610056,49.81553613703957,261.6407142857143,5.617536919159869,WAIT
2025-08-28,ETHUSDT,4504.01,4394.382918268321,3935.0231566001926,3072.573564444782,47.06081046500916,251.19071428571428,5.577046105264293,WAIT
2025-08-29,ETHUSDT,4316.09,4386.926449861814,3949.966954380577,3084.946862311003,47.06297822248383,250.35500000000002,5.800504623397567,WAIT
2025-08-30,ETHUSDT,4376.35,4385.919168922594,3966.6878581303586,3097.7966447755703,49.39329626399553,252.90357142857147,5.778869867094072,WAIT
2025-08-31,ETHUSDT,4485.27,4395.381152834728,3987.024412713482,3111.6023498026793,48.01348510113827,251.37857142857152,5.6045359906665935,WAIT
2025-09-01,ETHUSDT,4362.01,4392.202947802849,4001.729729861973,3124.044216968822,50.44863179545219,237.4742857142858,5.4441481269938805,LONG
2025-09-02,ETHUSDT,4295.66,4383.008381345435,4013.256407122288,3135.702085456695,52.95639657752543,236.5414285714287,5.506521199802329,LONG
2025-09-03,ETHUSDT,4480.03,4392.248535503012,4031.561253901806,3149.07848261633,55.98832953045598,235.15857142857152,5.24904010527991,LONG
2025-09-04,ETHUSDT,4305.33,4383.9705797408205,4042.297283160559,3160.5834728390532,51.541431979732884,238.48428571428576,5.539280048551116,LONG
2025-09-05,ETHUSDT,4283.39,4374.391476908361,4051.7518995072037,3171.755677089411,40.10657975341537,222.05500000000004,5.184094840768644,WAIT
2025-09-06,ETHUSDT,4270.24,4364.472288631375,4060.320060310843,3182.6858693571785,34.58707360861757,208.36428571428573,4.879451405876151,WAIT
2025-09-07,ETHUSDT,4299.38,4358.273023047434,4069.6949599064965,3193.7972537416845,33.815572653786774,206.1935714285715,4.795890836087331,WAIT
2025-09-08,ETHUSDT,4371.64,4359.546068471488,4081.5359418709477,3205.5170820626627,41.563662084275855,183.08142857142866,4.1879347011974595,WAIT
2025-09-09,ETHUSDT,4284.94,4352.440728617061,4089.512571601499,3216.257608609303,41.764010470909426,166.69642857142864,3.8902861783695606,WAIT
2025-09-10,ETHUSDT,4404.9,4357.43684970115,4101.8807060485,3228.0848960858275,40.99209263524162,167.41714285714286,3.8007024644632765,WAIT
2025-09-11,ETHUSDT,4412.52,4362.682864015326,4114.062639144637,3239.8703200053715,46.35947634395768,166.71214285714288,3.7781617501369484,WAIT
2025-09-12,ETHUSDT,4541.98,4379.758781728152,4130.8437121193565,3252.826635229199,59.42708811525007,159.45071428571433,3.5105992163266757,LONG
2025-09-13,ETHUSDT,4653.92,4405.869373944518,4151.356507722519,3266.767862739356,61.10484329116555,164.96928571428575,3.544738321979874,LONG
2025-09-14,ETHUSDT,4582.22,4422.664671664088,4168.253115262813,3279.8569387319994,53.99777328769946,161.4978571428571,3.524445730297914,LONG
2025-09-15,ETHUSDT,4500.01,4430.030893410365,4181.263189174075,3291.9977652122784,55.8898847631242,165.68571428571417,3.6818965799123595,LONG
2025-09-16,ETHUSDT,4468.2,4433.666046418902,4192.515613128033,3303.701270036037,57.587777934140156,159.1199999999999,3.561165570028197,LONG
2025-09-17,ETHUSDT,4489.54,4438.987375331388,4204.163628299482,3315.5006603839374,50.4882281067428,150.65642857142853,3.3557208215413725,LONG
2025-09-18,ETHUSDT,4599.34,4454.259053871256,4219.660740915189,3328.2751811761373,66.17163349944443,153.14857142857142,3.329794523313593,LONG
2025-09-19,ETHUSDT,4474.93,4456.227715407326,4229.671300094986,3339.684681860952,59.468116658428045,150.04928571428567,3.35310911487522,LONG
2025-09-20,ETHUSDT,4498.2,4460.2250758447235,4240.201837346163,3351.2121974643255,61.15679019596326,149.45285714285708,3.3225036046164487,LONG
2025-09-21,ETHUSDT,4482.8,4462.375068621416,4249.715490783568,3362.4717775890585,59.09929753542088,148.38285714285706,3.3100485665846584,LONG
2025-09-22,ETHUSDT,4167.88,4434.3279192289,4246.50625585088,3370.4857897523516,41.85311945239656,170.37642857142848,4.087843905568982,WAIT
2025-09-23,ETHUSDT,4181.01,4410.202403111862,4243.937775229277,3378.5507072672535,45.58484923150125,171.05714285714274,4.091287580205327,WAIT
2025-09-24,ETHUSDT,4166.18,4386.962174244065,4240.888450710481,3386.3878146576294,38.864009553664765,168.04428571428565,4.033533973911008,WAIT
2025-09-25,ETHUSDT,4003.26,4350.419110030344,4231.569687937521,3392.5258463525784,33.32464103525268,174.45857142857136,4.357912586955915,WAIT
2025-09-26,ETHUSDT,3946.0,4311.903004313169,4220.370876645854,3398.0330518615083,24.19865967063228,176.45357142857137,4.471707334733182,WAIT
2025-09-27,ETHUSDT,4018.92,4283.999861045248,4212.470842267585,3404.211031444976,21.54813965158793,168.57428571428565,4.194517077082541,WAIT
2025-09-28,ETHUSDT,4021.69,4259.017969517129,4204.9892406100325,3410.3551007838323,23.2313584656969,165.1285714285714,4.105949773069814,WAIT
2025-09-29,ETHUSDT,4164.8,4250.044829563117,4203.413191958659,3417.862015203894,34.87169303811751,163.67357142857145,3.929926321277647,WAIT
2025-09-30,ETHUSDT,4119.87,4237.647226747582,4200.136988352437,3424.8471692814674,34.463564107367475,166.2564285714286,4.035477541073592,WAIT
2025-10-01,ETHUSDT,4327.23,4246.178919438288,4205.121028024891,3433.8261029204577,43.79088467747487,176.34642857142856,4.075272832075683,WAIT
2025-10-02,ETHUSDT,4437.09,4264.360927110833,4214.217850455288,3443.808828264533,43.79346487235003,170.8485714285714,3.850464413130484,WAIT
2025-10-03,ETHUSDT,4534.75,4290.112267385992,4226.787738672728,3454.663964301702,52.33609822390927,166.79857142857142,3.6782308049742856,LONG
2025-10-04,ETHUSDT,4455.05,4305.8206228730405,4235.739199901248,3464.618054209148,48.386034994800916,172.42428571428573,3.870310899188241,WAIT
2025-10-05,ETHUSDT,4532.0,4327.361515932751,4247.357270493356,3475.238770087664,51.75925396189712,180.55285714285716,3.983955365023327,LONG
2025-10-06,ETHUSDT,4673.39,4360.316609653441,4264.0644363563615,3487.1606728728616,70.63659892716302,166.17000000000004,3.555663019777935,LONG
2025-10-07,ETHUSDT,4511.99,4374.761694448352,4273.787007479642,3497.357979610445,62.05264154516187,177.80785714285722,3.940785709694774,LONG
2025-10-08,ETHUSDT,4447.14,4381.654866405652,4280.585164049068,3506.8085469775056,59.87154622368383,176.42642857142863,3.967188543005811,LONG
2025-10-09,ETHUSDT,4314.79,4375.286783890828,4281.926530164791,3514.848163425491,61.185916079597256,176.13214285714292,4.082055971603321,LONG
2025-10-10,ETHUSDT,4103.11,4349.365185425035,4274.914117217152,3520.7015150331977,55.07812247483725,185.29714285714292,4.516016944638164,LONG
2025-10-11,ETHUSDT,3825.13,4299.438024908365,4257.275524385107,3523.730654187096,44.46943190315014,243.84285714285718,6.374759998819836,WAIT
2025-10-12,ETHUSDT,4034.59,4274.2144034885205,4248.542758722946,3528.813831757374,50.32930340841792,270.23142857142864,6.697865918753297,LONG
2025-10-13,ETHUSDT,4135.0,4260.955888870566,4244.090101518124,3534.8455349239675,49.22233008695289,270.4028571428572,6.53936776645362,WAIT
2025-10-14,ETHUSDT,4085.4,4244.2362804067025,4237.866960282119,3540.323688805321,49.102647541196994,288.4635714285715,7.0608403443621555,WAIT
2025-10-15,ETHUSDT,3980.97,4219.16330132035,4227.792569682821,3544.7082292152186,40.4754307594129,288.9185714285715,7.2574918029669035,WAIT
2025-10-16,ETHUSDT,3907.18,4189.450605956507,4215.2195277344745,3548.3149135016347,35.12867285942805,291.70357142857154,7.465833962821564,WAIT
2025-10-17,ETHUSDT,3797.75,4152.145786341602,4198.848173705672,3550.7968546608226,29.452665856296917,303.07642857142866,7.980420737842898,WAIT
2025-10-18,ETHUSDT,3877.89,4126.026187642402,4186.261578658391,3554.0515128234015,33.91290290212167,302.9671428571429,7.812680165170825,WAIT
2025-10-19,ETHUSDT,3978.65,4111.990360247887,4178.119948122768,3558.276373392323,34.77859017313375,302.7435714285715,7.609203408909342,WAIT
2025-10-20,ETHUSDT,4003.98,4101.703659271898,4171.290930549326,3562.7112353486186,30.330099141401377,299.6557142857143,7.483946330543965,WAIT
2025-10-21,ETHUSDT,4081.66,4099.7947393412405,4167.775992096411,3567.8749046486323,36.70088819388216,297.3057142857143,7.283941197593976,WAIT
2025-10-22,ETHUSDT,3841.76,4075.2200022611223,4154.991051229885,3570.6001294779994,33.117672649391494,313.4528571428572,8.159095236112021,WAIT
2025-10-23,ETHUSDT,3876.94,4056.336192521968,4144.087088436556,3573.6482873936416,37.0899355455044,308.3842857142858,7.954321854717529,WAIT
2025-10-24,ETHUSDT,3888.92,4040.3917932341615,4134.080535948848,3576.785319359874,42.841578268396546,300.3550000000001,7.723352498894297,WAIT
2025-10-25,ETHUSDT,3932.71,4030.1363843547174,4126.183652186148,3580.326858470721,54.262687418771996,239.5792857142858,6.091964210793213,WAIT
2025-10-26,ETHUSDT,4075.29,4034.436728701887,4124.187822688652,3585.251864854097,51.70292887029288,221.2450000000001,5.428938799447403,WAIT
2025-10-27,ETHUSDT,4172.96,4047.6294212064695,4126.100457093019,3591.0997069948526,51.59193464512774,222.75357142857152,5.3380231640986615,WAIT
2025-10-28,ETHUSDT,4096.85,4052.317095377282,4124.953380344274,3596.1320482187843,50.46973588125734,205.8707142857143,5.02509767957612,WAIT
2025-10-29,ETHUSDT,3951.71,4042.7354672461124,4118.159522291558,3599.6701372912344,48.83840950233431,203.13357142857143,5.140396725179009,WAIT
2025-10-30,ETHUSDT,3773.69,4017.1120894131495,4104.650913574242,3601.4016782137096,45.105630962594695,207.81928571428574,5.5070576998716305,WAIT
2025-10-31,ETHUSDT,3860.99,4002.2433189928497,4095.095583630154,3603.9846465896926,52.35692243474112,201.74071428571432,5.225103258120698,WAIT
2025-11-01,ETHUSDT,3895.15,3992.043955279245,4087.2545803505404,3606.881814285318,50.66610064834827,198.35714285714292,5.092413459228603,WAIT
2025-11-02,ETHUSDT,3853.33,3978.8331023955075,4078.0810673956175,3609.334035038698,44.93312632413112,191.50500000000008,4.969857240360937,WAIT
2025-11-03,ETHUSDT,3588.89,3941.695664072126,4058.8971039683383,3609.130611804482,35.93649416914559,202.7485714285715,5.64933925053628,SHORT
2025-11-04,ETHUSDT,3507.58,3900.351315112876,4037.2768253813447,3608.1201579556814,30.59753954305799,201.13285714285718,5.734234347979438,SHORT
2025-11-05,ETHUSDT,3398.36,3852.542618435459,4012.2212636016843,3606.0329922048786,33.562192300848196,209.9614285714286,6.178316263474987,SHORT
2025-11-06,ETHUSDT,3300.0,3799.9195119177966,3984.291017970246,3602.9878878048303,29.568666336142783,210.5828571428572,6.381298701298703,SHORT
2025-11-07,ETHUSDT,3297.52,3752.071939354197,3957.358821187099,3599.9484063341356,28.914717626925267,208.30571428571434,6.317041724863362,SHORT
2025-11-08,ETHUSDT,3376.79,3716.330802272845,3934.5914164346636,3597.72792467907,30.668762344562822,216.8678571428572,6.422308083797251,SHORT
2025-11-09,ETHUSDT,3515.51,3697.2050115801935,3918.156851084285,3596.909835876293,30.48214111379201,218.87357142857147,6.225940800298433,SHORT
2025-11-10,ETHUSDT,3519.46,3680.276915239223,3902.521680453529,3596.1391907431957,25.621129597851237,215.29642857142858,6.117314263308251,SHORT
2025-11-11,ETHUSDT,3481.1,3661.30768521644,3885.9953400435866,3594.994522178587,26.36367126022033,216.30785714285716,6.2137788958334195,SHORT
2025-11-12,ETHUSDT,3427.85,3639.0736199577314,3868.028856120309,3593.331392604671,28.36469363818084,213.66500000000005,6.233207404057939,SHORT
2025-11-13,ETHUSDT,3386.85,3615.0523228189,3849.159097056767,3591.276851384724,31.984650348347685,209.28785714285718,6.179425045185266,SHORT
2025-11-14,ETHUSDT,3196.7,3575.209244455195,3823.5724657996393,3587.3507135600007,21.768140825676397,217.8764285714286,6.815667049501943,WAIT
2025-11-15,ETHUSDT,3186.05,3538.146459268986,3798.5715847878887,3583.357671634031,19.2492497701608,222.54500000000002,6.984981403305033,WAIT
2025-11-16,ETHUSDT,3105.44,3496.936320290987,3771.389954011893,3578.6022719162793,18.62272082700521,227.59214285714285,7.328821128636935,WAIT
2025-11-17,ETHUSDT,3121.04,3461.1366707394645,3745.886034246721,3574.049413489252,25.191689733066085,219.40642857142856,7.029914021333548,SHORT
2025-11-18,ETHUSDT,3106.87,3427.3969878118965,3720.82658192332,3569.40086211125,27.122940430925226,217.5457142857143,7.002086160209932,SHORT
2025-11-19,ETHUSDT,2973.16,3384.1363223060016,3691.5063238086805,3563.4681172146206,26.385124627893532,198.92928571428573,6.6908368777423926,SHORT
2025-11-20,ETHUSDT,2955.68,3343.3309582768584,3662.6503895416736,3557.4204742572615,28.989504515499135,197.93285714285716,6.696694403415024,SHORT
2025-11-21,ETHUSDT,2705.32,3282.5680098695384,3625.108021324353,3548.94186257311,22.25657746795592,209.49857142857147,7.743947903707193,WAIT
2025-11-22,ETHUSDT,2738.92,3230.7920089295826,3590.355549899869,3540.881943542532,18.781139573809966,203.62928571428574,7.434656204426772,WAIT
2025-11-23,ETHUSDT,2836.5,3193.2403890315272,3560.7925871586976,3533.873167984895,15.3732393647944,197.6557142857143,6.968295938153157,WAIT
2025-11-24,ETHUSDT,2846.47,3160.2146376951914,3532.779936681886,3527.0333354676327,15.889669434054028,195.18428571428575,6.857064564681369,WAIT
2025-11-25,ETHUSDT,2895.45,3134.998957914697,3507.786605831616,3520.7489241694475,20.632628295774765,192.55,6.650088932635688,WAIT
2025-11-26,ETHUSDT,2927.41,3115.22858097044,3485.0267389362584,3514.8450542772143,24.35797585620297,187.47571428571428,6.404149548089072,WAIT
2025-11-27,ETHUSDT,3010.97,3105.2991923065883,3466.436278585817,3509.8313721451027,31.545199238005438,183.63214285714284,6.0987702586589325,SHORT
2025-11-28,ETHUSDT,3073.77,3102.2964120869133,3451.0376009942165,3505.492453019281,43.10180353074532,167.66071428571428,5.454562777491949,SHORT
2025-11-29,ETHUSDT,3007.41,3093.2596109357787,3433.640440170914,3500.536408710632,40.56551957242747,162.06071428571428,5.388713686717617,SHORT
2025-11-30,ETHUSDT,3028.69,3087.11012417999,3417.760030752447,3495.8414195692326,45.675617809129946,157.87071428571429,5.212508189537862,SHORT
2025-12-01,ETHUSDT,2745.72,3054.596779019991,3391.4055197425473,3488.3775248471507,33.749285578205374,166.00785714285715,6.0460592173585495,SHORT
2025-12-02,ETHUSDT,3006.61,3050.026609589516,3376.3154993604867,3483.583818132254,46.423118087763115,173.8114285714286,5.780976866684691,SHORT
2025-12-03,ETHUSDT,3086.12,3053.4640753428953,3364.935283699291,3479.6289542702416,54.19208787946263,171.6957142857143,5.563481468177333,WAIT
2025-12-04,ETHUSDT,3208.15,3068.1960681673813,3358.78684120128,3476.927671143175,58.69476874332748,170.69714285714284,5.32073446868578,WAIT
2025-12-05,ETHUSDT,3106.34,3071.828823580012,3348.8869650757397,3473.2402316293123,65.38479244993476,157.90571428571428,5.083336475907798,WAIT
2025-12-06,ETHUSDT,3041.69,3068.9584594295347,3336.840025268848,3468.946199473797,61.345224266496786,157.4635714285714,5.176844827335179,WAIT
2025-12-07,ETHUSDT,3027.01,3064.9633680552934,3324.6898281994813,3464.548824354655,57.61157057812937,159.9392857142857,5.283738266946117,WAIT
2025-12-08,ETHUSDT,3101.54,3068.446856811932,3315.9388545446,3460.936796251624,59.69103578240287,164.09142857142857,5.2906436341762015,WAIT
2025-12-09,ETHUSDT,3245.88,3085.3452514012715,3313.1914484840277,3458.796927632205,62.41453339662881,166.75714285714284,5.137501782479415,WAIT
2025-12-10,ETHUSDT,3328.25,3108.479036982103,3313.7819799160266,3457.497953227905,63.71068149789982,169.63642857142855,5.096865577148008,WAIT
2025-12-11,ETHUSDT,3179.25,3115.2191286980933,3308.506215997751,3454.7293168773786,55.50935687065387,180.86214285714283,5.688830474393106,WAIT
2025-12-12,ETHUSDT,3071.41,3111.046830726846,3299.2083251743097,3450.915194321385,49.924948799816825,188.76500000000001,6.14587437040317,SHORT
2025-12-13,ETHUSDT,3109.63,3110.9118944671463,3291.773881049827,3447.519321741073,53.309975908608145,188.91214285714287,6.0750681867985215,WAIT
2025-12-14,ETHUSDT,3084.51,3108.3974283274183,3283.64588571454,3443.907288688923,51.80301816584409,188.08499999999998,6.09772702957682,WAIT
2025-12-15,ETHUSDT,3010.96,3099.1176732486165,3272.952321568872,3439.5993554681377,59.90781000194242,177.95285714285708,5.910170083390582,WAIT
2025-12-16,ETHUSDT,2963.31,3086.1836091297005,3260.809485428916,3434.8601579012907,48.07606860392784,166.27571428571423,5.6111481514156205,SHORT
2025-12-17,ETHUSDT,2904.66,3068.895646355443,3246.8428389415076,3429.5845344395866,41.78497700191953,164.18928571428566,5.652616337687911,SHORT
2025-12-18,ETHUSDT,2965.19,3059.0189181311152,3235.7976295712524,3424.963693300884,38.3521583216676,166.35999999999996,5.61043305825259,SHORT
2025-12-19,ETHUSDT,2964.99,3050.063783071009,3225.1777225292426,3420.386840631224,42.49200599152262,172.51571428571424,5.818424827257909,SHORT
2025-12-20,ETHUSDT,2977.27,3043.131041826151,3215.4558510575075,3415.9777178388736,46.37666486681066,168.59499999999994,5.662738011668406,SHORT
2025-12-21,ETHUSDT,2974.68,3036.611894985565,3206.013660819958,3411.5866957708254,47.01609132482578,162.1878571428571,5.452279140709491,SHORT
2025-12-22,ETHUSDT,3052.59,3038.133619272654,3199.997046670156,3408.014589345245,47.219539903436534,157.09999999999994,5.1464494085350445,SHORT
2025-12-23,ETHUSDT,2928.59,3027.7008936276393,3189.353633075248,3403.244195421412,31.550976264957995,155.45642857142852,5.308234630707218,SHORT
2025-12-24,ETHUSDT,2925.55,3017.972237091674,3179.0083925624936,3398.491019347567,24.205078275128827,151.70785714285714,5.1856183330606935,WAIT
2025-12-25,ETHUSDT,2961.14,3012.559643082943,3170.464534030631,3394.1392679112732,33.65409116117334,134.37214285714285,4.537851734708351,SHORT
2025-12-26,ETHUSDT,2923.19,3004.048248503615,3160.7674934804104,3389.4532055439972,37.592084114653126,126.36500000000001,4.322845932012631,SHORT
2025-12-27,ETHUSDT,2926.5,2996.6627010270804,3151.580532951767,3384.8467059863456,33.71801483009408,122.32500000000002,4.179907739620708,SHORT
2025-12-28,ETHUSDT,2949.46,2992.167205691168,3143.654237541894,3380.514499956631,37.946484354081505,119.79428571428573,4.061566717781755,SHORT
2025-12-29,ETHUSDT,2935.75,2986.7941384824853,3135.50113018731,3376.0889825441272,42.48456142454584,116.65714285714292,3.9736742862009,SHORT
2025-12-30,ETHUSDT,2989.77,2987.077553865106,3129.786183905455,3372.245012568564,52.61080633066266,113.37142857142862,3.7919782649310356,WAIT
2025-12-31,ETHUSDT,2985.76,2986.9520725446196,3124.138098262104,3368.3993905529564,58.96925458969258,109.02857142857147,3.651618731196461,WAIT
2026-01-01,ETHUSDT,2989.87,2987.2299703975127,3118.8726826439824,3364.6329289554146,53.11868176304082,97.03642857142862,3.2455066130443333,WAIT
2026-01-02,ETHUSDT,3086.64,2996.6975922644165,3117.60865587363,3361.8668301598386,62.35652615540886,88.71071428571433,2.874022052643468,WAIT
2026-01-03,ETHUSDT,3101.31,3006.6606787154246,3116.969492898194,3359.2742248846166,62.53841177421965,88.94285714285722,2.8679124996487686,WAIT
2026-01-04,ETHUSDT,3135.55,3018.9358521710983,3117.69814023552,3357.0481131942224,65.28339888654548,88.90642857142863,2.8354332914936338,WAIT
2026-01-05,ETHUSDT,3195.57,3035.758151964327,3120.7519386576564,3355.441365799255,64.0617623918175,88.3485714285715,2.764720266762158,WAIT
2026-01-06,ETHUSDT,3272.32,3058.2878517772483,3126.6957842004936,3354.614287532596,87.26878456033836,87.6978571428572,2.6799902559302637,WAIT
2026-01-07,ETHUSDT,3164.7,3068.422342084177,3128.1861456043957,3352.7245931292864,71.1364078270553,91.80428571428577,2.9008843086006815,WAIT
2026-01-08,ETHUSDT,3104.2,3071.8297380761605,3127.245512443439,3350.251711605612,62.110591900311526,96.82428571428575,3.1191381262253,WAIT
2026-01-09,ETHUSDT,3112.08,3075.6630963546213,3126.650786465265,3347.881843828442,66.84802968407155,95.86285714285714,3.0803468144410537,WAIT
2026-01-10,ETHUSDT,3095.64,3077.565658606562,3125.4346771921173,3345.3719747356217,64.74115391319503,99.17785714285712,3.203791692278725,WAIT
2026-01-11,ETHUSDT,3118.22,3081.4375006440323,3125.1517486747794,3343.111756081536,64.71778413451473,99.76285714285713,3.1993527442854304,WAIT
2026-01-12,ETHUSDT,3130.17,3086.0786910588863,3125.348542844396,3340.992932637939,67.00783819721462,96.7921428571428,3.0922327815148316,WAIT
2026-01-13,ETHUSDT,3184.41,3095.4435776247064,3127.6646784191257,3339.434893507213,67.02053237259084,97.44928571428565,3.0601990859935015,WAIT
2026-01-14,ETHUSDT,3345.81,3119.287998803306,3136.2193969124933,3339.4983274026636,74.6890299930057,105.4828571428571,3.152685213531465,WAIT
2026-01-15,ETHUSDT,3330.65,3139.4177132029913,3143.8441264453368,3339.410284343931,73.01883223906405,111.65428571428563,3.3523271948203996,WAIT
2026-01-16,ETHUSDT,3264.18,3151.2998357550873,3148.5631803102256,3338.661724300708,62.50422582826232,108.53285714285705,3.3249654474586903,LONG
2026-01-17,ETHUSDT,3329.95,3168.314137111746,3155.6763889255108,3338.5750404768205,65.02194423274025,108.26357142857134,3.251207118081994,LONG
2026-01-18,ETHUSDT,3333.99,3184.092790720151,3162.669079555883,3338.529418183519,63.57653047261976,107.0149999999999,3.209817665919811,LONG
2026-01-19,ETHUSDT,3216.21,3187.1515725563268,3164.768723494868,3337.312309544877,51.30868142737578,113.39357142857135,3.5256892873466397,LONG
2026-01-20,ETHUSDT,3032.99,3172.469518027153,3159.6009304166378,3334.2842268628383,36.63035584604211,119.28357142857135,3.9328705807988604,WAIT
2026-01-21,ETHUSDT,3002.69,3156.300040119805,3153.4475605963776,3330.984781819427,40.09391853056634,118.11857142857136,3.9337584442140665,WAIT
2026-01-22,ETHUSDT,2942.01,3135.8914648703,3145.1558915533824,3327.114385980428,40.08509493709578,123.34857142857138,4.192663227812664,WAIT
2026-01-23,ETHUSDT,2952.75,3118.449420596938,3137.6105624728575,3323.3893672144536,40.29387038999963,123.53357142857138,4.18367865307159,WAIT
2026-01-24,ETHUSDT,2957.25,3103.097094825801,3130.537599238628,3319.7461894312255,41.44505025777976,124.1492857142857,4.198132917889448,WAIT
2026-01-25,ETHUSDT,2926.81,3086.3078476995342,3122.548281621427,3315.8363766010643,38.28135522658537,123.80642857142854,4.230080824222568,WAIT
2026-01-26,ETHUSDT,2899.32,3068.4994812519594,3113.794231361763,3311.6919350428448,36.13063696333945,127.96857142857142,4.413744306546756,SHORT
2026-01-27,ETHUSDT,2937.45,3056.0185782755825,3106.8787713083607,3307.9681346941597,34.869872077635634,125.54714285714287,4.274018037997,SHORT
2026-01-28,ETHUSDT,3008.25,3051.469189868384,3103.0109763550918,3304.985864697203,26.736685411842515,120.68285714285717,4.0117296482292755,SHORT
2026-01-29,ETHUSDT,2824.32,3029.8359336904427,3092.0819184588136,3300.203119774843,21.690950362857663,129.00785714285715,4.567749304004402,WAIT
2026-01-30,ETHUSDT,2729.47,3001.2296542913527,3077.8618432251346,3294.5241832596703,21.023767977716815,135.18642857142862,4.952845371864451,WAIT
2026-01-31,ETHUSDT,2534.2,2956.750639596938,3056.541770941796,3286.958768500868,12.18529325109057,148.13000000000002,5.845237155709889,WAIT
2026-02-01,ETHUSDT,2315.39,2895.668673921039,3027.4769956107452,3277.291417570511,9.800779831720504,165.9764285714286,7.1684005101269594,WAIT
2026-02-02,ETHUSDT,2372.71,2845.863085928559,3001.799858527971,3268.2906074454313,15.04293481864596,169.42928571428573,7.140749847823195,WAIT
2026-02-03,ETHUSDT,2303.2,2794.180887268696,2974.403785644521,3258.687715829059,16.608252422742183,162.53857142857143,7.057075869597579,WAIT
2026-02-04,ETHUSDT,2151.83,2733.004612290725,2942.14599012905,3247.6742062188196,14.951723456139177,169.17428571428573,7.861879689115113,WAIT
2026-02-05,ETHUSDT,1961.12,2659.4917920725607,2903.674382673009,3234.8726718285825,13.50502652786355,173.7757142857143,8.861044417767108,WAIT
2026-02-06,ETHUSDT,1980.81,2594.855430922793,2867.483622568185,3222.3944362879997,14.077260832926783,186.50571428571428,9.415628671387678,WAIT
2026-02-07,ETHUSDT,2052.54,2543.206342263479,2835.525049134139,3210.754093638368,18.145135734657245,190.8235714285714,9.296947753932756,WAIT
2026-02-08,ETHUSDT,2108.64,2501.819071571719,2807.019753089663,3199.7877842489315,21.703522836530155,197.1257142857143,9.348476472309846,WAIT
2026-02-09,ETHUSDT,2061.61,2459.8943980886984,2777.787998066539,3188.462632166853,21.414093158164135,195.64000000000007,9.489670694263225,WAIT
2026-02-10,ETHUSDT,2022.66,2418.2530268421556,2748.175135397263,3176.862605976138,18.801285068243686,201.87428571428578,9.980633705827266,WAIT
2026-02-11,ETHUSDT,1929.46,2371.7013100000454,2716.0686594993313,3164.45063974752,13.761782232762513,203.02142857142857,10.522189035866438,WAIT
2026-02-12,ETHUSDT,1948.47,2331.3935661905175,2685.9667512836713,3152.351329899286,16.912848022364102,192.39142857142863,9.873974378431726,WAIT
2026-02-13,ETHUSDT,2034.93,2303.1589408390396,2660.435898292155,3141.2327097012835,23.594847775175666,191.1264285714286,9.392285168110382,WAIT
2026-02-14,ETHUSDT,2087.43,2282.6133274257977,2637.965078751286,3130.7471105997784,30.946186849086047,178.6121428571429,8.556557242980265,SHORT
2026-02-15,ETHUSDT,2011.29,2256.7730105281025,2613.3895854669217,3119.6082338773926,35.233849978634964,164.95214285714292,8.201310743708909,SHORT
2026-02-16,ETHUSDT,1956.65,2228.1898666682832,2587.6350919191996,3108.0365101572197,29.744703224801356,154.60571428571433,7.901551850648522,SHORT
2026-02-17,ETHUSDT,1968.58,2203.46511746178,2563.3584216478584,3096.6986344342627,32.741938811297004,149.71642857142862,7.6053007026094255,SHORT
2026-02-18,ETHUSDT,1985.48,2182.7046300844677,2540.696522759707,3085.641732599096,40.03880285991449,139.0878571428572,7.0052509792522315,SHORT
2026-02-19,ETHUSDT,1926.3,2158.2851415049945,2516.602541475013,3074.105993966269,47.525090268103376,125.4464285714286,6.512299671464912,SHORT
2026-02-20,ETHUSDT,1963.95,2139.777032790233,2494.9298927897185,3063.0596656680973,48.831471265005135,111.37214285714289,5.67082374078479,SHORT
2026-02-21,ETHUSDT,1988.13,2125.334458238782,2475.0553871901216,3052.363848099261,45.22088830189799,104.73357142857147,5.267943817988334,SHORT
2026-02-22,ETHUSDT,1953.98,2109.0149860255647,2454.6210582807053,3041.43465558086,38.138115106148,98.73785714285715,5.053166211673464,SHORT
2026-02-23,ETHUSDT,1895.65,2088.694511165987,2432.7006246226383,3030.033813236772,37.48831458641174,96.60071428571428,5.0959150837820415,SHORT
2026-02-24,ETHUSDT,1847.59,2065.7321767692265,2409.7551099315547,3018.2682031548143,36.98035191052012,92.44571428571429,5.003583819230148,SHORT
2026-02-25,ETHUSDT,2013.73,2060.7795885054907,2394.2247134636505,3008.272798148299,55.653655722087294,95.77357142857144,4.756028436213963,WAIT
2026-02-26,ETHUSDT,2033.34,2058.1662943621104,2380.0723717591936,2998.571974286127,55.689329239679836,98.93142857142857,4.8654641413353685,WAIT
2026-02-27,ETHUSDT,1948.59,2047.7304568038141,2363.151494435304,2988.124392452434,44.1988282089873,96.88571428571429,4.9720933744766365,SHORT
2026-02-28,ETHUSDT,1898.88,2033.5542228224986,2344.9447691633313,2977.286139791216,37.283677515950224,99.54642857142858,5.242375956955078,SHORT
2026-03-01,ETHUSDT,1993.38,2029.7281063632129,2331.157915470652,2967.4960289475225,48.821291774709444,103.74357142857143,5.20440515248329,SHORT
2026-03-02,ETHUSDT,2047.33,2031.404477185764,2320.0274089816066,2958.3401480624725,55.97333473861719,108.275,5.288595390093439,WAIT
2026-03-03,ETHUSDT,1969.22,2025.4821460252151,2306.2702556882105,2948.498156539463,50.038777538111056,114.95500000000003,5.837590518073147,WAIT
2026-03-04,ETHUSDT,2150.23,2037.3628940228136,2300.1510299749475,2940.555189807727,58.326342069885676,124.0671428571429,5.769947533851862,WAIT
2026-03-05,ETHUSDT,2086.96,2042.0864279254029,2291.7905974269106,2932.0617053320284,58.08620724366331,128.00000000000003,6.133323111128149,WAIT
2026-03-06,ETHUSDT,1978.01,2035.9839109801264,2279.4854759591885,2922.56865353768,50.66026748816591,132.25928571428577,6.686482157030843,WAIT
2026-03-07,ETHUSDT,1981.04,2030.7511575534477,2267.7817318039265,2913.200209223872,49.660300698563574,131.09785714285718,6.617627970301315,SHORT
2026-03-08,ETHUSDT,1943.32,2022.4243806435954,2255.0577423214195,2903.549659878361,49.4909945184025,131.5714285714286,6.770445864367609,SHORT
2026-03-09,ETHUSDT,2022.63,2022.4439634394435,2245.94292889705,2894.784290128328,55.944088679174634,131.80071428571432,6.5163037374959485,WAIT
2026-03-10,ETHUSDT,2079.35,2027.8635859690203,2239.4098728618715,2886.6705160972006,60.7617154850573,131.54571428571433,6.32629015248584,WAIT
2026-03-11,ETHUSDT,2049.73,2029.9461015910183,2231.9714464751314,2878.3427497678754,51.91436411205411,123.73714285714289,6.036753272730695,WAIT
2026-03-12,ETHUSDT,2072.33,2033.9826633442547,2225.7109975937537,2870.322722407001,52.06679035250465,119.49285714285718,5.766111437022925,WAIT
2026-03-13,ETHUSDT,2128.01,2042.937647787659,2221.8795859234106,2862.9365261641456,59.813165897306895,122.2721428571429,5.745844373717364,WAIT
2026-03-14,ETHUSDT,2074.72,2045.9645384745486,2216.1086217695515,2855.09357565505,59.57984658298464,120.0028571428572,5.784050722162856,WAIT
2026-03-15,ETHUSDT,2093.79,2050.5193443341154,2211.3118130727066,2847.518415698283,55.96025310745193,111.8221428571429,5.340657031371002,WAIT
2026-03-16,ETHUSDT,2273.88,2071.7917877308664,2213.765467462012,2841.810570765962,61.69628382913255,116.22428571428574,5.111276132174333,WAIT
2026-03-17,ETHUSDT,2315.98,2095.0478079469744,2217.7738805027175,2836.578425783216,68.5938270810544,113.05142857142859,4.881364630585264,WAIT
2026-03-18,ETHUSDT,2187.66,2103.868016713929,2216.592944012415,2830.1215260241793,52.1272605340032,110.79714285714287,5.064641802526118,WAIT
2026-03-19,ETHUSDT,2118.81,2105.291062741174,2212.7583187570262,2823.043799397073,51.79872366860563,111.00285714285714,5.2389245445725265,WAIT
2026-03-20,ETHUSDT,2134.01,2108.026199622967,2209.670149394006,2816.18774169163,59.8534613441132,106.635,4.996930661055946,WAIT
2026-03-21,ETHUSDT,2155.12,2112.5113234683986,2207.530927849143,2809.6099532170865,60.74992589665052,107.40428571428573,4.983680060241923,WAIT
2026-03-22,ETHUSDT,2083.1,2109.710245042837,2202.651283619765,2802.380998458708,58.28100191947675,110.8664285714286,5.322184656110057,WAIT
2026-03-23,ETHUSDT,2128.45,2111.494983610186,2199.7414293601664,2795.6752173795167,56.53193748302509,115.06857142857147,5.406214448475251,WAIT
2026-03-24,ETHUSDT,2135.15,2113.747842313978,2197.208432130356,2789.1028271568352,53.671052631578945,112.52285714285718,5.270021176163603,WAIT
2026-03-25,ETHUSDT,2162.56,2118.396619236456,2195.8496700860283,2782.8685701702,57.4446746460101,113.59285714285717,5.252703145478376,WAIT
2026-03-26,ETHUSDT,2070.4,2113.825512642508,2190.930075180694,2775.779330666019,49.88336254305917,117.69500000000001,5.684650309119011,SHORT
2026-03-27,ETHUSDT,1991.32,2102.158320962269,2183.102229095177,2767.9737651867554,41.96650014692917,113.8292857142857,5.716272910144311,SHORT
2026-03-28,ETHUSDT,2026.84,2094.985147537291,2176.974298542425,2760.5992998615143,47.12598141612044,113.20357142857142,5.585224853889375,SHORT
2026-03-29,ETHUSDT,1992.97,2085.2694192004064,2169.758443697624,2752.9611973753304,44.053881903323976,112.66214285714285,5.652977358271467,SHORT
2026-03-30,ETHUSDT,2074.53,2084.246617371796,2166.023994925168,2746.2106381974663,36.696696696696705,107.4107142857143,5.177592721518335,SHORT
2026-03-31,ETHUSDT,2054.85,2081.4469395268634,2161.6642304182988,2739.3314278671432,32.036377144586766,104.81642857142859,5.100928465407625,SHORT
2026-04-01,ETHUSDT,2135.04,2086.551040524305,2160.6201429509147,2733.3185778386146,46.123471342272,99.29357142857144,4.650665628211717,SHORT
2026-04-02,ETHUSDT,2059.6,2083.9842747600856,2156.6585687175457,2726.6149103974344,45.679931124049666,100.47000000000003,4.878131676053604,SHORT
2026-04-03,ETHUSDT,2051.26,2080.867677163887,2152.5252915129363,2719.894961040246,43.90136049408191,98.26500000000001,4.790470247555161,SHORT
2026-04-04,ETHUSDT,2056.29,2078.5269460054215,2148.751358512429,2713.291926602035,42.539442892730435,95.93500000000002,4.665441158591445,SHORT
2026-04-05,ETHUSDT,2053.85,2076.1767606715716,2145.029736609981,2706.7303153920643,47.53276987701806,92.765,4.516639481948536,SHORT
2026-04-06,ETHUSDT,2164.65,2084.6027834647552,2145.7991587037072,2701.3364814080637,52.749840478867256,89.23428571428569,4.122342444011073,WAIT
2026-04-07,ETHUSDT,2080.06,2084.1701374204927,2143.2211524800323,2695.1546258716653,46.2580320875956,92.62785714285714,4.453133906851588,SHORT
2026-04-08,ETHUSDT,2215.45,2096.6729814756836,2146.0536563043447,2690.3814455147335,53.1329597554763,99.79571428571428,4.504534712393162,WAIT
2026-04-09,ETHUSDT,2217.99,2108.2269832399043,2148.874689390449,2685.681033121552,59.78103834479831,96.03500000000001,4.329821144369453,WAIT
2026-04-10,ETHUSDT,2224.27,2119.278699121818,2151.8313682378825,2681.089878563129,67.08671351240336,94.06357142857144,4.228963724213852,WAIT
2026-04-11,ETHUSDT,2249.54,2131.6845373006927,2155.6630792873775,2676.7958499207098,66.58425426707575,91.39999999999999,4.063052890813233,WAIT
2026-04-12,ETHUSDT,2186.47,2136.9022004149124,2156.8711938251276,2671.9169857423944,63.80919756786843,99.13285714285712,4.5339225849363185,WAIT
2026-04-13,ETHUSDT,2209.28,2143.795324184921,2158.926441126103,2667.3136326504305,60.496673781295264,93.03071428571425,4.210906462092367,WAIT
2026-04-14,ETHUSDT,2364.63,2164.8271980720715,2166.993247356452,2664.301855211123,69.92051855853076,102.73071428571426,4.34447310089588,WAIT
2026-04-15,ETHUSDT,2332.04,2180.7522268271123,2173.465669028748,2660.9957670995695,63.49425980217551,100.22142857142853,4.297586172253844,LONG
2026-04-16,ETHUSDT,2339.01,2195.8243957007207,2179.9576035766404,2657.791928620967,71.12038338851346,96.6285714285714,4.131173933782729,LONG
2026-04-17,ETHUSDT,2441.96,2219.2658818244618,2190.2322073579485,2655.644347241654,75.83721299333399,104.19071428571424,4.266683904966266,WAIT
2026-04-18,ETHUSDT,2363.64,2233.01579784118,2197.0325129517546,2652.738831348702,68.529124516199,111.56428571428566,4.720020210957916,LONG
2026-04-19,ETHUSDT,2330.8,2242.328578999163,2202.278296757568,2649.5354598924964,66.10605161845609,112.46714285714279,4.825259261075287,LONG
2026-04-20,ETHUSDT,2313.91,2249.1458571897188,2206.6560106102124,2646.1959030776457,59.74460084088473,109.18571428571424,4.718667289813098,LONG
2026-04-21,ETHUSDT,2310.24,2254.964346981174,2210.7181278411845,2642.853058270903,66.80293164364758,105.46785714285713,4.565233791418084,LONG
2026-04-22,ETHUSDT,2403.83,2269.142028221062,2218.291142435648,2640.4747193826356,64.64533383089217,101.41142857142856,4.218743778529619,LONG
2026-04-23,ETHUSDT,2333.26,2275.248501723818,2222.7997250852304,2637.4178565032066,58.10425074173547,103.26499999999997,4.425781953147098,LONG
2026-04-24,ETHUSDT,2323.81,2279.8734063215497,2226.76091233679,2634.2973803190953,56.967270487442946,101.22785714285712,4.356115910631984,LONG
2026-04-25,ETHUSDT,2308.09,2282.560700957593,2229.9502883235828,2631.051535738806,54.15371954766668,100.47642857142854,4.353228365073655,LONG
2026-04-26,ETHUSDT,2348.05,2288.7977770568696,2234.5816495657955,2628.235600059813,61.85160192465674,93.11642857142854,3.965691896315178,LONG
2026-04-27,ETHUSDT,2275.07,2287.4903697181203,2236.1694280141955,2624.7215144870784,54.494773519163765,98.65428571428568,4.336318694118671,LONG
2026-04-28,ETHUSDT,2279.76,2286.7541440306804,2237.878862209717,2621.28906160661,42.69860114592476,87.02142857142856,3.8171311265847523,WAIT
2026-04-29,ETHUSDT,2272.51,2285.397558884901,2239.2369460446303,2617.818623182664,44.645138076819315,88.11214285714284,3.877304956068085,WAIT
2026-04-30,ETHUSDT,2265.7,2283.521600895863,2240.2747128664096,2614.314955290299,43.403696305494044,85.61571428571425,3.778775402114766,WAIT
2026-05-01,ETHUSDT,2307.64,2285.818591286733,2242.9164888324326,2611.2634631978585,36.42354653513383,80.37928571428571,3.4831813330625976,WAIT
2026-05-02,ETHUSDT,2309.19,2288.0444397356155,2245.51545005469,2608.257757096387,43.485439448685156,74.21928571428573,3.2140831076821628,WAIT
2026-05-03,ETHUSDT,2328.44,2291.8916359512714,2248.7673931898003,2605.473500806871,49.70815195884447,72.13857142857144,3.0981503250490214,WAIT
2026-05-04,ETHUSDT,2350.1,2297.435289670198,2252.7412209078475,2602.932470948096,54.42323205162679,72.8192857142857,3.098561155452351,LONG
2026-05-05,ETHUSDT,2381.31,2305.423357320655,2257.783133813422,2600.727272232195,58.13846964248907,73.27928571428568,3.077267794377283,LONG
2026-05-06,ETHUSDT,2359.1,2310.5354185282117,2261.7563442521114,2598.323020767198,43.876796714579065,68.81499999999996,2.917002246619472,WAIT
2026-05-07,ETHUSDT,2294.82,2309.0387120017153,2263.052958203009,2595.303090212301,44.645642968575885,66.91357142857139,2.915852721719846,WAIT
2026-05-08,ETHUSDT,2293.2,2307.5302632396474,2264.2351951362243,2592.297089314666,45.641215504229194,65.8435714285714,2.8712528967631,WAIT
2026-05-09,ETHUSDT,2317.63,2308.4921429311094,2266.329109052451,2589.564083450839,51.32558915073364,66.82571428571426,2.8833642249070928,LONG
2026-05-10,ETHUSDT,2347.56,2312.2128912233848,2269.514634187649,2587.1560826204827,49.929961979360186,65.71714285714282,2.7993807552157484,WAIT
2026-05-11,ETHUSDT,2333.48,2314.238330154491,2272.0230799057804,2584.631942494906,60.03918737753939,61.449285714285715,2.633375289879738,LONG
2026-05-12,ETHUSDT,2261.85,2309.248965377873,2271.62413559575,2581.420181873066,47.497554841413965,64.04714285714282,2.8316264499035224,WAIT
2026-05-13,ETHUSDT,2236.49,2302.3195401037897,2270.246326356701,2577.9880407599017,45.20959676561332,64.43142857142854,2.8809173558311705,WAIT
2026-05-14,ETHUSDT,2298.48,2301.9538696177146,2271.3535292446736,2575.206866224977,53.80154938071162,64.33571428571425,2.7990547790589537,LONG
2026-05-15,ETHUSDT,2222.85,2294.4201677493606,2269.451430058608,2571.700827755077,40.87946130843536,67.23285714285706,3.024624115116047,WAIT
2026-05-16,ETHUSDT,2180.0,2283.523008916088,2265.943530840623,2567.8033070808974,37.23746863454054,69.73999999999991,3.1990825688073357,WAIT
2026-05-17,ETHUSDT,2186.51,2274.2836747336037,2262.8284904155007,2564.009343826361,35.61685482073008,68.60785714285706,3.1377792529124973,WAIT
2026-05-18,ETHUSDT,2107.48,2258.3976104732606,2256.736392752148,2559.4667632907754,27.974072191154093,69.58285714285707,3.301709014693239,WAIT
2026-05-19,ETHUSDT,2110.19,2244.282599951998,2250.9894753893186,2554.996347735643,24.043579826140302,70.07214285714278,3.3206556213963094,WAIT
2026-05-20,ETHUSDT,2136.75,2234.0413999565694,2246.5094959622866,2550.8346925342935,28.888551299823447,67.91857142857134,3.1785923214494605,WAIT
2026-05-21,ETHUSDT,2132.65,2224.3850761511817,2242.0444176892556,2546.6736508175345,32.615826597774614,65.83499999999991,3.0870044311068345,SHORT
2026-05-22,ETHUSDT,2119.48,2214.3941165177357,2237.2379699367357,2542.4229677248227,31.827691535210732,66.0414285714285,3.115926008805391,SHORT
2026-05-23,ETHUSDT,2060.27,2199.7156292303325,2230.2980495470597,2537.6254257574114,24.90443872376943,71.88357142857137,3.489036457773562,WAIT
2026-05-24,ETHUSDT,2095.84,2189.822712160777,2225.0251848589396,2533.229550874253,25.72145061728402,75.9071428571428,3.6218004645938042,SHORT
2026-05-25,ETHUSDT,2127.12,2183.851025288322,2221.1857658448635,2529.188659820778,30.7356235997013,75.67499999999994,3.5576272142615344,SHORT
2026-05-26,ETHUSDT,2087.36,2174.6614038322914,2215.9376965960455,2524.7923547479345,32.680205665733666,73.83357142857139,3.537174777162128,SHORT
2026-05-27,ETHUSDT,2071.38,2164.8250796577877,2210.2687673177693,2520.2807890290496,33.30029331445337,70.70571428571425,3.41345935008131,SHORT
2026-05-28,ETHUSDT,1990.65,2148.2369768332364,2201.6562666386412,2515.010830929258,20.002338770975868,73.79714285714283,3.7071882479161498,WAIT
2026-05-29,ETHUSDT,2031.62,2137.130598087214,2194.9881777508513,2510.200971915037,30.01484020650878,70.64642857142856,3.4773446102828567,SHORT
2026-05-30,ETHUSDT,2026.61,2126.6048268408126,2188.3851119567003,2505.3891214482205,32.592659842483926,68.6435714285714,3.387113032530749,SHORT
2026-05-31,ETHUSDT,2010.52,2115.5491290464497,2181.410009527026,2500.4650505880395,30.45294000044423,68.78714285714285,3.4213607851273724,SHORT
2026-06-01,ETHUSDT,1968.45,2101.5396881848833,2173.0586366043976,2495.1713684926362,33.17683502335372,66.18857142857142,3.3624715602921804,SHORT
2026-06-02,ETHUSDT,1914.81,2083.7559083577517,2162.9312390904997,2489.396628507635,28.952471237126687,69.72285714285715,3.641241540563145,SHORT
2026-06-03,ETHUSDT,1837.21,2060.2753456570135,2150.157857165382,2482.907209318504,20.928607476998295,75.44000000000001,4.1062262887748275,WAIT
2026-06-04,ETHUSDT,1777.02,2033.2986460706313,2135.525000021642,2475.883455991952,18.873737462145712,81.33785714285716,4.577205498129293,WAIT
2026-06-05,ETHUSDT,1583.29,1990.4406797781903,2113.8687255109894,2467.001929066659,14.341007940624834,93.73857142857142,5.920492861609144,WAIT
2026-06-06,ETHUSDT,1560.45,1949.4891864659817,2092.1660303929116,2457.981511862016,15.070024879098725,93.23285714285713,5.974741718277236,WAIT
2026-06-07,ETHUSDT,1630.07,1919.0683115644597,2074.044617436327,2449.7435863708515,18.928366532801377,93.87214285714286,5.7587798595853465,WAIT
2026-06-08,ETHUSDT,1691.59,1897.4037104630825,2059.046397144706,2442.1997695910422,22.07245912151329,96.91857142857143,5.729436295353568,WAIT
2026-06-09,ETHUSDT,1636.4,1872.5462142285032,2042.4720286292275,2434.1818614359076,21.644156040141837,98.16357142857143,5.998751615043475,WAIT
2026-06-10,ETHUSDT,1657.97,1852.1103843019791,2027.3935177025912,2426.4583603270926,24.18672028172881,99.34285714285714,5.991836833166894,WAIT
2026-06-11,ETHUSDT,1645.55,1832.4379667494097,2012.4192621064112,2418.688127886027,26.442399584960242,96.66857142857143,5.874544767923881,SHORT
2026-06-12,ETHUSDT,1660.08,1816.022922297085,1998.602036141454,2411.1397883050713,23.687714229058656,96.00928571428571,5.783413191791102,WAIT
2026-06-13,ETHUSDT,1682.15,1803.273120173553,1986.1921523712008,2403.8861585706927,26.18105880400509,95.07285714285713,5.651865597173684,SHORT
2026-06-14,ETHUSDT,1662.95,1789.9090134903574,1973.5159895331146,2396.513659480437,26.068935127170576,95.80214285714283,5.760975546898153,SHORT
2026-06-15,ETHUSDT,1845.53,1795.2062503007996,1968.4969311200514,2391.0312350079953,42.90873427945078,104.6328571428571,5.669528923553511,SHORT
2026-06-16,ETHUSDT,1782.44,1793.9904169388187,1961.2005808800495,2384.9756008288114,42.445928208640076,102.48499999999997,5.749702654787817,SHORT
2026-06-17,ETHUSDT,1773.41,1792.0303772303598,1953.8362443749495,2378.8903709698184,46.04992694222244,98.35714285714285,5.546215644275314,SHORT
2026-06-18,ETHUSDT,1682.23,1781.573198446516,1943.1850191053436,2371.958426980069,44.3481164363142,97.01142857142854,5.766835008971932,SHORT
2026-06-19,ETHUSDT,1707.86,1774.5528938325622,1933.9565869835656,2365.3504824330034,59.28975196503945,85.07071428571427,4.981129266199471,WAIT
2026-06-20,ETHUSDT,1740.63,1771.3221420389848,1926.3751521998963,2359.13435822969,63.240740740740755,80.9442857142857,4.6502867188481005,WAIT
2026-06-21,ETHUSDT,1730.72,1767.4552713686053,1918.7024011332337,2352.881479043325,58.107912162271035,75.75714285714284,4.377203872211729,WAIT
2026-06-22,ETHUSDT,1744.74,1765.291912190643,1911.8803461868324,2346.830320047869,54.63633350198016,72.89785714285712,4.178150162365575,WAIT
2026-06-23,ETHUSDT,1659.78,1755.2431586486769,1901.9940581010744,2339.993998455353,51.938768740878324,75.13999999999997,4.527106002000263,WAIT
2026-06-24,ETHUSDT,1618.08,1742.180000682136,1890.8601734696597,2332.8107745901257,46.79901779839188,76.20571428571427,4.709638230848553,SHORT
2026-06-25,ETHUSDT,1570.01,1725.7828577600278,1878.2778137257515,2325.2207171315176,44.26632662355407,80.3185714285714,5.115799990354928,SHORT
2026-06-26,ETHUSDT,1580.14,1711.91210940193,1866.5861347561142,2317.806978652597,43.891554849161004,81.41499999999998,5.1523915602414965,SHORT
2026-06-27,ETHUSDT,1605.68,1701.7947656493652,1856.3545216284235,2310.721138068989,44.187531354038406,82.40357142857142,5.132004597962945,SHORT
2026-06-28,ETHUSDT,1580.89,1690.2800260637114,1845.5519913684855,2303.4591366951686,43.815194452818815,82.62714285714286,5.22662189381569,SHORT
2026-06-29,ETHUSDT,1580.26,1679.801928343358,1835.148383863839,2296.263125384769,22.450929483850885,72.50714285714287,4.588304637030797,WAIT
2026-06-30,ETHUSDT,1565.18,1668.8855542154192,1824.5613884181982,2288.9886664257165,24.937707641196027,72.38214285714285,4.624525157307329,WAIT
2026-07-01,ETHUSDT,1620.09,1664.2383585758555,1816.5429025978767,2282.3329583020777,34.00650922139697,73.0192857142857,4.5071129205343965,SHORT
2026-07-02,ETHUSDT,1697.05,1667.3632768067264,1811.8569064175679,2276.5092472741962,51.59320576220167,73.85499999999999,4.351963701717686,WAIT
2026-07-03,ETHUSDT,1731.24,1673.446774253705,1808.695459107075,2271.083682624702,52.46801503187941,75.21785714285713,4.344738865949096,WAIT
2026-07-04,ETHUSDT,1791.09,1684.6508909914473,1808.0050489460134,2266.3076260811727,55.03854295642447,76.375,4.264163163213462,WAIT
2026-07-05,ETHUSDT,1774.67,1693.2241394684524,1806.6977921246012,2261.415709403748,54.33218334154758,78.50571428571429,4.423679573425724,WAIT
2026-07-06,ETHUSDT,1788.57,1702.3046976143141,1805.9868983157933,2256.71077697187,54.321377161674526,78.58785714285715,4.393893285857257,WAIT
2026-07-07,ETHUSDT,1797.45,1711.3661549843794,1805.6521179896838,2252.1410179970258,65.96914511077603,76.0007142857143,4.228251928327035,WAIT
2026-07-08,ETHUSDT,1722.96,1712.4703307001528,1802.4092898332256,2246.8755352308863,61.3056226284926,77.63285714285715,4.5057840659595785,WAIT
2026-07-09,ETHUSDT,1739.51,1715.0455373001382,1799.9426510162364,2241.827121945007,69.60353441894894,71.40357142857144,4.104809482473308,WAIT
2026-07-10,ETHUSDT,1791.11,1722.2897718429822,1799.5962725450115,2237.342374462967,72.26408324363115,71.67357142857144,4.001628678784186,WAIT
2026-07-11,ETHUSDT,1814.83,1731.1031269055552,1800.1936736216778,2233.1382712344803,72.15712863105706,71.94357142857143,3.9642044394555653,WAIT
2026-07-12,ETHUSDT,1820.93,1739.6580672002642,1801.006862891416,2229.0366963963265,76.47811507236146,72.30285714285715,3.9706554970733166,WAIT
2026-07-13,ETHUSDT,1777.01,1743.2153941335723,1800.0658094446937,2224.538918322731,69.81090279316109,74.77785714285713,4.208071825305267,WAIT
2026-07-14,ETHUSDT,1875.22,1755.7872613589464,1803.0130326037254,2221.063108190167,76.74141797481457,78.43642857142856,4.182785410321379,WAIT
2026-07-15,ETHUSDT,1931.95,1772.5646650390468,1808.0693842663245,2218.186360844991,76.8142110331545,78.99928571428572,4.0890957692634755,WAIT
2026-07-16,ETHUSDT,1881.88,1782.9756493210423,1810.9639182166648,2214.840028896285,66.6624596577899,74.82357142857143,3.976001202444971,WAIT
2026-07-17,ETHUSDT,1830.88,1787.537968433324,1811.7449410316976,2211.0195310963218,58.71832563348734,75.76285714285714,4.138056953096715,WAIT
2026-07-18,ETHUSDT,1844.15,1792.9295904872931,1813.0157276579057,2207.369088000836,55.05468124833291,72.82000000000001,3.9487026543393977,WAIT
2026-07-19,ETHUSDT,1870.91,1800.35629615517,1815.2860912791643,2204.0212363789374,58.99103139013453,71.32071428571429,3.812086860710258,WAIT
2026-07-20,ETHUSDT,1902.34,1810.0690298546776,1818.6999700525305,2201.019433031883,60.291643297812676,70.08714285714287,3.6842595360000243,WAIT
2026-07-21,ETHUSDT,1931.81,1821.663407963756,1823.1356575014509,2198.3407322056955,61.71771436545035,69.16571428571429,3.5803580210121226,WAIT
2026-07-22,ETHUSDT,1943.03,1833.222131014827,1827.8373964229627,2195.8003269101164,71.57337515929811,65.27428571428571,3.3594069939365685,LONG
2026-07-23,ETHUSDT,1895.23,1839.1276423467482,1830.4802436220623,2192.809577388623,64.38389063365972,67.63428571428572,3.5686584590939217,LONG
2026-07-24,ETHUSDT,1861.81,1841.287866885153,1831.7088615192363,2189.516049255403,56.757531732680846,66.32714285714287,3.5625086801092958,LONG
2026-07-25,ETHUSDT,1867.88,1843.820450991329,1833.1273375380897,2186.315690556344,55.247591350624184,64.49357142857143,3.4527684556058964,LONG
2026-07-26,ETHUSDT,1914.63,1850.5642175635833,1836.3235203797333,2183.6123503518033,58.57870065187139,64.68142857142857,3.378273012092601,LONG
2026-07-27,ETHUSDT,1927.75,1857.9152444622896,1839.9088725217046,2181.0664563184523,64.62586354110067,63.89071428571429,3.3142634825944386,LONG
2026-07-28,ETHUSDT,1920.02,1863.8299830849287,1843.0504853639907,2178.4689791411543,55.27257320402975,61.02857142857143,3.178538318797275,LONG
2026-07-29,ETHUSDT,1892.11,1866.5233180292212,1844.9743878987363,2175.619636065123,44.96995101257511,58.11428571428572,3.071401013381131,WAIT
2026-07-30,ETHUSDT,1918.9,1871.5115734550097,1847.8734315105505,2173.065211825669,54.96592799270269,57.805000000000014,3.012402939183908,LONG
2026-07-31,ETHUSDT,1862.94,1870.6952331259613,1848.4642773336661,2169.9793888224285,54.24410908128142,58.386428571428574,3.134101397330487,LONG
2026-08-01,ETHUSDT,1870.09,1870.6375918758697,1849.3123448892086,2166.995414804295,53.49050002691207,57.564285714285724,3.07815590235153,LONG
2026-08-02,ETHUSDT,1858.82,1869.5121069353106,1849.6851941092398,2163.9289927664413,48.30239546182143,59.33285714285715,3.19196356521111,WAIT
2026-08-03,ETHUSDT,1863.34,1868.9242872271857,1850.2206766931913,2160.938057515034,44.07618931891366,59.91142857142859,3.215270888374027,WAIT
2026-08-04,ETHUSDT,1873.07,1869.3191170150728,1851.116728587576,2158.07369873379,40.508660806618416,57.84928571428572,3.0884743076492454,WAIT
2026-08-05,ETHUSDT,1873.91,1869.7563439660182,1852.0105823684555,2155.2461992439016,38.44379054370364,56.74571428571429,3.0281984879590955,WAIT
2026-08-06,ETHUSDT,1910.69,1873.654787397826,1854.3117360010651,2152.8128042265494,52.683655047910015,55.39785714285714,2.899363954532506,LONG
2026-08-07,ETHUSDT,1917.88,1877.866712407557,1856.8046090990626,2150.4751643834993,60.70814712959781,54.46642857142857,2.8399289095995877,LONG
2026-08-08,ETHUSDT,1922.62,1882.128930273504,1859.385604820668,2148.2079488174945,60.50752457002453,54.480000000000004,2.8336332712652528,LONG
2026-08-09,ETHUSDT,1926.56,1886.3604607236464,1862.0198948277007,2146.002496590455,52.74038682409148,51.75357142857144,2.6863202510470185,LONG
2026-08-10,ETHUSDT,1877.0,1885.4689882737753,1862.6073499324968,2143.325854833336,40.01416709299123,51.35071428571431,2.735786589542584,WAIT
2026-08-11,ETHUSDT,1862.74,1883.3043227238918,1862.6125518959284,2140.533955780268,39.01166359729897,47.46857142857146,2.5483197563036954,WAIT
2026-08-12,ETHUSDT,1892.75,1884.2039110359021,1863.794412605892,2138.068443782455,50.12179340793182,48.901428571428596,2.5836179406381508,LONG
2026-08-13,ETHUSDT,1880.01,1883.8044909372447,1864.430317993896,2135.500698073177,42.18102858981058,46.17571428571431,2.456141950612726,WAIT
2026-08-14,ETHUSDT,1881.56,1883.5907298956024,1865.1020702294297,2132.973924958021,54.792052707432546,41.980714285714306,2.231165324821654,LONG
2026-08-15,ETHUSDT,1884.91,1883.7163746674498,1865.87885178906,2130.505627197245,53.890172196556115,41.650714285714294,2.2096924673175002,LONG
2026-08-16,ETHUSDT,1884.06,1883.7491008895975,1866.5918379934108,2128.05343190175,57.00877485282683,37.86071428571428,2.009528055673083,LONG
2026-08-17,ETHUSDT,1913.22,1886.5558531858262,1868.4203933662181,2125.9157858131757,62.183683439179305,36.17857142857141,1.8909781116950173,LONG
2026-08-18,ETHUSDT,1917.7,1889.5219624062238,1870.3529269596997,2123.843986949363,61.18826773627477,36.423571428571414,1.8993362584643798,LONG
2026-08-19,ETHUSDT,2085.83,1908.2179659865835,1878.8030082553978,2123.4657383230015,78.8924033375143,49.224285714285706,2.359937565107689,WAIT
2026-08-20,ETHUSDT,2326.41,1948.045778749766,1896.3562236179312,2125.4850842103347,86.43215199635432,64.64285714285714,2.7786528231419716,WAIT
2026-08-21,ETHUSDT,2393.65,1990.484276011693,1915.8579403387967,2128.1533918301325,87.72419480169364,71.25999999999999,2.9770434274016666,WAIT
2026-08-22,ETHUSDT,2410.9,2030.523868772484,1935.2713544431576,2130.9667909164,87.96299175866893,81.36428571428573,3.3748511225801865,WAIT
2026-08-23,ETHUSDT,2438.62,2069.3901669846286,1955.0105170140143,2134.028016877431,88.39221449136275,89.46071428571429,3.6684975226035337,WAIT
2026-08-24,ETHUSDT,2487.99,2109.2568177479975,1975.9116732095433,2137.5500266597455,95.82264620738272,92.41571428571426,3.7144728992365024,WAIT
2026-08-25,ETHUSDT,2482.88,2144.8399779624738,1995.7927840640712,2140.98614579746,97.15606655108436,95.86714285714284,3.8611267099957645,WAIT
2026-08-26,ETHUSDT,2449.85,2173.888551489857,2013.5989493948919,2144.05941797858,92.16876589560373,96.27714285714283,3.9299199076328284,WAIT
2026-08-27,ETHUSDT,2521.68,2207.0115465860613,2033.5236964774451,2147.816836705161,94.58208851525046,103.53428571428572,4.10576622387796,WAIT
2026-08-28,ETHUSDT,2471.89,2232.2380659588175,2050.714531909702,2151.0414452951595,88.43844821523916,106.2264285714286,4.297376848137604,WAIT
2026-08-29,ETHUSDT,2444.76,2252.478250153216,2066.1672953642237,2153.96401797879,85.35879848926956,110.03071428571431,4.500675497215036,WAIT
2026-08-30,ETHUSDT,2481.11,2274.2527025195764,2082.439558291117,2157.2192018794985,86.08992105613119,112.16714285714288,4.520845220773882,WAIT
2026-08-31,ETHUSDT,2467.68,2292.6743498986643,2097.5470265934264,2160.3083640498517,84.16518781425616,119.40785714285717,4.838871212752754,WAIT
2026-09-01,ETHUSDT,2448.97,2307.5596499083154,2111.328319668194,2163.180619133933,82.17205421051995,121.25642857142859,4.951323559350609,WAIT
2026-09-02,ETHUSDT,2390.98,2315.5044451551425,2122.295052230226,2165.447279640063,71.32335471608461,112.98428571428573,4.7254383438709535,LONG
2026-09-03,ETHUSDT,2516.58,2334.65449799751,2137.757207044727,2168.941137554092,65.83298642910668,104.16785714285717,4.139262695517614,LONG
2026-09-04,ETHUSDT,2451.98,2345.8283553310807,2150.079669513561,2171.7574446431063,54.87782442173571,102.29214285714286,4.171817994320625,LONG
2026-09-05,ETHUSDT,2460.0,2356.7018452995494,2162.2334079640095,2174.625529771036,54.17034721750356,92.19714285714284,3.7478513356562124,LONG
2026-09-06,ETHUSDT,2479.79,2368.424526699592,2174.6866076516953,2177.6619921613737,53.54455445544556,87.67785714285712,3.5356968591234392,LONG
2026-09-07,ETHUSDT,2470.43,2378.1393336805836,2186.284387743786,2180.575106667231,48.37629914561527,84.99357142857141,3.440436338150501,WAIT
2026-09-08,ETHUSDT,2498.62,2389.6136828538615,2198.5328431263824,2183.739732471537,51.395835550352935,83.12285714285713,3.3267506520742307,LONG
2026-09-09,ETHUSDT,2490.26,2399.199046391589,2209.973123788093,2186.789685382268,53.74756561253828,81.82071428571427,3.2856293835067127,LONG
2026-09-10,ETHUSDT,2441.54,2403.2315181638187,2219.0541777571875,2189.3245143834397,42.23509805441439,79.35357142857139,3.250144229812798,WAIT
2026-09-11,ETHUSDT,2559.42,2418.1066116720262,2232.4018570608273,2193.0070565288784,57.49233903411914,91.21285714285708,3.5638096577684424,LONG
2026-09-12,ETHUSDT,2535.08,2429.2469343699286,2244.2715881564814,2196.4107674091883,57.76825953830802,91.89714285714278,3.625019441482824,LONG
2026-09-13,ETHUSDT,2491.1,2435.1377025251736,2253.9511337189724,2199.3429985792463,50.848090734672375,94.39357142857135,3.789232524931611,LONG
2026-09-14,ETHUSDT,2508.48,2442.1226832370617,2263.932657886856,2202.4189886431345,53.44059906901438,88.86428571428564,3.542555081734183,LONG
2026-09-15,ETHUSDT,2424.46,2440.44052292877,2270.227847773646,2204.6283519402177,48.13818877899824,100.42928571428567,4.142336261034856,WAIT
2026-09-16,ETHUSDT,2392.76,2435.8995207450776,2275.033030213895,2206.50030863733,50.14083615533122,100.20999999999994,4.1880506193684255,LONG
2026-09-17,ETHUSDT,2470.27,2439.172899721737,2282.6893819702127,2209.1248826807396,46.03408409694271,97.89571428571419,3.962956044712286,WAIT
2026-09-18,ETHUSDT,2584.06,2452.9716711768097,2294.507837579224,2212.8555803655086,60.43220017692404,101.1957142857142,3.9161518805954274,LONG
2026-09-19,ETHUSDT,2623.45,2469.207702493304,2307.4075302231763,2216.9410969787873,62.30038680934964,104.45428571428566,3.9815619018576935,LONG
