date,symbol,close,ema20,ema50,ema200,rsi,atr,atr_pct,signal
2024-06-08,SOLUSDT,160.15,160.15,160.15,160.15,,,,WAIT
2024-06-09,SOLUSDT,161.63,160.29095238095238,160.20803921568628,160.16472636815922,,,,WAIT
2024-06-10,SOLUSDT,162.38,160.48990929705215,160.29321414840447,160.18676889185915,,,,WAIT
2024-06-11,SOLUSDT,147.67,159.26896555447576,159.79818614258468,160.06222392776104,,,,WAIT
2024-06-12,SOLUSDT,158.84,159.22811169214472,159.7606102154245,160.05006249564403,,,,WAIT
2024-06-13,SOLUSDT,146.87,158.05114867384523,159.2550960893294,159.91891759518987,,,,WAIT
2024-06-14,SOLUSDT,143.78,156.69199165728855,158.64822957602237,159.75833135046162,,,,WAIT
2024-06-15,SOLUSDT,145.19,155.59656388040392,158.12045586715877,159.6133728295615,,,,WAIT
2024-06-16,SOLUSDT,148.53,154.92355779655594,157.74435955864274,159.50309051284947,,,,WAIT
2024-06-17,SOLUSDT,141.23,153.6194094349792,157.09673761516655,159.32126871670172,,,,WAIT
2024-06-18,SOLUSDT,136.01,151.94232282212403,156.26980672829728,159.0893157941475,,,,WAIT
2024-06-19,SOLUSDT,136.92,150.51162541049317,155.51099077816798,158.86872558724056,,,,WAIT
2024-06-20,SOLUSDT,133.27,148.86956584758906,154.6387950613771,158.61401189980535,,,,WAIT
2024-06-21,SOLUSDT,131.4,147.2057976716282,153.72746976485251,158.34322571174758,,10.570714285714287,8.044683626875408,WAIT
2024-06-22,SOLUSDT,134.25,145.9719121790922,152.9636474211328,158.10349212257597,31.425702811244975,10.014285714285718,7.459430699654165,SHORT
2024-06-23,SOLUSDT,131.58,144.6012538763215,152.12507301246094,157.83957677807274,28.81116908757582,9.893571428571432,7.519054133281222,SHORT
2024-06-24,SOLUSDT,126.31,142.85922969762422,151.11271720805073,157.52584964595263,26.090414954262243,10.23714285714286,8.104776230815343,SHORT
2024-06-25,SOLUSDT,139.43,142.53263639308858,150.654571435186,157.3457914405203,44.42036836403035,10.11071428571429,7.251462587473491,SHORT
2024-06-26,SOLUSDT,136.88,141.99429006993728,150.11439216321793,157.14215172469423,33.16467341306347,9.247142857142858,6.755656675294315,SHORT
2024-06-27,SOLUSDT,147.77,142.5443576823242,150.02245521564075,157.0488964836525,50.70159027128157,9.43857142857143,6.387339398099363,WAIT
2024-06-28,SOLUSDT,143.23,142.6096569506743,149.75608442287052,156.91139502610372,49.5807287696295,9.722857142857142,6.78828258245978,SHORT
2024-06-29,SOLUSDT,142.68,142.6163562887053,149.4785909160913,156.76978910544597,48.061177197590006,9.655,6.766890944771515,SHORT
2024-06-30,SOLUSDT,143.83,142.7319414040667,149.25707754683282,156.64103498499378,46.24240486088904,9.739999999999998,6.771883473545155,SHORT
2024-07-01,SOLUSDT,148.5,143.2812803179651,149.22738823127074,156.56002966176,56.06743448506093,9.40857142857143,6.335738335738336,WAIT
2024-07-02,SOLUSDT,148.39,143.76782504958746,149.19454947710327,156.47873583427983,61.2956204379562,8.48,5.714670799919133,WAIT
2024-07-03,SOLUSDT,141.68,143.56898456867438,148.89986126231491,156.33148473145118,53.92739273927395,8.663571428571428,6.114886666128902,WAIT
2024-07-04,SOLUSDT,135.4,142.79098603832443,148.37045493830257,156.12321125153625,51.684327059939896,9.012857142857142,6.656467609200252,WAIT
2024-07-05,SOLUSDT,134.93,142.04232070134117,147.84337827405542,155.91233352764039,52.85460132621704,9.623571428571426,7.132269642460109,WAIT
2024-07-06,SOLUSDT,141.88,142.02686158692774,147.60952030252383,155.77270831841014,55.7864401638101,9.754999999999995,6.875528615731601,WAIT
2024-07-07,SOLUSDT,137.07,141.55477953102985,147.19620578085625,155.58661171822695,54.032613486117214,10.12785714285714,7.388821144566382,WAIT
2024-07-08,SOLUSDT,137.43,141.16194338521748,146.8132173188619,155.40594891506052,58.80303989867004,10.392142857142854,7.561771707154809,WAIT
2024-07-09,SOLUSDT,140.52,141.10080591995867,146.5664244828281,155.2578300203833,51.02578580839451,9.997142857142853,7.114391444024233,WAIT
2024-07-10,SOLUSDT,141.18,141.10834821329595,146.35519215016816,155.11775210973272,54.19594067135052,10.214999999999998,7.235444113897151,WAIT
2024-07-11,SOLUSDT,138.45,140.85517219298205,146.04518461486745,154.9519038300339,39.182915506035265,9.647857142857138,6.96847753185781,SHORT
2024-07-12,SOLUSDT,138.85,140.66420341269804,145.76302051232364,154.79168588147635,44.375963020030824,9.323571428571427,6.714851587015793,SHORT
2024-07-13,SOLUSDT,140.37,140.63618404006013,145.55152951184036,154.6481865194716,47.10598847406664,9.274999999999997,6.607537223053357,SHORT
2024-07-14,SOLUSDT,145.9,141.1374998457687,145.56519502117996,154.56113988743706,52.336870625423344,9.345714285714283,6.405561539214724,WAIT
2024-07-15,SOLUSDT,152.94,142.26154747950503,145.85440305956507,154.54500914228845,54.75782254607801,9.597857142857142,6.275570251639298,WAIT
2024-07-16,SOLUSDT,160.98,144.0442572433617,146.44756372389585,154.6090389020667,61.53141601025828,9.82642857142857,6.1041300605221585,WAIT
2024-07-17,SOLUSDT,158.08,145.38099464875583,146.90373769550777,154.6435758284143,66.14808979913352,9.249285714285715,5.851015760555234,WAIT
2024-07-18,SOLUSDT,156.37,146.42756658696956,147.27496366823297,154.66075417838033,72.6898939623458,8.768571428571429,5.607579093541874,WAIT
2024-07-19,SOLUSDT,168.8,148.5582745310677,148.11908274006697,154.80144319153078,79.11294481691593,8.700000000000001,5.154028436018958,WAIT
2024-07-20,SOLUSDT,169.28,150.53177219477553,148.94892263261337,154.9455084334061,76.4990328820116,8.366428571428573,4.942360923575481,WAIT
2024-07-21,SOLUSDT,175.4,152.90017484289214,149.9862197842756,155.1490357126757,86.15355593284286,8.288571428571428,4.725525329858283,WAIT
2024-07-22,SOLUSDT,179.88,155.46968200071194,151.1585248907746,155.39511495931575,87.15210922457553,8.33642857142857,4.634438832237365,WAIT
2024-07-23,SOLUSDT,176.49,157.4716170482632,152.15191607152855,155.6050143129544,81.31638516454817,8.469999999999997,4.79913876140291,WAIT
2024-07-24,SOLUSDT,177.76,159.40384399604764,153.1561546569588,155.82546193173098,81.51274982770504,8.809999999999999,4.956120612061206,WAIT
2024-07-25,SOLUSDT,170.43,160.45395409166215,153.8335603566859,155.97078071847994,75.52681992337169,9.407857142857141,5.520071080711811,WAIT
2024-07-26,SOLUSDT,181.53,162.4611965591229,154.919695244659,156.2251013083458,79.09735478592859,10.418571428571425,5.739311093797954,WAIT
2024-07-27,SOLUSDT,182.52,164.37155879158738,156.00206013702532,156.48674209134737,78.94519983518751,10.657142857142855,5.838890454275068,WAIT
2024-07-28,SOLUSDT,184.11,166.25141033524574,157.10433228851454,156.76160037899567,77.74067082909835,10.71428571428571,5.819502316161919,WAIT
2024-07-29,SOLUSDT,186.95,168.22270458903185,158.27475063014143,157.0619824647768,76.2950363383331,10.818571428571422,5.786879608757113,WAIT
2024-07-30,SOLUSDT,181.01,169.4405422472193,159.16632903680255,157.30027119647056,66.00607319801824,10.798571428571424,5.9657319642955775,LONG
2024-07-31,SOLUSDT,180.08,170.45382393796032,159.98647299614365,157.52693516466488,68.15181518151817,11.064999999999996,6.144491337183471,LONG
2024-08-01,SOLUSDT,162.67,169.71250737244029,160.09170934923606,157.57810993914583,54.12844036697247,12.101428571428569,7.439250366649394,LONG
2024-08-02,SOLUSDT,156.76,168.47893524173168,159.96105408063858,157.56996954174141,41.37288621381482,12.287857142857138,7.838643239893557,WAIT
2024-08-03,SOLUSDT,146.2,166.35713188537628,159.4214049010057,157.45683551645047,35.549711995992965,12.737142857142855,8.712136017197576,WAIT
2024-08-04,SOLUSDT,135.19,163.38883361057853,158.47115372841725,157.235274964048,26.27728613569319,13.081428571428571,9.676328553464437,WAIT
2024-08-05,SOLUSDT,130.44,160.2508494571901,157.3718927978911,156.96865531266442,20.924488355680992,14.440714285714288,11.070771454856093,WAIT
2024-08-06,SOLUSDT,145.9,158.88410188983866,156.9220146489542,156.85851943890657,34.246575342465746,15.045714285714288,10.312347008714385,WAIT
2024-08-07,SOLUSDT,148.46,157.8913302812826,156.5901709372305,156.7749520813055,35.10876194348445,15.067857142857141,10.149439002328668,WAIT
2024-08-08,SOLUSDT,160.6,158.14929882592236,156.74741913577049,156.81301225960098,45.236941564105045,15.251428571428571,9.496530866393881,WAIT
2024-08-09,SOLUSDT,151.13,157.48079417583452,156.5271281892697,156.7564648739333,35.033477747144545,14.751428571428571,9.760754695579019,WAIT
2024-08-10,SOLUSDT,153.96,157.14548044480267,156.42645649557284,156.72863935279966,36.189555125725335,14.780714285714282,9.600360019300002,WAIT
2024-08-11,SOLUSDT,148.73,156.34400611672623,156.12463467221704,156.64905090152803,33.4734678624813,14.87142857142857,9.998943435371862,WAIT
2024-08-12,SOLUSDT,147.58,155.5093388675142,155.78955095958108,156.55881158907502,31.314665401044152,14.744285714285715,9.990707219328982,WAIT
2024-08-13,SOLUSDT,146.08,154.6113065944176,155.4087842552838,156.45454480709418,32.69249826578141,14.574999999999998,9.977409638554215,WAIT
2024-08-14,SOLUSDT,146.7,153.8578488235207,155.0672633040962,156.3574846597599,33.40954274353875,14.495714285714282,9.881195832116076,WAIT
2024-08-15,SOLUSDT,145.95,153.10472036413776,154.70972356668068,156.25392759846878,40.04050512270669,13.407857142857141,9.186609895756863,SHORT
2024-08-16,SOLUSDT,137.91,151.65760413898178,154.05091087779124,156.07140095569795,39.049610781921686,13.029999999999998,9.448190849104488,SHORT
2024-08-17,SOLUSDT,140.18,150.56449898288827,153.5069535884661,155.91327756310395,46.130110568269494,12.629285714285711,9.009334936714017,SHORT
2024-08-18,SOLUSDT,145.8,150.11073717499414,153.20472011440862,155.81264793561039,57.32836027075564,12.243571428571427,8.397511267881637,WAIT
2024-08-19,SOLUSDT,143.86,149.51542887261374,152.83826050207887,155.69371611535556,59.64357574015523,10.301428571428564,7.160731663720675,WAIT
2024-08-20,SOLUSDT,142.16,148.81491183712671,152.41950518827187,155.55905227341174,46.64994625582228,9.455714285714281,6.651459120508077,SHORT
2024-08-21,SOLUSDT,140.36,148.00968213835273,151.9465834161828,155.4078179224325,42.64438794042862,8.968571428571426,6.389691812889303,SHORT
2024-08-22,SOLUSDT,142.63,147.49733145850962,151.58122720378347,155.28067545554265,30.11728258464261,7.957857142857143,5.579371200208332,SHORT
2024-08-23,SOLUSDT,144.4,147.20234751008013,151.29961045069393,155.17241002812432,41.024273139503876,7.394285714285715,5.120696478037198,SHORT
2024-08-24,SOLUSDT,159.46,148.3697429853106,151.6196257271373,155.21507261490916,55.530973451327434,7.942857142857144,4.981096916378492,WAIT
2024-08-25,SOLUSDT,159.35,149.41548174861435,151.92277765940642,155.2562161709797,61.90582959641257,7.734285714285717,4.853646510376979,WAIT
2024-08-26,SOLUSDT,157.64,150.19876920112728,152.14698245707677,155.27993541305952,61.1381753764393,7.481428571428574,4.745894805524343,WAIT
2024-08-27,SOLUSDT,153.75,150.53698165816277,152.20984589013258,155.26471217511863,58.065194532071494,7.5242857142857185,4.8938443670151015,WAIT
2024-08-28,SOLUSDT,144.11,149.92488816690917,151.89220487483328,155.1537200141722,47.710800777797445,7.826428571428577,5.430871259058065,SHORT
2024-08-29,SOLUSDT,146.06,149.55680357958448,151.66349095817316,155.06323523791178,50.09520512376667,7.871428571428576,5.389174703155263,WAIT
2024-08-30,SOLUSDT,133.32,148.01044133390977,150.94413837157813,154.8468846385296,46.32623659356491,8.083571428571435,6.0632848999185684,SHORT
2024-08-31,SOLUSDT,136.63,146.9265897782993,150.3827996119084,154.66562210481288,47.205164541017155,8.180714285714291,5.987494902813651,SHORT
2024-09-01,SOLUSDT,134.29,145.7231050375089,149.75170943104925,154.4628795963073,40.44496098289887,8.144285714285719,6.064700062763958,SHORT
2024-09-02,SOLUSDT,132.54,144.4675712244128,149.0767404337532,154.2447414908714,40.57295136575615,8.330714285714292,6.285434046864563,SHORT
2024-09-03,SOLUSDT,129.8,143.07065967923063,148.32078982850797,154.00151023225578,39.88212180746563,8.401428571428577,6.4725952014087635,SHORT
2024-09-04,SOLUSDT,133.83,142.19059685263724,147.75252356072335,153.80079868765623,44.84283683462328,8.80714285714286,6.580843500816604,SHORT
2024-09-05,SOLUSDT,130.61,141.0876828666718,147.08026773481262,153.57004447185867,40.64737005913478,8.822142857142861,6.754569219158457,SHORT
2024-09-06,SOLUSDT,128.09,139.84980830794115,146.33555135305528,153.31651169104416,37.455776034456235,9.017142857142861,7.039693072950942,SHORT
2024-09-07,SOLUSDT,128.84,138.80125513575626,145.6494512999943,153.0729643110338,19.802761341222876,8.573571428571432,6.654432962256622,WAIT
2024-09-08,SOLUSDT,126.74,137.65256417044614,144.9079041901906,152.81094476565036,19.054849117479577,8.406428571428574,6.632814085078566,WAIT
2024-09-09,SOLUSDT,128.41,136.77231996373698,144.26092755528117,152.5681492953454,22.241215574548903,8.336428571428574,6.492040005785044,WAIT
2024-09-10,SOLUSDT,134.14,136.52162282433346,143.86402843546622,152.38478462573997,32.00587263718111,8.465714285714288,6.311103537881533,SHORT
2024-09-11,SOLUSDT,131.17,136.01194446011124,143.36622339878127,152.17369224140424,36.470096194061036,8.249285714285715,6.289003365316548,SHORT
2024-09-12,SOLUSDT,133.56,135.77842594010065,142.98166561843692,151.9884813733306,37.04931620389557,8.170714285714286,6.117635733538699,SHORT
2024-09-13,SOLUSDT,136.59,135.8557187077101,142.73101206477273,151.83526265319796,54.241245136186784,7.507142857142858,5.496114545093241,WAIT
2024-09-14,SOLUSDT,137.39,136.00184073554723,142.52156061125223,151.69152869644972,51.05438401775803,7.267857142857144,5.289946242708455,WAIT
2024-09-15,SOLUSDT,135.76,135.97880828454274,142.25640137159527,151.53300602285321,52.08038494197566,7.026428571428573,5.175625052613858,WAIT
2024-09-16,SOLUSDT,131.46,135.54844559077677,141.8330130825131,151.33327461964075,48.57444561774025,6.827857142857143,5.193866684053813,SHORT
2024-09-17,SOLUSDT,134.67,135.46478410594088,141.55211060868908,151.16747089208215,56.34941329856582,6.672142857142859,4.954438892955268,WAIT
2024-09-18,SOLUSDT,127.67,134.7224237148989,141.00771411423068,150.93366521156392,42.54598257502418,6.410714285714287,5.021316116326692,SHORT
2024-09-19,SOLUSDT,142.96,135.50695478967043,141.08427434504517,150.85432525921004,61.56583629893239,7.149285714285716,5.0008993524662255,WAIT
2024-09-20,SOLUSDT,147.88,136.68534004779707,141.35077339033754,150.824729982999,67.73615343251481,7.447142857142858,5.035936473588625,WAIT
2024-09-21,SOLUSDT,147.64,137.7286409956259,141.59740972797135,150.79304112744677,67.00434153400869,7.171428571428572,4.857375082246391,WAIT
2024-09-22,SOLUSDT,143.13,138.24305613889962,141.6575113072666,150.71679196199955,64.20523487606172,7.355714285714286,5.139184158257728,WAIT
2024-09-23,SOLUSDT,144.21,138.81133650662346,141.75760890306006,150.6520477633727,63.83537653239932,7.561428571428571,5.24334551794506,WAIT
2024-09-24,SOLUSDT,145.52,139.450256839326,141.90515365195967,150.60098261149835,60.801063022019775,7.383571428571428,5.073922092201365,WAIT
2024-09-25,SOLUSDT,150.42,140.4949942831997,142.23906919502008,150.5991817894934,67.62497711041937,7.302142857142855,4.854502630729195,WAIT
2024-09-26,SOLUSDT,157.11,142.0773757800378,142.8222429520781,150.66396605029448,69.98811746732306,7.7128571428571435,4.909208289005883,WAIT
2024-09-27,SOLUSDT,159.03,143.69191142003422,143.4578412676829,150.74721016919702,69.41176470588238,7.895714285714286,4.964921263732809,LONG
2024-09-28,SOLUSDT,156.87,144.94696747526905,143.98380827679338,150.80813345109556,66.4638269100744,7.954285714285715,5.070622626560665,LONG
2024-09-29,SOLUSDT,157.28,146.1215420014339,144.5052275600564,150.87253013317422,68.57093545046602,7.9628571428571435,5.062854236302863,LONG
2024-09-30,SOLUSDT,154.16,146.8871094298688,144.883846087113,150.90524127612773,69.99647639182524,8.067857142857143,5.23343094373193,LONG
2024-10-01,SOLUSDT,149.61,147.14643234130986,145.06918545624583,150.89235330323095,62.85714285714288,8.395,5.6112559320901,LONG
2024-10-02,SOLUSDT,147.46,147.17629592785178,145.16294288933423,150.85820053404458,68.58215962441315,8.382857142857143,5.684834628276917,LONG
2024-10-03,SOLUSDT,135.58,146.0718867918659,144.78714120739957,150.70617863818345,42.59630818619583,8.349285714285713,6.158198638652982,WAIT
2024-10-04,SOLUSDT,142.43,145.72504043073582,144.69470429730546,150.6238286019826,44.736333784044824,8.165714285714285,5.733142094863642,WAIT
2024-10-05,SOLUSDT,142.9,145.45598896114194,144.62432373662682,150.5469745860425,45.4423076923077,8.00357142857143,5.600819754073778,WAIT
2024-10-06,SOLUSDT,146.0,145.50779953627128,144.67827182538656,150.50173105782318,52.836528958292156,7.885714285714286,5.401174168297456,LONG
2024-10-07,SOLUSDT,148.71,145.81277100900735,144.8363788126263,150.4839028880936,54.30869398697817,7.895714285714287,5.309470974187537,LONG
2024-10-08,SOLUSDT,142.8,145.52584043672093,144.7565208199743,150.40744614293845,47.606476592749026,8.032857142857145,5.625250100040017,WAIT
2024-10-09,SOLUSDT,142.83,145.2690937284618,144.68097098389688,150.33204866887937,42.69489894128973,7.78214285714286,5.448535221692123,WAIT
2024-10-10,SOLUSDT,138.67,144.64060861146544,144.4452466315872,150.2160083836169,31.343585592877346,7.4407142857142885,5.36577074040116,WAIT
2024-10-11,SOLUSDT,144.41,144.61864588656397,144.44386441074064,150.1582371559192,36.26972201352367,7.613571428571431,5.272191280777946,WAIT
2024-10-12,SOLUSDT,146.09,144.75877484974836,144.50841874757435,150.11775718421853,39.78392721758909,7.5207142857142895,5.1480007431817985,WAIT
2024-10-13,SOLUSDT,145.34,144.8141296259628,144.54102977708123,150.07021731173876,38.757062146892665,7.556428571428575,5.199138964791919,WAIT
2024-10-14,SOLUSDT,156.71,145.9470696615854,145.01824429562708,150.1362848011742,52.078239608801965,7.9392857142857185,5.066227882257493,LONG
2024-10-15,SOLUSDT,153.29,146.64639636048204,145.34262687226916,150.1676650519088,53.0554633012288,7.811428571428574,5.095850069429561,LONG
2024-10-16,SOLUSDT,155.71,147.50959670710282,145.74919052433705,150.2228126633326,56.81930897669035,7.719285714285716,4.957475893831941,LONG
2024-10-17,SOLUSDT,152.89,148.0220160683311,146.0292222684807,150.2493518408119,66.82869920279987,6.99857142857143,4.5775207198452685,LONG
2024-10-18,SOLUSDT,154.72,148.6599192999186,146.37003708148146,150.29383590209736,63.24068088773967,6.895000000000002,4.456437435367117,LONG
2024-10-19,SOLUSDT,156.51,149.4075460332597,146.76768268612923,150.35568828118096,64.25728053635025,6.943571428571431,4.436503372673587,LONG
2024-10-20,SOLUSDT,160.01,150.41730355390163,147.2869892474575,150.4517510843533,64.55433201745268,6.982142857142861,4.363566562804113,LONG
2024-10-21,SOLUSDT,165.27,151.83184607257766,147.99220535540036,150.59919634719557,66.33780584056822,7.294285714285716,4.413557036537615,LONG
2024-10-22,SOLUSDT,167.78,153.3507178751893,148.76819730224742,150.77014961737274,76.41708967851092,7.275714285714287,4.336461011869285,WAIT
2024-10-23,SOLUSDT,168.13,154.7582685537427,149.52748368255143,150.94288444705063,76.57563025210077,7.29,4.335930529947065,WAIT
2024-10-24,SOLUSDT,175.43,156.7270048819577,150.54326863617686,151.18653733812477,86.22388648009455,7.7057142857142855,4.392472374003469,WAIT
2024-10-25,SOLUSDT,172.45,158.2244329884379,151.4023561406405,151.398114081029,79.2205085452271,7.608571428571429,4.412044899142609,WAIT
2024-10-26,SOLUSDT,168.63,159.21543937049145,152.07795001747814,151.56957563246155,72.48603351955302,8.362857142857141,4.959293804694978,LONG
2024-10-27,SOLUSDT,175.77,160.79206419234941,153.00705001679273,151.81037587492463,76.92443815253932,8.702142857142857,4.950869236583522,WAIT
2024-10-28,SOLUSDT,173.39,161.99186760260184,153.8063813886832,152.02509850303485,67.550505050505,8.134285714285713,4.691323440962981,LONG
2024-10-29,SOLUSDT,180.61,163.7650230690207,154.85750368716623,152.30952538360168,76.61730319563517,8.19857142857143,4.539378455551425,WAIT
2024-10-30,SOLUSDT,173.93,164.73311611006636,155.60544471904205,152.52465448426236,66.39078805325653,8.471428571428573,4.870596545408252,LONG
2024-10-31,SOLUSDT,170.65,165.2966288614886,156.19542727907964,152.70500618093638,65.84582441113488,8.654285714285717,5.071365786279354,LONG
2024-11-01,SOLUSDT,164.09,165.18171182706112,156.50501836617457,152.8182897015241,57.70939608359387,8.867857142857144,5.404264210407181,LONG
2024-11-02,SOLUSDT,163.82,165.05202498638863,156.79188039103047,152.9277594557378,56.168776371308,9.042857142857143,5.519995814221184,LONG
2024-11-03,SOLUSDT,159.99,164.56992736863734,156.9172968462842,152.99803050592948,49.983215844243055,9.252142857142857,5.782950720134294,WAIT
2024-11-04,SOLUSDT,163.03,164.42326761924332,157.15701069544951,153.09785109791028,48.04741980474198,8.860714285714286,5.435020723617915,WAIT
2024-11-05,SOLUSDT,165.94,164.56771832217254,157.50144164856914,153.22563367405047,48.40720221606649,9.205714285714285,5.547616177964496,WAIT
2024-11-06,SOLUSDT,185.51,166.56222133910848,158.59981648588015,153.54687114993058,61.28864640166275,10.65142857142857,5.741700485919125,LONG
2024-11-07,SOLUSDT,192.66,169.0477240687172,159.9355099570221,153.9360565116228,61.213067812052564,10.33142857142857,5.3625187228426086,LONG
2024-11-08,SOLUSDT,200.99,172.08984558598223,161.54548995870752,154.40425495429324,67.36432221951813,10.718571428571424,5.332887919086235,LONG
2024-11-09,SOLUSDT,198.4,174.59557457779346,162.99076486228762,154.8420235617132,68.38789376158121,10.241428571428568,5.1620103686635925,LONG
2024-11-10,SOLUSDT,212.23,178.17980557038456,164.92171525984497,155.4130482028902,70.80100410771335,10.937857142857139,5.153775216914262,LONG
2024-11-11,SOLUSDT,219.0,182.06744313510984,167.0424323084785,156.04575419092114,74.77996305552537,12.067857142857138,5.510437051532939,LONG
2024-11-12,SOLUSDT,210.53,184.77816283652794,168.74782711991074,156.58788599001647,66.03773584905659,12.794285714285708,6.077179363646847,LONG
2024-11-13,SOLUSDT,216.4,187.78976637590623,170.61653978187502,157.18303140305113,72.96420460689953,13.251428571428567,6.1235806707156035,LONG
2024-11-14,SOLUSDT,210.84,189.985026721058,172.19393037866425,157.7169315880954,71.2084432717678,13.902142857142854,6.593693254194107,LONG
2024-11-15,SOLUSDT,208.32,191.7312146523858,173.61063899126566,158.22044470662183,74.37989196339984,14.049999999999999,6.744431643625191,LONG
2024-11-16,SOLUSDT,215.03,193.9501465902538,175.23492765827484,158.78571391352114,76.35615028306742,14.582142857142857,6.781445778329934,WAIT
2024-11-17,SOLUSDT,233.96,197.76060881975346,177.53787167167584,159.53371676015277,82.94877505567928,16.090714285714288,6.877549275822485,WAIT
2024-11-18,SOLUSDT,243.33,202.1005508369198,180.1179551355317,160.36751062323583,83.85899814471242,16.822857142857142,6.913597642237759,WAIT
2024-11-19,SOLUSDT,240.58,205.76526028102268,182.48901571845204,161.1656448458902,81.51494679952711,16.85214285714286,7.004797928814888,WAIT
2024-11-20,SOLUSDT,238.37,208.87047358759193,184.68042686674804,161.93384738473708,76.15278052641995,16.036428571428576,6.727536422967898,WAIT
2024-11-21,SOLUSDT,248.86,212.67899991258318,187.1972728719736,162.79878422668,76.91570881226053,17.133571428571432,6.88482336597743,WAIT
2024-11-22,SOLUSDT,256.38,216.8409999209086,189.91032099464132,163.72994060253393,76.73520610097498,17.278571428571432,6.739438110839938,WAIT
2024-11-23,SOLUSDT,259.71,220.923761833203,192.64756330857696,164.6849660691754,79.38272788267994,17.656428571428574,6.798517027233675,WAIT
2024-11-24,SOLUSDT,244.17,223.13768927765986,194.6680510219661,165.47586192918362,65.06035458317615,17.722857142857148,7.2584089539489485,LONG
2024-11-25,SOLUSDT,244.97,225.21695696550177,196.6406764720851,166.26684837764947,62.975916858199255,17.750714285714288,7.246076779080822,LONG
2024-11-26,SOLUSDT,227.36,225.42105630212063,197.84535582612097,166.87474043359327,57.70533833897995,18.024285714285718,7.927641499949735,LONG
2024-11-27,SOLUSDT,240.59,226.86571760668056,199.52161638195938,167.60822560340827,60.37573989877327,18.087142857142858,7.51782819616063,LONG
2024-11-28,SOLUSDT,233.06,227.45564926318718,200.83684711207863,168.2594870401903,59.37236375906867,17.773571428571426,7.62617842125265,LONG
2024-11-29,SOLUSDT,243.5,228.98368266669317,202.5099119312128,169.0081488606859,63.909536612367546,17.849999999999998,7.3305954825462,LONG
2024-11-30,SOLUSDT,239.87,230.02047479367477,203.9750134241064,169.71324190684825,60.066461338952834,17.335714285714282,7.227128980578764,LONG
2024-12-01,SOLUSDT,238.5,230.8280486228486,205.3289344662983,170.39768726100897,52.145152145152146,15.681428571428567,6.575022461814912,LONG
2024-12-02,SOLUSDT,229.21,230.67394875400586,206.26544684016898,170.98288440269047,43.32324569699262,15.722142857142853,6.859274402139022,WAIT
2024-12-03,SOLUSDT,223.22,229.96404887267198,206.93033127780942,171.50265669719107,42.0352358230868,15.917857142857136,7.131017445953381,WAIT
2024-12-04,SOLUSDT,233.72,230.32175850384607,207.9809065218169,172.1217347400051,48.0173957533896,16.386428571428564,7.011136647025741,WAIT
2024-12-05,SOLUSDT,239.06,231.15397197967025,209.1996945013535,172.78778713065182,45.62968248305386,16.273571428571422,6.807316752518791,WAIT
2024-12-06,SOLUSDT,238.02,231.80787941017783,210.32990256012394,173.43686387562047,41.31010980689133,16.69571428571428,7.014416555631578,WAIT
2024-12-07,SOLUSDT,240.84,232.6680813711133,211.52637696953084,174.10754184700735,41.02539712736613,16.44928571428571,6.829964173013499,WAIT
2024-12-08,SOLUSDT,237.35,233.1139783833882,212.53906806876492,174.7368200375844,46.33648474430597,15.80785714285714,6.660146257786871,WAIT
2024-12-09,SOLUSDT,224.29,232.2735994897322,212.99988892881336,175.22988650487213,40.18416555914181,15.322142857142854,6.831398126150455,WAIT
2024-12-10,SOLUSDT,206.55,229.82373287166246,212.7469521080756,175.54152942522165,40.13463544135773,15.237857142857141,7.377321298889925,WAIT
2024-12-11,SOLUSDT,228.38,229.6862345029327,213.36001280971968,176.06728535133885,44.648023143683695,15.921428571428569,6.97146360076564,WAIT
2024-12-12,SOLUSDT,231.3,229.83992645503434,214.06354171914245,176.6168646015743,49.19605335282295,15.59142857142857,6.740781915879192,WAIT
2024-12-13,SOLUSDT,221.13,229.010409649793,214.34065773015647,177.05978137170789,39.75638794761426,15.611428571428572,7.059841980476901,WAIT
2024-12-14,SOLUSDT,222.56,228.39608492124128,214.66298487799347,177.51251986552174,41.91045892139452,15.635714285714286,7.025392831467597,WAIT
2024-12-15,SOLUSDT,220.88,227.6802673096945,214.90678939258197,177.9440370807902,41.789375582479025,15.661428571428573,7.090469291664511,WAIT
2024-12-16,SOLUSDT,216.98,226.66119423258073,214.98809176934347,178.33245462227487,43.9996074968109,15.411428571428575,7.102695442634609,WAIT
2024-12-17,SOLUSDT,220.53,226.07727097233493,215.20542150387902,178.7523306956851,48.64783351764351,15.426428571428575,6.995161008220458,WAIT
2024-12-18,SOLUSDT,217.73,225.2822927844935,215.30442458215828,179.14016820120068,41.28800261523374,15.045714285714288,6.910262382636426,WAIT
2024-12-19,SOLUSDT,205.44,223.39255061454173,214.9175844024658,179.40185806984545,32.972042139384115,14.840714285714288,7.223867935024478,WAIT
2024-12-20,SOLUSDT,189.89,220.2018315083949,213.9361105043299,179.50621769104103,28.746798551620586,15.530714285714287,8.17879524235836,WAIT
2024-12-21,SOLUSDT,186.65,217.00641898378586,212.8660669551405,179.57730010207547,26.159260888693368,16.222857142857144,8.691592361562895,WAIT
2024-12-22,SOLUSDT,181.87,213.66009336628244,211.650534917684,179.6001130363832,25.865669044719,16.194285714285716,8.904319411824774,WAIT
2024-12-23,SOLUSDT,180.87,210.5372273313984,210.44345511699052,179.61274872756346,28.897744945567666,15.936428571428573,8.810985001066275,WAIT
2024-12-24,SOLUSDT,197.79,209.32320568078904,209.94724119083403,179.7936168994285,45.708406819517926,15.587142857142856,7.880652640246148,WAIT
2024-12-25,SOLUSDT,198.27,208.2705194254758,209.48931016374252,179.9774615073944,31.34679717507126,14.260000000000002,7.192212639330206,WAIT
2024-12-26,SOLUSDT,188.7,206.40666043257335,208.67404309849772,180.0642529351815,25.61813186813187,14.595714285714285,7.734877734877735,WAIT
2024-12-27,SOLUSDT,184.13,204.2850737247092,207.711531604439,180.10470812985633,27.372798434442288,14.388571428571426,7.81435476487885,WAIT
2024-12-28,SOLUSDT,190.18,202.941733369975,207.02402056112766,180.20495979025577,31.2572354711739,14.493571428571427,7.620975617084564,WAIT
2024-12-29,SOLUSDT,195.14,202.1987111442631,206.55798053912267,180.35356715552686,35.64577291991969,14.539285714285713,7.450694739308042,WAIT
2024-12-30,SOLUSDT,187.32,200.78169103528566,205.80354992974532,180.42288489527286,34.15259670869844,14.195714285714283,7.578322808944204,WAIT
2024-12-31,SOLUSDT,198.44,200.55867284144892,205.51478326583373,180.60215967243434,39.08057340583292,13.958571428571426,7.034152100670947,WAIT
2025-01-01,SOLUSDT,191.91,199.73498971369187,204.9812623534481,180.71467549658922,37.690694126620905,13.663571428571428,7.119780849654228,WAIT
2025-01-02,SOLUSDT,206.77,200.40499069334027,205.0514089278227,180.97393245682218,50.61889250814332,13.826428571428568,6.686863941301237,WAIT
2025-01-03,SOLUSDT,217.36,202.01975348445072,205.53409877379045,181.33598288013738,63.40130744462875,12.567142857142855,5.78171828171828,WAIT
2025-01-04,SOLUSDT,214.32,203.19120553355066,205.87864391991633,181.6641820554594,63.52527128751588,11.675714285714287,5.447795019463554,WAIT
2025-01-05,SOLUSDT,213.59,204.18156691130773,206.18105004070392,181.98185188575334,66.14413680781757,11.493571428571428,5.381137426176988,WAIT
2025-01-06,SOLUSDT,221.62,205.84237006261176,206.78649905871555,182.37626131972596,69.35499192552484,11.452857142857141,5.167790426341098,WAIT
2025-01-07,SOLUSDT,207.76,206.02500148522017,206.8246755662169,182.62883583395754,54.87721357988455,11.421428571428569,5.497414599262885,WAIT
2025-01-08,SOLUSDT,197.8,205.2416680104373,206.4707667204829,182.7797926913311,49.789596203778316,11.953571428571427,6.0432615917954635,WAIT
2025-01-09,SOLUSDT,192.22,204.00150915230043,205.91191312360124,182.87372510236264,51.63416898792944,12.055714285714286,6.271831383682389,WAIT
2025-01-10,SOLUSDT,187.28,202.40898447112895,205.18124986385217,182.91756863368244,51.45738872952717,12.050714285714289,6.434597546835909,WAIT
2025-01-11,SOLUSDT,186.95,200.93670023578332,204.46629888879914,182.95769232886968,48.42208109428431,12.026428571428573,6.432965269552593,WAIT
2025-01-12,SOLUSDT,190.45,199.93796687999443,203.91664010884625,183.03224265395556,47.675686391119044,11.931428571428572,6.2648614184450375,WAIT
2025-01-13,SOLUSDT,178.8,197.92482717713781,202.93167383006798,182.99013078675205,45.9320091673033,12.904285714285718,7.217162032598276,SHORT
2025-01-14,SOLUSDT,186.85,196.8700817316961,202.30101995437906,183.02853744559033,44.29906542056075,13.103571428571433,7.0128827554570154,WAIT
2025-01-15,SOLUSDT,196.52,196.83674061439172,202.07431328950145,183.16278085409192,52.199637369978056,13.177857142857148,6.70560611787968,WAIT
2025-01-16,SOLUSDT,209.07,198.0018129368306,202.3486539448151,183.4205641291756,51.12217017954722,13.14071428571429,6.28531797279107,WAIT
2025-01-17,SOLUSDT,218.6,199.96354503808482,202.98596163325374,183.77060826719375,50.61131926641687,13.108571428571434,5.996601751405048,WAIT
2025-01-18,SOLUSDT,257.75,205.4670169392196,205.1335709809693,184.50672161776893,65.78928233839889,15.826428571428576,6.140224470001387,LONG
2025-01-19,SOLUSDT,270.58,211.6682534211987,207.7000976091666,185.3631721489354,69.04364098108668,19.10357142857143,7.060230404527841,LONG
2025-01-20,SOLUSDT,254.06,215.70556261917977,209.51813299704241,186.04672267481666,60.25803187452568,21.840000000000007,8.596394552467924,LONG
2025-01-21,SOLUSDT,240.92,218.1069376078293,210.74957876186429,186.59272543427124,60.53367217280813,22.479285714285716,9.330601740945426,LONG
2025-01-22,SOLUSDT,257.3,221.83961021660747,212.5750854770853,187.29628040507453,68.16017580271028,23.139285714285716,8.993115318416525,LONG
2025-01-23,SOLUSDT,249.39,224.46345686264485,214.01880761523884,187.91412836124294,67.2043334336443,24.271428571428576,9.732318285187286,LONG
2025-01-24,SOLUSDT,262.28,228.06503239953582,215.9114033950334,188.65408728302162,71.5393452039058,25.381428571428575,9.677226083356938,LONG
2025-01-25,SOLUSDT,253.68,230.50455312338957,217.3925248305223,189.30111129015575,68.29522399517465,26.162857142857145,10.313330630265352,LONG
2025-01-26,SOLUSDT,254.58,232.7974528259239,218.85085719010965,189.95065247134823,67.83668020248096,26.252142857142854,10.311942358843135,LONG
2025-01-27,SOLUSDT,233.66,232.87960017583592,219.43160788853672,190.38557135223036,64.51015658061786,27.252142857142854,11.663161370000367,LONG
2025-01-28,SOLUSDT,237.49,233.31868587337536,220.13978012820195,190.85427213479525,63.69981603722541,27.567857142857143,11.608007555205331,LONG
2025-01-29,SOLUSDT,228.4,232.85023959972057,220.46371031925287,191.22786146678735,58.651758575770735,27.600714285714282,12.084375781836377,LONG
2025-01-30,SOLUSDT,241.09,233.63497868546148,221.27258442438023,191.72400214870987,58.68315435513613,27.697857142857142,11.488596434052488,LONG
2025-01-31,SOLUSDT,240.09,234.24974262017943,222.01052229009082,192.20525585867296,56.11032129655956,27.387142857142855,11.407031886851954,LONG
2025-02-01,SOLUSDT,226.38,233.50024332301948,222.18187435714609,192.5453030640593,39.571836978924274,25.316428571428567,11.183156008228892,WAIT
2025-02-02,SOLUSDT,212.07,231.45926776844618,221.785330264709,192.7395786554617,30.739350846006985,23.002142857142854,10.846485998558427,WAIT
2025-02-03,SOLUSDT,207.02,229.1317184571656,221.20629770530866,192.8816724001835,33.25024925224328,22.09142857142857,10.671156686034474,WAIT
2025-02-04,SOLUSDT,215.65,227.84774527076885,220.9884036776495,193.10822292356477,40.70340666617616,21.47214285714286,9.956940810175219,WAIT
2025-02-05,SOLUSDT,201.77,225.36415048307657,220.23474078832993,193.19440976014621,29.188216775354164,20.88214285714285,10.349478543461787,WAIT
2025-02-06,SOLUSDT,191.23,222.11327900849784,219.09729997310131,193.17486339437363,28.623934137018523,19.712142857142858,10.308080770351335,WAIT
2025-02-07,SOLUSDT,198.07,219.82344291245042,218.27269997415618,193.2235712212953,25.301946303561834,18.959999999999997,9.572373403342253,WAIT
2025-02-08,SOLUSDT,193.41,217.30787692078846,217.2976921320324,193.22542623401873,26.092820309401034,18.37928571428571,9.502758758226417,WAIT
2025-02-09,SOLUSDT,200.7,215.72617435690384,216.64680224450174,193.29980010233695,29.6587133796436,18.820714285714285,9.377535767670297,WAIT
2025-02-10,SOLUSDT,203.07,214.5208244181511,216.1143786270703,193.3970160217167,36.57037492317148,17.27857142857143,8.508677514439075,WAIT
2025-02-11,SOLUSDT,199.47,213.0874125688034,215.46165789659696,193.45744372299316,33.27467886679571,16.442857142857143,8.243273245529224,WAIT
2025-02-12,SOLUSDT,192.0,211.0790875622507,214.54159288104415,193.4429417954012,33.75580149946447,16.362142857142857,8.521949404761903,WAIT
2025-02-13,SOLUSDT,191.94,209.25631731822682,213.65525590531695,193.42798715067084,25.279146967105916,15.478571428571428,8.064276038643028,SHORT
2025-02-14,SOLUSDT,200.86,208.45666804982426,213.15348116393199,193.5019375272811,31.724587720115537,15.683571428571428,7.808210409524757,WAIT
2025-02-15,SOLUSDT,194.66,207.14269966412672,212.42824660848368,193.51346053695988,34.11140052093769,15.450000000000001,7.936915647796158,WAIT
2025-02-16,SOLUSDT,190.32,205.54053779135276,211.56125654540588,193.48168481022398,37.89649415692822,14.456428571428575,7.595853599951963,SHORT
2025-02-17,SOLUSDT,180.36,203.14239133503347,210.33767785735077,193.35112078226157,35.9328830730266,12.684285714285718,7.032759877071255,SHORT
2025-02-18,SOLUSDT,165.95,199.60025882693503,208.5969846080429,193.07847281427888,25.283469265963802,12.694285714285718,7.649464124305946,SHORT
2025-02-19,SOLUSDT,169.74,196.75642465294123,207.07318129008044,192.84624920418656,32.29408512990604,12.443571428571433,7.3309599555622915,SHORT
2025-02-20,SOLUSDT,171.61,194.36152706694682,205.68246829831259,192.63494324195585,38.00440205429202,12.213571428571436,7.117051120897054,SHORT
2025-02-21,SOLUSDT,173.17,192.34328639390426,204.407469541516,192.44126221467272,33.725490196078425,11.780000000000006,6.802563954495587,SHORT
2025-02-22,SOLUSDT,174.23,190.6182114992467,203.22403936341735,192.260055625472,36.84499314128944,11.600000000000007,6.657866039143665,SHORT
2025-02-23,SOLUSDT,166.76,188.34600088027082,201.7940770354402,192.00632372870115,26.778872468527666,11.165000000000006,6.695250659630611,SHORT
2025-02-24,SOLUSDT,152.66,184.94733412976885,199.8672504850308,191.61481801995785,20.280627284518346,11.416428571428577,7.478336546199775,WAIT
2025-02-25,SOLUSDT,138.89,180.56092135550514,197.47598576012766,191.0901929650329,18.10907559486209,12.477857142857149,8.98398527097498,WAIT
2025-02-26,SOLUSDT,139.27,176.62845265498083,195.19339808325992,190.57456915443558,20.002275571737428,12.537857142857147,9.002554134312591,WAIT
2025-02-27,SOLUSDT,139.63,173.1047904973636,193.0144412956811,190.06765801857057,20.342442453792955,12.720000000000004,9.109790159707803,WAIT
2025-02-28,SOLUSDT,145.68,170.49290568809087,191.15818869585047,189.62598977957984,17.662916080637615,13.44928571428572,9.232074213540445,WAIT
2025-03-01,SOLUSDT,140.39,167.62596228922507,189.1672793352289,189.13607943351437,17.85333491292502,13.492142857142865,9.610472866402782,WAIT
2025-03-02,SOLUSDT,157.46,166.65777540453698,187.9238566162003,188.82089456352915,33.08626724315424,14.755000000000004,9.370633811761719,SHORT
2025-03-03,SOLUSDT,157.78,165.81227298505726,186.7417445920356,188.5120299410065,37.097142857142856,15.780000000000005,10.001267587780456,SHORT
2025-03-04,SOLUSDT,138.59,163.21967555790894,184.853440882544,188.01529332467808,35.175552665799756,16.416428571428575,11.84531969942173,SHORT
2025-03-05,SOLUSDT,141.66,161.16637312382238,183.15958045577756,187.55404662493004,34.66579292267366,16.82,11.873499929408442,SHORT
2025-03-06,SOLUSDT,149.03,160.01052806441072,181.82116553594315,187.1707227779158,38.368019781578404,16.997142857142858,11.405182082226974,SHORT
2025-03-07,SOLUSDT,144.89,158.57047777256207,180.37288453453363,186.75001906868283,35.808912083500616,17.313571428571432,11.94945919564596,SHORT
2025-03-08,SOLUSDT,137.21,156.5361465561276,178.68022239592446,186.25708355556162,32.58046301524564,17.76357142857143,12.946265890657699,SHORT
2025-03-09,SOLUSDT,130.16,154.02413259840117,176.77746857647645,185.69890361968538,32.70975056689343,17.91,13.759987707437002,SHORT
2025-03-10,SOLUSDT,121.96,150.97040568426772,174.62776392641857,185.06468567322085,34.64078447068242,17.36357142857143,14.237103499976575,SHORT
2025-03-11,SOLUSDT,125.02,148.49893847624222,172.68236141950018,184.46722611428333,42.22795024095036,16.722857142857144,13.376145531000756,SHORT
2025-03-12,SOLUSDT,124.57,146.21999195469533,170.79560214814722,183.87123381463874,41.7693169092945,16.55357142857143,13.288569823048432,SHORT
2025-03-13,SOLUSDT,124.34,144.1361831971053,168.97381382861204,183.27888322941845,41.4264887293933,16.087857142857143,12.938601530366045,SHORT
2025-03-14,SOLUSDT,132.12,142.991784797381,167.52856622749,182.7698396151954,42.54125412541254,15.440714285714288,11.686886380346872,SHORT
2025-03-15,SOLUSDT,135.12,142.24209100715424,166.25764206170606,182.29571185783027,47.02629500056428,14.903571428571427,11.029878203501648,SHORT
2025-03-16,SOLUSDT,128.78,140.959987101711,164.78793060830583,181.76321721247874,31.587057010785813,13.79857142857143,10.714840370066337,SHORT
2025-03-17,SOLUSDT,127.51,139.6790359491671,163.32605097660758,181.2233842053894,30.800456678929336,12.390714285714283,9.717445130353921,SHORT
2025-03-18,SOLUSDT,122.57,138.04960395400832,161.72777446772102,180.6397684421517,37.59677918860327,11.085714285714285,9.044394456811851,SHORT
2025-03-19,SOLUSDT,132.32,137.5039273869599,160.57452841016334,180.1589747263094,43.44653381981476,10.458571428571428,7.9039989635515635,SHORT
2025-03-20,SOLUSDT,128.91,136.68545811201133,159.33278219800007,179.64903467928144,35.0520059435364,10.117142857142856,7.848221904540265,SHORT
2025-03-21,SOLUSDT,125.98,135.66589067277215,158.02482995494125,179.11501443371645,35.69375094568015,9.37428571428571,7.441090422516042,SHORT
2025-03-22,SOLUSDT,129.25,135.05485346584146,156.89640525082592,178.61884513586853,43.5473411154345,8.818571428571426,6.8228792484111604,SHORT
2025-03-23,SOLUSDT,132.51,134.81248646909467,155.94007563314648,178.16005065690467,52.02971152185177,8.519285714285711,6.4291643757344445,WAIT
2025-03-24,SOLUSDT,143.25,135.61605918632375,155.4424256083172,177.81268696877626,67.61542280324343,8.76,6.115183246073299,WAIT
2025-03-25,SOLUSDT,145.28,136.53643450191197,155.04389911387338,177.48897864072873,67.05387205387206,8.405714285714286,5.7858716173694145,WAIT
2025-03-26,SOLUSDT,139.34,136.8034407398251,154.42805993293717,177.1093868134578,61.38079827400217,8.20142857142857,5.885911132071602,WAIT
2025-03-27,SOLUSDT,137.79,136.89739876460368,153.77558699439064,176.7181491337219,60.15707597039721,8.12,5.893025618695115,WAIT
2025-03-28,SOLUSDT,129.92,136.23288459654617,152.84007377892434,176.25249590851075,48.34087481146303,7.945714285714287,6.1158515130190025,SHORT
2025-03-29,SOLUSDT,126.32,135.28880034925606,151.80007088563318,175.75565515320218,43.42301943198804,8.022142857142857,6.350651406857867,SHORT
2025-03-30,SOLUSDT,124.92,134.30129555408882,150.7459504587456,175.24982773874248,46.88508715300194,7.657142857142857,6.129637253556561,SHORT
2025-03-31,SOLUSDT,126.78,133.58498169179464,149.806109264285,174.76754089557093,49.416466826538766,7.584999999999999,5.982804858810537,SHORT
2025-04-01,SOLUSDT,129.27,133.17403105448088,149.00077164607774,174.31482904586377,55.574043261231296,7.437142857142859,5.753185470057135,WAIT
2025-04-02,SOLUSDT,130.43,132.91269476357795,148.2725060913296,173.8781640802333,48.165404775771705,7.249285714285716,5.557989507234314,SHORT
2025-04-03,SOLUSDT,114.16,131.12672383371338,146.93476075441473,173.28395349237027,38.54279944073326,8.394285714285717,7.353088397236964,SHORT
2025-04-04,SOLUSDT,118.6,129.93370251621687,145.8235936660063,172.7398345521477,44.39890710382514,8.66214285714286,7.303661768248617,SHORT
2025-04-05,SOLUSDT,117.55,128.75430227657716,144.71482528694725,172.19068196953927,40.810556079170595,8.649285714285716,7.357963176763689,SHORT
2025-04-06,SOLUSDT,114.97,127.44151158356982,143.54836155020422,171.62132194994186,36.07494442680217,8.712857142857144,7.578374482784331,SHORT
2025-04-07,SOLUSDT,106.65,125.46136762322983,142.10136697960797,170.97484113451955,19.782034346103032,9.087142857142858,8.520527761034092,WAIT
2025-04-08,SOLUSDT,107.2,123.72218975435081,140.73268592158414,170.34026560084274,17.77251184834124,9.066428571428572,8.45748933901919,WAIT
2025-04-09,SOLUSDT,106.54,122.08579073012692,139.39179627760043,169.70543708740152,19.516728624535318,9.04857142857143,8.493121295824507,WAIT
2025-04-10,SOLUSDT,109.6,120.89666780344817,138.22349054122395,169.10737303678061,24.516362321460846,9.776428571428571,8.92009906152242,WAIT
2025-04-11,SOLUSDT,119.91,120.80269944121501,137.50531444156812,168.61784693691217,41.333333333333336,9.95857142857143,8.305038302536428,SHORT
2025-04-12,SOLUSDT,130.47,121.72339473252786,137.22941975758505,168.23826637037575,53.206614124555706,10.450000000000001,8.009504100559518,WAIT
2025-04-13,SOLUSDT,128.72,122.38973809133473,136.89571702199348,167.845049789576,52.920381186596984,10.680000000000003,8.297078931013054,WAIT
2025-04-14,SOLUSDT,128.8,123.00023922549333,136.57823792309176,167.45654183147076,51.59608091024022,11.090714285714288,8.610803016858918,WAIT
2025-04-15,SOLUSDT,129.61,123.62974025163682,136.30497369081365,167.079959325685,50.27597402597402,11.085714285714287,8.553131923242255,WAIT
2025-04-16,SOLUSDT,128.39,124.0830983229095,135.99458256568371,166.69498460602645,48.34576710995782,11.046428571428574,8.603807595162065,SHORT
2025-04-17,SOLUSDT,133.45,124.97518419691812,135.8947950140883,166.36418873929983,69.11793855302278,10.100714285714286,7.568912915484666,WAIT
2025-04-18,SOLUSDT,132.91,125.73088094006877,135.7777442292221,166.0313112394063,65.37056928034372,9.847857142857142,7.409417758526178,WAIT
2025-04-19,SOLUSDT,138.95,126.98984466006222,135.90214641631144,165.76184545592963,70.76057431121458,9.916428571428572,7.136688428520023,WAIT
2025-04-20,SOLUSDT,135.94,127.84224040672296,135.90363087057375,165.46511067527362,70.17510101981912,9.88,7.26791231425629,WAIT
2025-04-21,SOLUSDT,138.33,128.84107465370172,135.99878260113948,165.19510957402713,84.40486533449175,8.989285714285717,6.498435418409396,WAIT
2025-04-22,SOLUSDT,145.32,130.41049611525395,136.3643205383497,164.99734728970847,86.3185975609756,9.18071428571429,6.317584837403173,WAIT
2025-04-23,SOLUSDT,151.41,132.41044886618215,136.95434718390462,164.86214980423875,88.7411500604386,9.448571428571432,6.240387972109789,WAIT
2025-04-24,SOLUSDT,149.34,134.0227870694029,137.4400590590456,164.7077005524553,84.90864371047084,8.937142857142861,5.984426715644075,WAIT
2025-04-25,SOLUSDT,152.94,135.82442639612643,138.0478998802595,164.5906090046697,82.8918542123083,8.56571428571429,5.600702422985674,WAIT
2025-04-26,SOLUSDT,149.31,137.1087667393525,138.48955086534738,164.4385631439267,71.7652495378928,8.021428571428576,5.3723317737784315,WAIT
2025-04-27,SOLUSDT,149.01,138.24221752608082,138.90211749807887,164.2850451026936,74.2529285202008,7.847857142857146,5.266664749249813,WAIT
2025-04-28,SOLUSDT,146.34,139.0134349045493,139.1937991648209,164.10648743998024,69.74335884736604,7.702142857142861,5.263183584216797,WAIT
2025-04-29,SOLUSDT,148.02,139.87120300887796,139.5399246877691,163.94642288833865,70.32457496136013,7.515000000000005,5.0770166193757635,LONG
2025-04-30,SOLUSDT,142.22,140.0948979604134,139.6450256804056,163.73023957601688,63.86605173450974,7.726428571428576,5.432729975691588,LONG
2025-05-01,SOLUSDT,151.8,141.20966958323118,140.12169133999754,163.61153072451424,66.8689097260526,7.861428571428576,5.178806700545834,LONG
2025-05-02,SOLUSDT,149.88,142.03541533720914,140.50437011097804,163.47489857800167,65.21427290658059,7.8821428571428624,5.258969080025929,LONG
2025-05-03,SOLUSDT,148.46,142.64728054318923,140.81635559682204,163.32549660210117,59.29618768328447,7.6635714285714345,5.162044610380867,LONG
2025-05-04,SOLUSDT,146.84,143.0465871581236,141.05257694596628,163.16146181004046,60.95257234726688,7.482857142857147,5.095925594427367,LONG
2025-05-05,SOLUSDT,143.76,143.1145312383023,141.15875039906564,162.9684124387963,55.38156590683844,7.324285714285717,5.094800858573816,LONG
2025-05-06,SOLUSDT,143.18,143.12076635846398,141.23801508929836,162.7715128125396,47.57039055404179,6.940000000000002,4.8470456767705,WAIT
2025-05-07,SOLUSDT,145.75,143.3711695624198,141.41495567403177,162.60214452584768,43.01579466929912,6.680714285714288,4.583680470472925,WAIT
2025-05-08,SOLUSDT,160.24,144.97772484218933,142.1531927064227,162.57864060021737,60.294673214960326,7.4578571428571445,4.6541794451180385,LONG
2025-05-09,SOLUSDT,170.75,147.4322272381713,143.27463612970024,162.65994765892168,64.87886382623225,8.134285714285715,4.76385693369588,LONG
2025-05-10,SOLUSDT,171.07,149.6834436916788,144.36465039912378,162.74362977176824,69.24301379554296,8.213571428571429,4.80129270390567,LONG
2025-05-11,SOLUSDT,170.48,151.6640681019951,145.38878175602088,162.82060858000935,68.88967094844271,8.642857142857142,5.069719112422068,LONG
2025-05-12,SOLUSDT,174.4,153.82939494942414,146.5264765891181,162.9358264050839,74.15633608815425,8.877857142857142,5.090514416775884,LONG
2025-05-13,SOLUSDT,176.09,155.9494525732885,147.68583044836836,163.0667137045358,74.16078498881045,9.33285714285714,5.300049487680811,LONG
2025-05-14,SOLUSDT,177.35,157.98759994726103,148.84913121509902,163.20883595623198,82.80112044817926,9.27642857142857,5.2305771476902,WAIT
2025-05-15,SOLUSDT,172.23,159.34401899990283,149.76602803019318,163.29859878253814,70.80871867997553,9.185714285714285,5.333399689783596,LONG
2025-05-16,SOLUSDT,172.08,160.55696957134066,150.64108575449933,163.38597590908006,73.45731191885042,9.421428571428573,5.475028226074252,LONG
2025-05-17,SOLUSDT,167.31,161.20011532645108,151.2947686660876,163.42502092491011,68.60074995066114,9.704285714285716,5.800182723259647,LONG
2025-05-18,SOLUSDT,176.26,162.63439005726528,152.2737973458489,163.55273215948813,75.36206896551724,10.312857142857142,5.850934496117748,WAIT
2025-05-19,SOLUSDT,164.21,162.78444814704955,152.74188372444306,163.5592721380007,65.26803046140066,11.171428571428573,6.803135358034574,LONG
2025-05-20,SOLUSDT,166.64,163.15164356161625,153.28690789211197,163.5899261465778,67.04446381865736,11.457857142857145,6.875814416020851,LONG
2025-05-21,SOLUSDT,172.17,164.01053465098613,154.0274213081076,163.67530001576608,68.40345500139316,11.59857142857143,6.736697118296702,LONG
2025-05-22,SOLUSDT,179.02,165.4400075413684,155.00752243327986,163.82798359769876,64.6398503274088,11.374285714285717,6.353639657181162,LONG
2025-05-23,SOLUSDT,180.66,166.88953063266663,156.01350194570026,163.99546634797042,58.96508051384115,11.145000000000005,6.16904682829625,LONG
2025-05-24,SOLUSDT,176.31,167.7867181914603,156.80944304586887,164.11799902112494,54.41821247892076,11.370000000000005,6.448868470307982,LONG
2025-05-25,SOLUSDT,170.29,168.02512598274978,157.33809233818775,164.17941196618838,49.85323652093311,11.217142857142862,6.587082539868966,WAIT
2025-05-26,SOLUSDT,177.49,168.92654255582124,158.12836322688628,164.31185562821636,52.27172474636083,11.058571428571435,6.230532102412212,LONG
2025-05-27,SOLUSDT,178.44,169.8325861219335,158.9248980023025,164.4524341791794,51.74669243347703,10.89285714285715,6.104492906779393,LONG
2025-05-28,SOLUSDT,169.7,169.81995887222556,159.34745102182006,164.5046487644612,44.8829431438127,10.971428571428579,6.465190672615545,WAIT
2025-05-29,SOLUSDT,169.75,169.8132961224898,159.7553941190036,164.55684131406855,48.22043628013778,10.611428571428577,6.251209762255421,WAIT
2025-05-30,SOLUSDT,161.23,168.99583934891933,159.8132218006113,164.52373841542112,43.04932735426007,10.783571428571435,6.688315715791997,WAIT
2025-05-31,SOLUSDT,155.63,167.72290226806987,159.64917388686183,164.43524350581495,42.596348884381335,10.849285714285722,6.971204596983693,WAIT
2025-06-01,SOLUSDT,154.17,166.43214967111084,159.43430432267118,164.33310177938895,34.52864546855301,10.500000000000009,6.810663553220478,WAIT
2025-06-02,SOLUSDT,153.16,165.16813541671934,159.1882531727625,164.2219266373055,40.8450704225352,9.780714285714295,6.385945603104136,WAIT
2025-06-03,SOLUSDT,162.2,164.88545585322225,159.3063608914777,164.2018079642975,46.68458781362008,9.890714285714292,6.097850977629034,WAIT
2025-06-04,SOLUSDT,157.13,164.14684101005824,159.2210134055374,164.13144171589653,38.69172932330829,9.832142857142864,6.257330145193703,WAIT
2025-06-05,SOLUSDT,150.9,162.88523710433842,158.89469915433986,163.99978557941995,28.65816636308439,9.380000000000006,6.216037110669322,WAIT
2025-06-06,SOLUSDT,151.08,161.76092880868714,158.5882403639736,163.87123049902772,27.041291524371317,9.12571428571429,6.0403192253867415,WAIT
2025-06-07,SOLUSDT,150.99,160.73512606500265,158.2902701536217,163.74305905127622,28.95611702127661,8.857857142857146,5.866519069380187,WAIT
2025-06-08,SOLUSDT,150.7,159.77939977309762,157.99261250053848,163.61327736917397,32.004409333088375,8.497857142857146,5.638923120674948,WAIT
2025-06-09,SOLUSDT,155.02,159.32612360423119,157.87603946130167,163.52777212171952,28.205625606207576,8.29714285714286,5.352304771734525,WAIT
2025-06-10,SOLUSDT,158.02,159.2017308800187,157.8816849726232,163.47296841901584,30.951492537313456,8.212857142857148,5.197352957130203,WAIT
2025-06-11,SOLUSDT,167.26,159.96918508192167,158.2494620325203,163.5106503252943,47.74491682070241,8.27571428571429,4.947814352334264,WAIT
2025-06-12,SOLUSDT,157.02,159.68831031221484,158.20124783516658,163.446066739968,40.09954891896097,8.610714285714291,5.483832814746077,WAIT
2025-06-13,SOLUSDT,147.18,158.49704266343247,157.76904203770908,163.28421532962005,39.29279073311996,9.328571428571433,6.338205889775399,WAIT
2025-06-14,SOLUSDT,144.54,157.16780050501032,157.25025607544598,163.09770572435022,41.14924181963288,9.007857142857144,6.232086026606575,SHORT
2025-06-15,SOLUSDT,150.84,156.5651528378665,156.99887348425202,162.97573850321243,47.53296784708847,9.26357142857143,6.141322877599728,SHORT
2025-06-16,SOLUSDT,156.58,156.5665668533078,156.98244707310488,162.91209931412575,52.367765162004986,9.444999999999999,6.032060288670326,WAIT
2025-06-17,SOLUSDT,147.62,155.71451286727847,156.6152922859243,162.7599391219454,39.894649293041326,9.474285714285715,6.418023109528326,SHORT
2025-06-18,SOLUSDT,145.74,154.764559260871,156.1888102354959,162.59058649386634,41.74039158810734,9.357142857142858,6.420435609402262,SHORT
2025-06-19,SOLUSDT,143.16,153.65936314078806,155.6778765007706,162.39724732477316,44.07350689127106,9.069285714285714,6.3350696523370456,SHORT
2025-06-20,SOLUSDT,142.86,152.6308523654749,155.17521467721096,162.2028468538799,43.71751757872211,8.755,6.128377432451352,SHORT
2025-06-21,SOLUSDT,140.3,151.4564854735249,154.59187292516347,161.98490807921442,42.126970098689064,8.84857142857143,6.306893391711639,SHORT
2025-06-22,SOLUSDT,128.55,149.2749154284273,153.57062300652962,161.65222242668494,36.04284814114684,9.620714285714286,7.484025115296992,SHORT
2025-06-23,SOLUSDT,133.43,147.76587586381518,152.78079465333238,161.3714042930861,36.49105243398824,9.940000000000001,7.449599040695497,SHORT
2025-06-24,SOLUSDT,144.31,147.43674482916612,152.4486066277115,161.20163907623947,42.19159357557808,10.600714285714284,7.345793282318816,SHORT
2025-06-25,SOLUSDT,143.69,147.07991198829316,152.10513185799735,161.02739391130177,35.114310976379954,10.161428571428567,7.071771571736772,SHORT
2025-06-26,SOLUSDT,143.0,146.69134894178904,151.7480678635661,160.848016857458,39.931054294742886,9.84642857142857,6.885614385614384,SHORT
2025-06-27,SOLUSDT,143.47,146.38455380447581,151.42343775126938,160.67510126683652,46.92116182572614,8.887142857142855,6.194425912833941,SHORT
2025-06-28,SOLUSDT,148.17,146.55459629928765,151.29585195710195,160.5506723985098,52.912855079441506,9.130714285714284,6.1623232001851145,WAIT
2025-06-29,SOLUSDT,150.75,146.95415855649836,151.27444599799992,160.4531532701664,49.9231950844854,8.673571428571426,5.7536128879412445,SHORT
2025-06-30,SOLUSDT,157.83,147.98995297968898,151.53152654709797,160.42705224260257,51.04288336392457,8.726428571428572,5.529004987282881,WAIT
2025-07-01,SOLUSDT,147.22,147.9166241244805,151.36244707466275,160.2956387874523,49.675219227021756,8.722142857142858,5.924563820909427,SHORT
2025-07-02,SOLUSDT,151.31,148.2398027792919,151.36039032663678,160.20622944628363,54.36588807023044,8.729285714285716,5.769139986970931,WAIT
2025-07-03,SOLUSDT,150.18,148.4245834669784,151.31410050990593,160.1064659692062,55.63041385948028,8.835714285714285,5.88341609116679,WAIT
2025-07-04,SOLUSDT,146.57,148.2479564701233,151.1280573526547,159.9717747655325,52.82559025133282,8.916428571428572,6.08339262565912,WAIT
2025-07-05,SOLUSDT,147.12,148.14053204439728,150.97087863294277,159.84389640965657,55.35826524198617,8.642857142857142,5.874698982366192,WAIT
2025-07-06,SOLUSDT,151.53,148.46333851635944,150.99280496106266,159.76117107224707,70.40852575488452,8.046428571428569,5.310122465141272,WAIT
2025-07-07,SOLUSDT,151.07,148.71159199099188,150.99583221749157,159.67469175809535,67.0007710100231,7.485714285714282,4.9551295993342706,WAIT
2025-07-08,SOLUSDT,149.83,148.81810703946886,150.95011330700171,159.57673462617402,56.534090909090914,6.695714285714284,4.468874247957207,WAIT
2025-07-09,SOLUSDT,153.97,149.3087635119004,151.06854023613892,159.52094622193349,61.23251748251748,6.795,4.41319737611223,WAIT
2025-07-10,SOLUSDT,156.43,149.98697651076702,151.2787935602119,159.49019053813316,64.12791920892067,6.760714285714286,4.321878339010603,WAIT
2025-07-11,SOLUSDT,162.34,151.163454938313,151.71256636177222,159.51854685118658,67.81196903907872,7.133571428571427,4.394216723279184,WAIT
2025-07-12,SOLUSDT,158.14,151.8278878013308,151.9646225828792,159.5048299670952,59.50066704783685,7.043571428571427,4.454010009214258,WAIT
2025-07-13,SOLUSDT,162.04,152.80046991548977,152.3597354227663,159.5300555395619,60.49451570923962,7.162142857142856,4.419984483549035,LONG
2025-07-14,SOLUSDT,163.96,153.86328230449075,152.8146477591284,159.57413458891952,56.30269381040509,7.053571428571426,4.30200745826508,LONG
2025-07-15,SOLUSDT,160.47,154.49249351358688,153.1148576509273,159.58304867261188,65.96000963623223,6.760714285714284,4.21307053387816,LONG
2025-07-16,SOLUSDT,168.45,155.82177984562622,153.71623578226348,159.6712770440287,68.87665198237883,6.932142857142854,4.115252512403001,LONG
2025-07-17,SOLUSDT,174.13,157.5654198603285,154.51677555550805,159.81514493413786,73.97397397397394,7.16785714285714,4.116382669762327,LONG
2025-07-18,SOLUSDT,177.02,159.4182370164877,155.39925494548814,159.98633752185788,80.92626447288238,7.587142857142853,4.2860370902400025,WAIT
2025-07-19,SOLUSDT,177.4,161.1307858720603,156.26202926135136,160.15960779527222,80.8601712189156,7.75785714285714,4.373087453696246,WAIT
2025-07-20,SOLUSDT,181.96,163.1145205509117,157.26979281972973,160.3765271206924,80.91851249745984,7.905714285714282,4.344753949062586,WAIT
2025-07-21,SOLUSDT,196.79,166.32170906987247,158.81960486601486,160.73885023391935,85.95470273670965,9.179285714285712,4.66450821397719,WAIT
2025-07-22,SOLUSDT,201.83,169.70345106321795,160.50628702813194,161.1477173957709,88.58711783912138,9.664999999999997,4.788683545558142,WAIT
2025-07-23,SOLUSDT,192.72,171.89550334291147,161.76956988977383,161.46186946148464,76.77954388389769,10.535714285714283,5.466850501097075,WAIT
2025-07-24,SOLUSDT,188.53,173.47974111977703,162.8189985215474,161.73120409370867,71.66576673866088,11.066428571428569,5.869850194360881,LONG
2025-07-25,SOLUSDT,178.2,173.92928958456017,163.42217505011416,161.89507270969168,60.10191082802545,11.235714285714282,6.30511463844797,LONG
2025-07-26,SOLUSDT,187.52,175.2236429574592,164.36718779324696,162.15004711059026,67.56756756756756,11.594285714285713,6.18295953193564,LONG
2025-07-27,SOLUSDT,186.47,176.29472458055832,165.23396474253138,162.39203669157942,65.123189302959,11.452857142857141,6.141930145791355,LONG
2025-07-28,SOLUSDT,187.18,177.33141747764802,166.09459357615762,162.63868309265823,64.59276018099547,11.473571428571427,6.129699448964327,LONG
2025-07-29,SOLUSDT,180.81,177.66271105120535,166.67166833787692,162.81949221611438,62.3362445414847,11.519285714285713,6.370933971730388,LONG
2025-07-30,SOLUSDT,179.18,177.80721476061436,167.16219114815627,162.9822833383421,57.05086082270996,11.305714285714286,6.309696554143479,LONG
2025-07-31,SOLUSDT,177.35,177.7636704976987,167.56171306391485,163.1252456931845,52.228682170542626,11.492857142857144,6.480325425913247,LONG
2025-08-01,SOLUSDT,168.57,176.8880828312512,167.60125372807505,163.17942235295382,44.59234608985024,11.616428571428573,6.891160094577074,WAIT
2025-08-02,SOLUSDT,161.5,175.42255113303682,167.3619888759937,163.16271168277518,40.627210563546335,11.950714285714287,7.399823087129589,WAIT
2025-08-03,SOLUSDT,162.11,174.15468912036664,167.1560285279155,163.152236939663,37.72721652034131,11.865714285714288,7.319544929809566,WAIT
2025-08-04,SOLUSDT,165.49,173.3294806327127,167.0906940758404,163.17549826364646,27.456064534716262,10.771428571428574,6.508809336774774,WAIT
2025-08-05,SOLUSDT,163.78,172.42000628674006,166.96086293561135,163.18151320629676,21.213496746860372,10.546428571428573,6.4393873314376435,WAIT
2025-08-06,SOLUSDT,169.04,172.09810092609814,167.04239772245012,163.23980660722913,30.97686375321338,9.803571428571429,5.799557163139748,WAIT
2025-08-07,SOLUSDT,170.49,171.94494845694595,167.1775978117658,163.3119478350179,34.84033613445381,9.321428571428573,5.46743420225736,WAIT
2025-08-08,SOLUSDT,175.23,172.2578105086654,167.49337828973577,163.43053541874906,47.24540901502505,9.159285714285716,5.227007769380652,WAIT
2025-08-09,SOLUSDT,180.09,173.00373331736392,167.98736345484417,163.59630123547794,42.48736097067745,8.875714285714286,4.9284881368839395,WAIT
2025-08-10,SOLUSDT,181.54,173.8167110966626,168.51883939779145,163.7748455017916,45.05516549648946,9.189285714285717,5.061851776074539,WAIT
2025-08-11,SOLUSDT,180.19,174.42369099221855,168.9765319704271,163.93818037242053,43.07783719548424,9.207857142857147,5.11008221480501,WAIT
2025-08-12,SOLUSDT,181.7,175.11667280248346,169.47549150099857,164.11491489607803,50.97523559062019,9.201428571428574,5.064077364572688,LONG
2025-08-13,SOLUSDT,197.44,177.2427039641517,170.5721388931163,164.44650778268422,65.28289253431535,10.490714285714287,5.313368256540866,LONG
2025-08-14,SOLUSDT,194.85,178.91958930089916,171.52421187769997,164.7490300933043,64.46280991735537,11.260000000000002,5.77880420836541,LONG
2025-08-15,SOLUSDT,185.55,179.5510569865278,172.07424278445683,164.95600491824655,63.91347099311703,11.154285714285715,6.0114716864918964,LONG
2025-08-16,SOLUSDT,188.79,180.4309563211442,172.72976267526244,165.1931590981645,73.85906627032699,10.854285714285712,5.74939653280667,LONG
2025-08-17,SOLUSDT,195.47,181.86324619532095,173.62153668799724,165.49442119669024,76.36737274739173,10.95,5.601882641837622,WAIT
2025-08-18,SOLUSDT,183.1,181.98103227195705,173.9932411316052,165.6696010852804,62.186851211072664,11.644999999999998,6.359912616056798,LONG
2025-08-19,SOLUSDT,177.98,181.59998157938972,174.1495846166403,165.79209261677013,59.38408670367433,11.625,6.531632767726711,LONG
2025-08-20,SOLUSDT,183.03,181.73617380992403,174.4978362003015,165.96361408326993,59.271040424121935,11.702142857142858,6.393565457653312,LONG
2025-08-21,SOLUSDT,181.65,181.72796678040746,174.77831321205437,166.11969752522745,57.40249403024674,11.835714285714285,6.51566985175573,LONG
2025-08-22,SOLUSDT,193.47,182.8462556584639,175.51132053707184,166.39183983840928,61.05990783410139,12.264999999999999,6.339484157750555,LONG
2025-08-23,SOLUSDT,202.58,184.72565988146732,176.5728373787553,166.751921034047,62.96851574212894,12.751428571428571,6.2945150416766555,LONG
2025-08-24,SOLUSDT,205.62,186.71559703561329,177.71194179527473,167.1386680884346,63.635334088335235,12.831428571428571,6.240360165075659,LONG
2025-08-25,SOLUSDT,196.56,187.65315922269772,178.45108133271495,167.43141765969398,58.52515362983023,13.476428571428569,6.856139891854177,LONG
2025-08-26,SOLUSDT,190.77,187.95000120148842,178.93417618241241,167.66364235959753,54.52188652906572,13.78785714285714,7.227476617317786,LONG
2025-08-27,SOLUSDT,208.66,189.9223820394419,180.0998947634943,168.07156631621845,55.47637641546271,13.404285714285711,6.423984335419204,LONG
2025-08-28,SOLUSDT,211.06,191.935488511876,181.3140165374749,168.4993119250123,57.92665036674817,12.832142857142854,6.0798554236439175,LONG
2025-08-29,SOLUSDT,204.46,193.12829912979257,182.22170216345629,168.85712971680323,59.49773982923154,12.86642857142857,6.292882994927404,LONG
2025-08-30,SOLUSDT,201.05,193.8827468317171,182.96006678449723,169.17745678429773,56.14721219414361,13.094285714285713,6.512949870323656,LONG
2025-08-31,SOLUSDT,204.58,194.90153284774405,183.80790730275226,169.52972089589676,54.71678575126852,12.98785714285714,6.348546848595728,LONG
2025-09-01,SOLUSDT,198.37,195.2318630527208,184.37896976146786,169.81668884718138,58.444862293994035,12.564285714285713,6.333763025803152,LONG
2025-09-02,SOLUSDT,200.3,195.71454276198548,185.0033238884691,170.12000537606517,62.795230451731264,12.73642857142857,6.358676271307324,LONG
2025-09-03,SOLUSDT,211.37,197.20553868941545,186.03731118696052,170.53045308376602,65.1973401973402,13.034285714285714,6.16657317229773,LONG
2025-09-04,SOLUSDT,203.76,197.82977309994732,186.73231859139344,170.86109534163901,61.113903689554625,13.029285714285715,6.394427617925852,LONG
2025-09-05,SOLUSDT,203.56,198.37550899519044,187.39222766624076,171.1864575770456,55.742743312464434,12.379285714285716,6.081394043174355,LONG
2025-09-06,SOLUSDT,201.26,198.65022242421992,187.9360618754078,171.4856968051347,49.18558736426455,11.631428571428573,5.779304666316493,WAIT
2025-09-07,SOLUSDT,205.2,199.2740107647704,188.61307905676438,171.8211625085662,49.743714913351226,11.377142857142859,5.544416597048177,WAIT
2025-09-08,SOLUSDT,215.04,200.77553354907798,189.6494288976756,172.2512006925606,61.170212765957444,11.145000000000005,5.182756696428574,LONG
2025-09-09,SOLUSDT,213.07,201.94643511583246,190.5678826663942,172.6573578995998,64.13181242078579,10.857142857142861,5.095575565374225,LONG
2025-09-10,SOLUSDT,223.17,203.9677270095627,191.84639707163365,173.15997125383262,60.20250316411193,10.441428571428576,4.678688251749149,LONG
2025-09-11,SOLUSDT,226.82,206.14413396103294,193.21791091196175,173.69390188812287,60.88999447208401,9.959285714285718,4.390832252131963,LONG
2025-09-12,SOLUSDT,239.31,209.30278786950598,195.02544381737502,174.3467983867485,72.26837060702874,10.12714285714286,4.231809308905963,LONG
2025-09-13,SOLUSDT,239.43,212.17204616764826,196.7667989617917,174.99439243265152,75.60032017075773,9.889285714285718,4.130345284336014,WAIT
2025-09-14,SOLUSDT,243.81,215.18518462787225,198.61163037505477,175.679124846257,75.87389526447697,10.38571428571429,4.259757305161515,WAIT
2025-09-15,SOLUSDT,233.0,216.88183371093203,199.9601938897585,176.2494818129609,71.53339136923267,10.881428571428573,4.670141017780503,LONG
2025-09-16,SOLUSDT,237.79,218.8730876432242,201.44371569800327,176.86182527750856,72.51110844241623,10.665714285714287,4.485350218980734,LONG
2025-09-17,SOLUSDT,233.9,220.30422215339334,202.71651116082668,177.42936930459803,64.80483637797346,10.252142857142857,4.383130764062786,LONG
2025-09-18,SOLUSDT,248.24,222.96477242449873,204.50174601726485,178.13395269460204,76.85341704902199,10.835714285714287,4.365015422862668,WAIT
2025-09-19,SOLUSDT,237.54,224.35288933645123,205.79736382050936,178.72505764291446,68.20617231033003,11.453571428571427,4.8217443077256155,LONG
2025-09-20,SOLUSDT,240.1,225.85261416155112,207.14256523931292,179.33575358676606,70.7522974994657,11.554999999999998,4.812578092461474,LONG
2025-09-21,SOLUSDT,237.91,227.00093662235577,208.34913130835946,179.91858190928582,67.81008385059349,11.447142857142854,4.811543380750223,LONG
2025-09-22,SOLUSDT,220.73,226.40370456308378,208.83465557077673,180.3246656713825,52.86881113239891,12.058571428571424,5.463041466303369,LONG
2025-09-23,SOLUSDT,219.28,225.72525650945676,209.24427692094235,180.71228093833392,53.1474911302585,12.072142857142852,5.505355188408816,LONG
2025-09-24,SOLUSDT,213.61,224.57142255617515,209.41548174757207,181.0396214265097,44.92676714073446,12.35071428571428,5.781898921265053,WAIT
2025-09-25,SOLUSDT,201.15,222.34081088415846,209.0913452084516,181.23972469589768,37.54246336018635,13.06928571428571,6.497283477149248,WAIT
2025-09-26,SOLUSDT,196.02,219.83406699042908,208.57874343557114,181.3867921118589,27.37535277516463,12.684285714285709,6.470914046671619,WAIT
2025-09-27,SOLUSDT,203.52,218.28034632467393,208.38036134005856,181.60702303611902,32.57641921397379,12.93428571428571,6.355289757412397,WAIT
2025-09-28,SOLUSDT,203.42,216.86507524613356,208.18583736593862,181.82406758302332,29.55350815024805,12.435714285714282,6.113319381434609,WAIT
2025-09-29,SOLUSDT,210.07,216.21792522269226,208.25972609668614,182.1051216369236,37.881830673290345,11.959999999999997,5.6933403151330495,WAIT
2025-09-30,SOLUSDT,206.0,215.24478948719775,208.17110938701217,182.3428816206358,33.070614548940256,12.113571428571428,5.880374479889042,WAIT
2025-10-01,SOLUSDT,220.25,215.72147620270272,208.64479137183523,182.72006687814192,43.453237410071935,12.729285714285712,5.7794713799254085,WAIT
2025-10-02,SOLUSDT,227.18,216.8127641833977,209.37166229842992,183.16245427238928,39.12639405204461,12.253571428571425,5.3937720875831605,WAIT
2025-10-03,SOLUSDT,234.79,218.52488188021695,210.36845985535425,183.6761611950521,48.53333333333333,11.614285714285712,4.946669668335837,WAIT
2025-10-04,SOLUSDT,224.88,219.1301312249582,210.93753986102664,184.08614964087246,42.47279920870426,12.084999999999997,5.373977232301671,WAIT
2025-10-05,SOLUSDT,230.14,220.17869015591458,211.6905775135354,184.54439690812748,46.270519343381004,12.687142857142856,5.512793454915641,WAIT
2025-10-06,SOLUSDT,235.64,221.6511958553513,212.6297705522203,185.05281086924066,58.06033084657801,11.69142857142857,4.961563644300022,LONG
2025-10-07,SOLUSDT,223.79,221.85489148817499,213.067426608996,185.43825553720842,52.19166099718145,12.248571428571426,5.473243410595391,LONG
2025-10-08,SOLUSDT,221.19,221.79156848930117,213.38595889883928,185.793994288082,53.79683430174314,11.613571428571424,5.250495695362098,LONG
2025-10-09,SOLUSDT,219.11,221.53618101412962,213.61043109888482,186.1254968324792,60.040250447227194,11.086428571428568,5.059754722024813,LONG
2025-10-10,SOLUSDT,210.7,220.5041637746887,213.49629654598738,186.37001925205652,57.916307161345976,11.393571428571429,5.407485253237508,LONG
2025-10-11,SOLUSDT,183.71,216.99995770090882,212.32820648536043,186.34355139880225,41.17280099812851,13.862142857142857,7.545665917556396,WAIT
2025-10-12,SOLUSDT,191.23,214.54567601510797,211.5008258388757,186.39217277791866,44.90512413274262,14.742857142857144,7.709489694533883,WAIT
2025-10-13,SOLUSDT,196.42,212.81942115652626,210.90942090401782,186.49195215326276,44.22442244224421,14.723571428571429,7.495963460223718,WAIT
2025-10-14,SOLUSDT,202.22,211.80995247495233,210.5686592999387,186.64845014178752,48.423686405337776,15.447142857142856,7.638780959916357,WAIT
2025-10-15,SOLUSDT,197.13,210.41186176305212,210.04165305288228,186.75274417022746,39.56113418818855,15.187142857142856,7.704125631381756,WAIT
2025-10-16,SOLUSDT,187.61,208.24025588085667,209.1619803841418,186.76127407898142,32.542133592164475,15.348571428571427,8.181105180199044,WAIT
2025-10-17,SOLUSDT,182.72,205.80975532077508,208.12503997692056,186.7210623966035,26.46234517674712,16.02857142857143,8.772204153114837,SHORT
2025-10-18,SOLUSDT,185.03,203.8307310045108,207.2193521346884,186.704235905095,30.65721774584992,15.610714285714284,8.436855799445649,SHORT
2025-10-19,SOLUSDT,190.78,202.58780424217645,206.57467165881826,186.744790771711,30.985507246376812,15.279285714285711,8.008850882841866,WAIT
2025-10-20,SOLUSDT,190.5,201.4365847905406,205.9442923780803,186.78215603766412,27.035002035002037,15.329999999999998,8.047244094488189,WAIT
2025-10-21,SOLUSDT,196.22,200.9397671914415,205.56294757893988,186.87606493281174,35.04069451980466,15.147142857142857,7.719469400235887,WAIT
2025-10-22,SOLUSDT,183.98,199.32455126844707,204.716557477805,186.8472483663161,31.72217310148345,15.748571428571429,8.559936639075676,SHORT
2025-10-23,SOLUSDT,191.04,198.53554638573783,204.1802218904401,186.8889672880443,36.854921794511554,16.06857142857143,8.411103134721227,WAIT
2025-10-24,SOLUSDT,189.45,197.6702562537628,203.60256613003068,186.9144502006011,39.369684842421215,15.585714285714287,8.226822003544095,WAIT
2025-10-25,SOLUSDT,191.89,197.11975565816635,203.14324981120595,186.96395815880408,55.42440318302386,12.882142857142856,6.713295563678595,WAIT
2025-10-26,SOLUSDT,199.53,197.34930273834098,203.00155374017828,187.08899340100504,55.49523305084746,12.119285714285715,6.073916561061352,WAIT
2025-10-27,SOLUSDT,200.11,197.6122262870704,202.88815947585758,187.21855565572142,52.60188971936259,12.012142857142859,6.0027699051236105,WAIT
2025-10-28,SOLUSDT,198.85,197.7301094978256,202.72980028072593,187.33429142034112,47.461202350459544,11.097142857142858,5.580660224864399,WAIT
2025-10-29,SOLUSDT,196.78,197.63962287898505,202.49647477952098,187.42827857038748,49.723756906077355,11.007857142857144,5.593991840053433,WAIT
2025-10-30,SOLUSDT,185.02,196.43775403336744,201.81112282738292,187.40431559953785,48.025613660619,11.145000000000001,6.023673116419847,SHORT
2025-10-31,SOLUSDT,188.13,195.64653936352292,201.27460820670123,187.41153633984098,54.23914746904874,10.669285714285715,5.671230380208216,WAIT
2025-11-01,SOLUSDT,186.42,194.76782132890168,200.69207455153648,187.40167030660874,51.09950957127036,10.555714285714286,5.662329302496667,WAIT
2025-11-02,SOLUSDT,183.77,193.72040977376818,200.02846378480956,187.3655342836574,44.16902345699552,10.291428571428572,5.6001679117530445,SHORT
2025-11-03,SOLUSDT,166.79,191.1556088429331,198.72499461677782,187.1608025992429,34.5658117432626,11.252142857142857,6.74629345712744,SHORT
2025-11-04,SOLUSDT,161.5,188.33126514360615,197.26519090631595,186.90547123009623,27.27153705158419,11.302142857142856,6.9982308712958865,SHORT
2025-11-05,SOLUSDT,160.5,185.6806684632627,195.82341871391142,186.6427302228316,31.97727970525024,11.307857142857143,7.04539385847797,SHORT
2025-11-06,SOLUSDT,155.92,182.8463190858091,194.25857876434628,186.33703141464423,21.975742100223442,10.807142857142855,6.931210144396394,WAIT
2025-11-07,SOLUSDT,155.42,180.23428869668444,192.73549724417583,186.0293992612647,22.364788046126378,10.818571428571428,6.9608618122322925,WAIT
2025-11-08,SOLUSDT,156.65,177.9881659636669,191.32037970518854,185.73706693030684,20.808482438701162,11.109285714285713,7.091787880169622,WAIT
2025-11-09,SOLUSDT,162.53,176.5159596814129,190.19134520694587,185.50615084144806,18.430034129692856,11.132857142857137,6.849724446475812,WAIT
2025-11-10,SOLUSDT,166.26,175.53920161651644,189.25286108118328,185.31464685297595,22.59109311740889,11.188571428571423,6.729562990840505,WAIT
2025-11-11,SOLUSDT,160.89,174.1440395578006,188.1405920191761,185.07161554100605,21.181293653203753,11.512142857142852,7.155287996235224,WAIT
2025-11-12,SOLUSDT,155.73,172.39032150467673,186.86958841058097,184.7796591674637,20.23205221174763,11.237142857142853,7.2157855629248395,WAIT
2025-11-13,SOLUSDT,153.13,170.556005170898,185.54646729644054,184.4647371856979,23.331660812844945,10.701428571428567,6.988459852039814,WAIT
2025-11-14,SOLUSDT,142.23,167.85829039271724,183.84778230442328,184.0444910445467,16.040248594258657,11.132857142857139,7.827362119705505,WAIT
2025-11-15,SOLUSDT,141.72,165.36892940293464,182.19571241013216,183.6233518301731,16.3302199457668,11.259285714285712,7.944740131446311,WAIT
2025-11-16,SOLUSDT,137.48,162.71284088836944,180.4421550607152,183.16421400101717,15.94821244666764,11.454285714285712,8.331601479695747,WAIT
2025-11-17,SOLUSDT,137.16,160.27923699423903,178.74481564656952,182.70646062787273,21.12648606509454,10.363571428571428,7.555826355038953,WAIT
2025-11-18,SOLUSDT,139.7,158.31930966145435,177.21364640552758,182.27853564650087,27.553542009884666,10.23642857142857,7.327436343184375,SHORT
2025-11-19,SOLUSDT,134.62,156.06223255083967,175.543307330801,181.80432136146106,25.417933130699083,9.658571428571426,7.174692786043252,SHORT
2025-11-20,SOLUSDT,138.57,154.3963056412359,174.0933737099853,181.37412910910822,33.320515285522006,10.065714285714284,7.263992412292909,SHORT
2025-11-21,SOLUSDT,125.41,151.63570510397534,172.18422179978978,180.81727210304746,26.797587753208603,10.653571428571428,8.49499356396733,SHORT
2025-11-22,SOLUSDT,127.13,149.30182842740626,170.41738957234705,180.28307039057933,27.348066298342516,10.40714285714286,8.186221078536034,SHORT
2025-11-23,SOLUSDT,132.87,147.7368923867009,168.94494292245108,179.81129854589696,27.191633343586574,10.27571428571429,7.733660183423114,SHORT
2025-11-24,SOLUSDT,131.94,146.23242644511035,167.4937686901981,179.33496721708207,22.420443587270967,10.041428571428574,7.610602221789127,WAIT
2025-11-25,SOLUSDT,134.86,145.1493382122427,166.21401305528838,178.89243022984743,28.224861970888412,9.763571428571433,7.239783055443744,SHORT
2025-11-26,SOLUSDT,136.66,144.34082981107673,165.05503215115942,178.4722070434808,33.096968622584654,9.678571428571432,7.082227007589223,SHORT
2025-11-27,SOLUSDT,142.15,144.13217935287895,164.156795596212,178.11079204802328,40.741989881956165,9.786428571428575,6.884578664388726,SHORT
2025-11-28,SOLUSDT,141.61,143.8919717954619,163.27260753361546,177.74760008734646,49.366571311810404,8.883571428571432,6.273265608764516,SHORT
2025-11-29,SOLUSDT,137.58,143.29083162446554,162.2650542970031,177.34792247453706,46.05413648494092,8.785000000000004,6.385375781363573,SHORT
2025-11-30,SOLUSDT,138.33,142.81837146975454,161.32642471672847,176.95968443996455,50.86787829283237,8.634285714285719,6.241802728465061,WAIT
2025-12-01,SOLUSDT,125.11,141.1318599012065,159.90617276705285,176.44376718185546,40.261839340552775,9.195000000000004,7.349532411477902,SHORT
2025-12-02,SOLUSDT,137.84,140.81834943442493,159.04083265854098,176.05965009546884,48.70940882597836,9.427142857142863,6.839192438437945,SHORT
2025-12-03,SOLUSDT,141.0,140.83564948828922,158.33334902487272,175.71079785571294,54.54804676361562,9.31714285714286,6.607902735562313,WAIT
2025-12-04,SOLUSDT,143.21,141.06177810845216,157.7402765140934,175.38740683227303,53.39181286549708,8.800714285714287,6.145321056989237,WAIT
2025-12-05,SOLUSDT,135.05,140.4892278124091,156.85046174883485,174.98603960011113,57.602523659305994,8.255,6.112550907071455,WAIT
2025-12-06,SOLUSDT,132.87,139.76358706837013,155.91005148417466,174.56697452946327,54.49420607579079,8.071428571428571,6.074680944854799,WAIT
2025-12-07,SOLUSDT,132.03,139.0270549666206,154.97357887695213,174.14372105155817,49.2876526458616,7.99,6.05165492691055,SHORT
2025-12-08,SOLUSDT,135.55,138.6959068745615,154.2118699013854,173.75970392666704,52.93257514216085,8.246428571428572,6.083680244506508,WAIT
2025-12-09,SOLUSDT,138.45,138.6724871722223,153.59375735623303,173.40836358908828,52.917276125467225,8.162857142857142,5.895888149409275,WAIT
2025-12-10,SOLUSDT,136.17,138.43415506058207,152.9104727540278,173.03783260810235,49.60490243509111,8.36142857142857,6.140433701570515,SHORT
2025-12-11,SOLUSDT,131.18,137.74328315005044,152.05829735190906,172.62133676125558,41.08275077223215,8.738571428571428,6.661511990068171,SHORT
2025-12-12,SOLUSDT,133.49,137.33820856433135,151.3301288283048,172.2319702263177,43.584070796460175,9.095,6.8132444377856025,SHORT
2025-12-13,SOLUSDT,133.31,136.95456965344266,150.62345710954776,171.8446869404837,46.40753828032979,8.972857142857142,6.730820750774242,SHORT
2025-12-14,SOLUSDT,130.67,136.35603921025765,149.84096859544786,171.43498856296648,43.75407697325504,8.847857142857142,6.771146508653206,SHORT
2025-12-15,SOLUSDT,126.89,135.4545116664236,148.94093061131267,170.99175484592206,51.71549730146492,8.295714285714286,6.537721085754816,WAIT
2025-12-16,SOLUSDT,129.75,134.91122484104991,148.18834509714355,170.58138912606213,40.37134015710545,7.574999999999998,5.83815028901734,SHORT
2025-12-17,SOLUSDT,126.77,134.13587009428326,147.3484099952948,170.1454549059023,32.9906765479321,7.6571428571428575,6.04018526239872,SHORT
2025-12-18,SOLUSDT,127.4,133.4943586567325,146.566119407244,169.72012699639086,30.360248447204967,7.70357142857143,6.0467593630858945,SHORT
2025-12-19,SOLUSDT,125.09,132.69394354656748,145.7239186461756,169.27604613075513,35.52325581395348,7.799285714285716,6.234939415049737,SHORT
2025-12-20,SOLUSDT,126.58,132.11166320879914,144.97317673848244,168.85120985084714,40.67042420646692,7.785714285714287,6.150825000564297,SHORT
2025-12-21,SOLUSDT,125.05,131.43912385558016,144.1918756899145,168.41537691700788,39.85465116279069,7.601428571428572,6.07871137259382,SHORT
2025-12-22,SOLUSDT,128.07,131.11825491695348,143.55964527070216,168.01393038052024,38.96755162241884,7.233571428571429,5.648138852636394,SHORT
2025-12-23,SOLUSDT,123.37,130.38032587724362,142.76789447577266,167.56971216777876,28.87955182072831,7.185714285714288,5.824523211246079,SHORT
2025-12-24,SOLUSDT,122.73,129.65172341274422,141.98209469240902,167.12354587755212,30.270111567821502,6.885714285714288,5.610457333752373,SHORT
2025-12-25,SOLUSDT,123.68,129.0829878496257,141.26436548878513,166.69127178921826,37.508327781479025,6.115714285714288,4.944788394012199,SHORT
2025-12-26,SOLUSDT,121.55,128.36556043537564,140.49125311667592,166.24210490574347,29.993297587131366,5.822857142857146,4.790503614033028,SHORT
2025-12-27,SOLUSDT,123.31,127.88407848914939,139.81747848464943,165.81491978230324,34.08656906429027,5.730000000000002,4.646825075014194,SHORT
2025-12-28,SOLUSDT,124.44,127.55607101399231,139.2144401127024,165.40322903820072,39.585422935473105,5.6328571428571435,4.526564724250356,SHORT
2025-12-29,SOLUSDT,123.44,127.16406425075495,138.59583461808663,164.98568447065645,43.641725027644675,5.548571428571429,4.494954170910101,SHORT
2025-12-30,SOLUSDT,125.16,126.97320098877829,138.06893914286755,164.58940900328673,41.16968064640246,5.281428571428572,4.219741587910333,SHORT
2025-12-31,SOLUSDT,125.59,126.84146756127559,137.57956898040217,164.20135518235853,47.48293515358363,4.989285714285714,3.97267753347059,SHORT
2026-01-01,SOLUSDT,124.96,126.66228017448744,137.08468392234718,163.81089393676294,44.79522184300339,5.137142857142856,4.111029815255167,SHORT
2026-01-02,SOLUSDT,128.98,126.88301539596482,136.76685318029436,163.4643178776907,57.73359840954271,4.7749999999999995,3.7021243603659477,WAIT
2026-01-03,SOLUSDT,131.47,127.3198710725396,136.5591334477338,163.14596645602214,59.34990439770553,4.7957142857142845,3.6477632050766595,WAIT
2026-01-04,SOLUSDT,134.91,128.0427404942025,136.49446154782268,162.86501156591248,67.5694939415538,4.845,3.5912830776072937,WAIT
2026-01-05,SOLUSDT,136.13,128.81295568523083,136.48016893810416,162.59899155033128,65.34653465346534,4.860714285714286,3.5706415086419496,WAIT
2026-01-06,SOLUSDT,141.6,130.03076942949457,136.68094662680596,162.39004636077576,83.72179060303361,5.072142857142856,3.5820217917675534,WAIT
2026-01-07,SOLUSDT,135.7,130.57069615049508,136.6424781316371,162.12447376017104,70.0836172189532,5.1949999999999985,3.8282977155490046,WAIT
2026-01-08,SOLUSDT,136.41,131.1268203266384,136.63336134216112,161.8686083496221,69.85959438377532,5.4,3.9586540576204094,WAIT
2026-01-09,SOLUSDT,138.82,131.8595041050538,136.71911187776266,161.6392689630587,76.70893906588306,5.338571428571428,3.845678885298536,WAIT
2026-01-10,SOLUSDT,136.42,132.2938370474296,136.70738200020335,161.38833096342628,69.88171064604182,5.527142857142858,4.051563449012504,WAIT
2026-01-11,SOLUSDT,138.43,132.87823351910296,136.7749356472542,161.15988985931259,70.66469719350073,5.660000000000002,4.088709094849383,WAIT
2026-01-12,SOLUSDT,142.58,133.80221127918838,137.00258522971484,160.9750153333493,75.86486486486484,5.596428571428573,3.9251147225617706,WAIT
2026-01-13,SOLUSDT,143.51,134.72676258593233,137.25777796580445,160.8012340862513,75.3383043358188,5.863571428571432,4.085827767104336,WAIT
2026-01-14,SOLUSDT,147.07,135.90230900631974,137.6425709867533,160.66460489136324,77.30045754956784,6.0328571428571465,4.102031102779049,WAIT
2026-01-15,SOLUSDT,143.48,136.62399386286071,137.8714897715865,160.49361379791685,71.89125295508273,5.811428571428574,4.050340515353063,WAIT
2026-01-16,SOLUSDT,140.78,137.0198039711597,137.9855489962302,160.29745843674357,64.39726695949244,5.685000000000002,4.038215655632904,WAIT
2026-01-17,SOLUSDT,144.33,137.71601311676352,138.23435099637803,160.1385782532934,65.29495718363464,5.708571428571432,3.9552216646375884,WAIT
2026-01-18,SOLUSDT,142.0,138.12401186754795,138.382023506324,159.95809488758897,58.66112875641339,5.642857142857147,3.973843058350103,WAIT
2026-01-19,SOLUSDT,133.55,137.68839168968623,138.19253238842896,159.69532777427963,47.32142857142859,6.258571428571433,4.686313312296093,WAIT
2026-01-20,SOLUSDT,127.86,136.75235438590659,137.7873350398631,159.3785583436898,35.79991732120712,6.16928571428572,4.825031842863851,WAIT
2026-01-21,SOLUSDT,130.43,136.1502253967726,137.4988120971234,159.0905129870362,44.150943396226445,6.152142857142862,4.716815807055786,WAIT
2026-01-22,SOLUSDT,127.41,135.31782297803235,137.10317240704012,158.77528400209056,40.498310810810814,6.241428571428573,4.898695998295717,WAIT
2026-01-23,SOLUSDT,127.9,134.61136364679118,136.7422636851954,158.46806724585085,37.98415492957749,6.201428571428573,4.848654082430471,WAIT
2026-01-24,SOLUSDT,126.85,133.8721861566206,136.35433177597207,158.1534596115638,39.14719891131778,6.086428571428571,4.7981305253674185,SHORT
2026-01-25,SOLUSDT,125.59,133.08340652265673,135.93220111809083,157.82944508806565,35.18689432395017,5.950714285714285,4.738207091101429,SHORT
2026-01-26,SOLUSDT,123.53,132.17355828240372,135.4458402899304,157.48815707723915,26.90909090909092,6.06,4.9056909252813075,SHORT
2026-01-27,SOLUSDT,125.01,131.49131463646052,135.0365916511096,157.16499133517706,27.870813397129226,5.778571428571426,4.622487343869631,SHORT
2026-01-28,SOLUSDT,126.07,130.9749989567976,134.68496060596806,156.85558843631958,23.28244274809164,5.669999999999997,4.49750138811771,WAIT
2026-01-29,SOLUSDT,117.69,129.70976096091212,134.01849156259678,156.46588108869452,20.753005216602432,5.974285714285712,5.0762900112887355,WAIT
2026-01-30,SOLUSDT,116.8,128.48025991701573,133.3432565993577,156.07119570472742,21.641438032166533,6.251428571428569,5.352250489236789,WAIT
2026-01-31,SOLUSDT,108.65,126.5916637344428,132.37489359546132,155.59934301114805,11.9453924914676,6.679285714285712,6.147524817566232,WAIT
2026-02-01,SOLUSDT,101.69,124.22007671211492,131.171564434855,155.0629316379028,10.871675402834413,7.418571428571425,7.295281176685441,WAIT
2026-02-02,SOLUSDT,104.7,122.36102178715159,130.13346386878226,154.56180794001324,18.688951595398322,7.198571428571425,6.875426388320367,WAIT
2026-02-03,SOLUSDT,102.56,120.47521018837524,129.05215156020256,154.044377015237,20.249294449670757,7.016428571428568,6.841291508803206,WAIT
2026-02-04,SOLUSDT,92.79,117.83852350376807,127.63010640097893,153.43488072652818,12.148028962188263,7.355714285714282,7.92727048789124,WAIT
2026-02-05,SOLUSDT,84.61,114.67390221769492,125.94304340486211,152.75005604268213,11.005830903790098,7.667142857142855,9.061745487699865,WAIT
2026-02-06,SOLUSDT,84.49,111.79924486362873,124.3174338595734,152.07085150494402,10.181618051733622,8.682857142857141,10.276786771046446,WAIT
2026-02-07,SOLUSDT,86.57,109.39645963852124,122.83714233566856,151.4191017387257,13.737846597047167,8.862857142857143,10.237792702849884,WAIT
2026-02-08,SOLUSDT,87.77,107.33679681580493,121.4619602832894,150.7857773433155,15.91564527757751,8.916428571428572,10.158856752225786,WAIT
2026-02-09,SOLUSDT,85.28,105.23614950001398,120.04305988002315,150.13397856378,15.793239134323017,8.757857142857143,10.26953229697132,WAIT
2026-02-10,SOLUSDT,84.3,103.24223050001265,118.64137125727714,149.4789141004588,13.264753654574974,8.96642857142857,10.636332824944924,WAIT
2026-02-11,SOLUSDT,79.72,101.00201807144002,117.11504297267804,148.78479555219553,10.673680638045141,9.094285714285714,11.407784388215898,WAIT
2026-02-12,SOLUSDT,80.12,99.01325444558859,115.66425697374949,148.1015637556563,13.13052011776253,8.614999999999998,10.752621068397401,WAIT
2026-02-13,SOLUSDT,83.2,97.5072302126754,114.39114885713187,147.45577705161992,18.3853970643583,8.609285714285715,10.347699175824177,WAIT
2026-02-14,SOLUSDT,87.44,96.54844638289678,113.33424105881298,146.85860514065854,28.45825716026812,8.172142857142857,9.346000522807477,SHORT
2026-02-15,SOLUSDT,87.42,95.67907053690662,112.31799631140855,146.26717623378633,33.12839914873493,7.541428571428573,8.626662744713535,SHORT
2026-02-16,SOLUSDT,83.21,94.49154000958218,111.17650625998077,145.63974164439543,25.293170843872147,7.195714285714287,8.64765567325356,SHORT
2026-02-17,SOLUSDT,83.81,93.47425048486006,110.10330993605996,145.02452033450095,27.65196662693684,7.152857142857143,8.534610598803416,SHORT
2026-02-18,SOLUSDT,83.01,92.47765520058768,109.04082719346937,144.4074604306751,35.1728320194057,6.661428571428572,8.024850706455332,SHORT
2026-02-19,SOLUSDT,80.64,91.35025946719837,107.92706926431372,143.77295833683752,42.69414795730586,6.105000000000001,7.570684523809526,SHORT
2026-02-20,SOLUSDT,84.38,90.6864252322271,107.00365478336023,143.18198362701824,49.821370574861966,5.120714285714286,6.068635086174789,SHORT
2026-02-21,SOLUSDT,86.58,90.29533711487214,106.2027271447971,142.618779809834,50.01617599482369,4.957857142857144,5.726330726330727,WAIT
2026-02-22,SOLUSDT,83.5,89.64816215155098,105.31242411951094,142.030533244562,43.488868557487045,5.008571428571429,5.998289136013687,SHORT
2026-02-23,SOLUSDT,79.4,88.67214670854612,104.29625062462816,141.40734385904398,41.45348837209303,5.032857142857142,6.33861101115509,SHORT
2026-02-24,SOLUSDT,77.3,87.58908511725602,103.2375741295447,140.76945984054603,40.1463963963964,4.938571428571429,6.3888375531325075,SHORT
2026-02-25,SOLUSDT,85.98,87.43583891561259,102.56080651662138,140.22429108591373,57.90005047955578,5.127857142857143,5.964011564151131,WAIT
2026-02-26,SOLUSDT,86.56,87.35242568555425,101.93332390812643,139.69031804028276,58.090452261306524,5.3149999999999995,6.140249537892791,WAIT
2026-02-27,SOLUSDT,82.7,86.90933752502528,101.17907591172931,139.12325019908593,49.38393297190735,5.214999999999999,6.305925030229745,SHORT
2026-02-28,SOLUSDT,80.92,86.33892442740382,100.38460234656345,138.5441133811846,41.44805876180484,5.272857142857142,6.516135866111148,SHORT
2026-03-01,SOLUSDT,85.67,86.27521733907965,99.80755911728646,138.0180028002773,47.957992998833134,5.544285714285714,6.471677033133785,SHORT
2026-03-02,SOLUSDT,88.77,86.51281568773872,99.37471366170661,137.52797292166758,56.66027791087686,5.684285714285714,6.403385957289304,WAIT
2026-03-03,SOLUSDT,85.04,86.3725475270017,98.8125680279142,137.00570453438732,51.37062625362158,5.9,6.9379115710254,WAIT
2026-03-04,SOLUSDT,92.94,86.99801919109677,98.5822712425058,136.56723981265213,59.553588608812774,6.228571428571429,6.70171231823911,WAIT
2026-03-05,SOLUSDT,89.62,87.24773164908756,98.23080962515263,136.10010309809837,58.48450491307634,6.3549999999999995,7.091051104664137,WAIT
2026-03-06,SOLUSDT,84.65,87.00032863488875,97.6982288555388,135.5881617737392,50.24930747922439,6.424285714285714,7.589232976120158,WAIT
2026-03-07,SOLUSDT,83.75,86.69077352680411,97.15123948865492,135.07235916902536,47.32261116367077,6.322857142857143,7.549680170575693,SHORT
2026-03-08,SOLUSDT,82.06,86.2497474766323,96.55942617537434,134.54487300813955,48.60085503303537,6.266428571428571,7.636398454092823,SHORT
2026-03-09,SOLUSDT,85.05,86.13548581219112,96.10807612928123,134.0523867095511,55.61072492552134,6.1899999999999995,7.278071722516167,WAIT
2026-03-10,SOLUSDT,88.33,86.34448716341102,95.80305353597609,133.59743758806303,60.70250339607996,6.202857142857142,7.0223674208730245,WAIT
2026-03-11,SOLUSDT,85.4,86.25453600499092,95.39509065221233,133.11786109464947,49.36653560506772,5.860714285714286,6.862663098026095,SHORT
2026-03-12,SOLUSDT,86.58,86.28553257594417,95.0494008227138,132.65479780017534,50.021561017680035,5.613571428571428,6.483681483681483,WAIT
2026-03-13,SOLUSDT,89.49,86.59071994966378,94.83138510417601,132.22529732455172,57.473035439137135,5.682142857142857,6.349472407132481,WAIT
2026-03-14,SOLUSDT,86.72,86.60303233541009,94.51329157067892,131.77250829644674,56.2473071951745,5.543571428571428,6.392494728518713,WAIT
2026-03-15,SOLUSDT,87.9,86.72655306537104,94.25394680320132,131.33596592533783,52.60210035005835,5.104999999999999,5.807736063708758,WAIT
2026-03-16,SOLUSDT,93.2,87.34307182104999,94.21261555601696,130.95650357782205,54.91675915649281,5.132857142857141,5.507357449417532,WAIT
2026-03-17,SOLUSDT,93.82,87.95992212380713,94.1972188675457,130.58698612928652,60.467334287076774,4.9014285714285695,5.224289673234459,WAIT
2026-03-18,SOLUSDT,89.37,88.09421525487312,94.00791616685764,130.1768668643185,45.362431800467654,4.7678571428571415,5.334963794178294,SHORT
2026-03-19,SOLUSDT,87.63,88.05000427821854,93.75780180737303,129.7535149552208,47.304253589813044,4.697142857142856,5.360199540274856,SHORT
2026-03-20,SOLUSDT,88.94,88.13476577553105,93.56886840316233,129.3474103288007,56.451127819548866,4.522857142857141,5.085290243824085,WAIT
2026-03-21,SOLUSDT,89.82,88.29526427309952,93.42185395597949,128.95410276334,59.13331327114054,4.537142857142856,5.051372586442725,WAIT
2026-03-22,SOLUSDT,87.57,88.22619148518528,93.19236948711755,128.54232064629184,58.15329979283811,4.614285714285714,5.269253984567448,WAIT
2026-03-23,SOLUSDT,89.95,88.39036372469144,93.06521774252471,128.15831745578149,57.38396624472574,4.732857142857143,5.261653299452076,WAIT
2026-03-24,SOLUSDT,89.74,88.51890051281606,92.93481704673943,127.77604564030108,52.341414812354685,4.673571428571429,5.207902193638766,WAIT
2026-03-25,SOLUSDT,91.77,88.82852903540501,92.8891379468673,127.41777652945231,60.90380006846969,4.717142857142858,5.140179641650712,WAIT
2026-03-26,SOLUSDT,87.54,88.70581198441405,92.67936783130388,127.02098273313936,51.48791072535649,4.905,5.603152844413982,WAIT
2026-03-27,SOLUSDT,83.35,88.1957346525651,92.31351026929197,126.5864455915161,40.846750149075724,4.757142857142858,5.707429942582913,SHORT
2026-03-28,SOLUSDT,83.83,87.77995039993985,91.98082359206484,126.16100832194877,45.376,4.670714285714287,5.5716501082122,SHORT
2026-03-29,SOLUSDT,81.81,87.21138369518367,91.58196776492504,125.71970475655625,40.5110626363353,4.694285714285717,5.738034120872407,SHORT
2026-03-30,SOLUSDT,84.51,86.95410905754713,91.30463569571229,125.30965794305818,35.266191929467624,4.576428571428574,5.415250942407495,SHORT
2026-03-31,SOLUSDT,80.86,86.37371771873312,90.89504213901769,124.86737278939592,30.073800738007407,4.575714285714288,5.658810642733476,SHORT
2026-04-01,SOLUSDT,83.63,86.11241126932997,90.61013852572287,124.4570506720885,40.693904020752264,4.345714285714287,5.19635810799269,SHORT
2026-04-02,SOLUSDT,79.03,85.43789591034616,90.15601544628277,124.00504021763986,37.24035608308606,4.752142857142859,6.0130872543880285,SHORT
2026-04-03,SOLUSDT,80.33,84.95142963317033,89.77068150721286,123.57046270303648,37.22172751558327,4.682857142857144,5.8295246394337665,SHORT
2026-04-04,SOLUSDT,81.1,84.58462681096364,89.4306547814398,123.14787103434956,37.016081000595605,4.637142857142858,5.71780870177911,SHORT
2026-04-05,SOLUSDT,79.6,84.10990044801473,89.04513890765784,122.71455888475406,37.861711848918674,4.5514285714285725,5.717875089734388,SHORT
2026-04-06,SOLUSDT,82.27,83.93467183391809,88.77944718578891,122.31212546301522,38.40579710144927,4.33357142857143,5.267499001545436,SHORT
2026-04-07,SOLUSDT,78.86,83.45136975449732,88.39044925693445,121.8797660056718,35.022026431718075,4.375000000000002,5.547806238904389,SHORT
2026-04-08,SOLUSDT,83.34,83.44076311121187,88.19239242332918,121.4962857469089,39.128191900954356,4.612142857142858,5.534128698275568,SHORT
2026-04-09,SOLUSDT,83.75,83.4702142434774,88.01818095574765,121.12070081410384,44.57796852646637,4.382142857142859,5.232409381663115,SHORT
2026-04-10,SOLUSDT,84.24,83.54352717267003,87.87001699669872,120.75372866669983,51.42399999999999,4.246428571428573,5.040869624202959,WAIT
2026-04-11,SOLUSDT,84.66,83.64985791813002,87.74413397722034,120.3945870879267,51.33055466495672,4.206428571428573,4.96861395160474,WAIT
2026-04-12,SOLUSDT,81.59,83.45368097354621,87.50279538987837,120.00847179351948,49.65880893300248,4.3778571428571444,5.365678567051286,SHORT
2026-04-13,SOLUSDT,82.65,83.37713992844658,87.31248968831451,119.63674570602177,46.96078431372549,4.129285714285715,4.996110967072855,SHORT
2026-04-14,SOLUSDT,85.95,83.62217422097548,87.25905872014532,119.30155420645937,58.41322314049589,4.185714285714286,4.869940995595446,WAIT
2026-04-15,SOLUSDT,84.0,83.65815762850163,87.13125249582589,118.95029496062396,50.62861026163779,4.160000000000001,4.952380952380954,WAIT
2026-04-16,SOLUSDT,86.62,83.94023785435861,87.11120337834252,118.62860048340383,63.82513661202187,3.6871428571428573,4.25668766698552,WAIT
2026-04-17,SOLUSDT,89.95,84.5125961539435,87.22252873605458,118.34324127461375,66.31614654002715,3.874285714285716,4.307154768522197,WAIT
2026-04-18,SOLUSDT,86.75,84.72568223452032,87.20399819738579,118.0288806649161,58.85302413036667,4.036428571428573,4.652943598188557,WAIT
2026-04-19,SOLUSDT,86.36,84.88133154551838,87.17090022886086,117.71376742446918,60.97402597402598,4.026428571428573,4.662376761728315,WAIT
2026-04-20,SOLUSDT,85.86,84.97453806499281,87.11949237674867,117.39681451477297,56.269647223192464,3.987857142857144,4.644604172906061,WAIT
2026-04-21,SOLUSDT,86.05,85.07696301118398,87.07755149922912,117.08490591263593,64.14797323888232,3.8300000000000005,4.450900639163278,WAIT
2026-04-22,SOLUSDT,88.18,85.37249034345217,87.12078477376916,116.7972949085301,60.49436253252386,3.5900000000000003,4.0712179632569745,WAIT
2026-04-23,SOLUSDT,86.35,85.46558650121862,87.09055791989586,116.49433675023627,55.31045751633986,3.624285714285714,4.197204069815535,WAIT
2026-04-24,SOLUSDT,86.52,85.5660068344359,87.06818309950779,116.19608464326875,54.71854304635762,3.551428571428571,4.1047486955947425,WAIT
2026-04-25,SOLUSDT,86.22,85.62829189782295,87.03492101717416,115.89781514433075,53.244592346089846,3.488571428571428,4.046127845710309,WAIT
2026-04-26,SOLUSDT,86.56,85.7170260027922,87.01629666355949,115.6058965856807,61.66119192867196,3.219999999999999,3.7199630314232888,WAIT
2026-04-27,SOLUSDT,84.17,85.56969019300246,86.90467718655715,115.2931015947784,53.35689045936395,3.355714285714285,3.986829375922876,WAIT
2026-04-28,SOLUSDT,83.46,85.36876731747842,86.76959180669216,114.97635431522838,43.79052369077306,3.114285714285714,3.7314710211906474,SHORT
2026-04-29,SOLUSDT,83.26,85.16793233486142,86.63196075544934,114.66076870015148,47.97814207650275,3.045714285714286,3.6580762499571047,SHORT
2026-04-30,SOLUSDT,83.36,84.99574830296986,86.50364856896114,114.3493182653241,39.670468948035484,2.994285714285714,3.591993419248698,SHORT
2026-05-01,SOLUSDT,84.47,84.94567703602034,86.42389764468815,114.05201161591789,29.79351032448379,2.778571428571428,3.2894180520556744,SHORT
2026-05-02,SOLUSDT,84.04,84.85942208020889,86.33041146254352,113.75338463466498,37.44207599629291,2.5635714285714277,3.050418168219214,SHORT
2026-05-03,SOLUSDT,84.16,84.79281045352232,86.24529728754182,113.4589230960116,39.543726235741424,2.4707142857142848,2.9357346550787606,SHORT
2026-05-04,SOLUSDT,84.47,84.76206660080591,86.17567778606958,113.1704761000314,43.27202323330106,2.407142857142856,2.849701500109928,SHORT
2026-05-05,SOLUSDT,85.5,84.83234597215773,86.14918061798842,112.89514797963308,47.53804834377799,2.423571428571427,2.834586466165412,SHORT
2026-05-06,SOLUSDT,88.97,85.22640826052366,86.25980098591045,112.65708680570638,53.15747402078334,2.4249999999999994,2.725637855456895,WAIT
2026-05-07,SOLUSDT,88.32,85.52103604523569,86.34059310411004,112.41492673798791,58.69373345101501,2.392857142857143,2.7093038302277437,WAIT
2026-05-08,SOLUSDT,89.59,85.90855642187991,86.4680208255175,112.18781303910247,62.349155269509296,2.3707142857142856,2.6461818123833973,WAIT
2026-05-09,SOLUSDT,93.01,86.58488438170087,86.72456902843838,111.99698902876314,71.83279742765275,2.645,2.8437802386840123,WAIT
2026-05-10,SOLUSDT,94.53,87.34156205963413,87.03066436065649,111.8231881429048,73.81948595337718,2.7142857142857144,2.8713484759184538,LONG
2026-05-11,SOLUSDT,96.8,88.24236567300231,87.41377556219938,111.67370368377142,88.01926550270923,2.651428571428571,2.7390791027154657,WAIT
2026-05-12,SOLUSDT,93.85,88.77642608509733,87.6661765205445,111.49635339836077,77.55968169761276,2.8592857142857135,3.0466549965750813,WAIT
2026-05-13,SOLUSDT,90.43,88.93390931508806,87.77456175503295,111.28673794166066,66.24376982328955,3.0849999999999986,3.411478491650999,LONG
2026-05-14,SOLUSDT,93.16,89.33639414222253,87.98575541169832,111.10637239000235,69.83805668016196,3.143571428571428,3.374378948659755,LONG
2026-05-15,SOLUSDT,89.04,89.30816612867753,88.02709833672976,110.88680649557448,58.246120534103234,3.3614285714285717,3.7751893210114233,LONG
2026-05-16,SOLUSDT,86.5,89.04072173547014,87.96721212744625,110.64415170457374,54.12474849094567,3.595000000000001,4.156069364161851,LONG
2026-05-17,SOLUSDT,86.46,88.79493871304442,87.90810576950717,110.4035133791551,53.866845998654995,3.6171428571428583,4.1836026568851015,LONG
2026-05-18,SOLUSDT,84.2,88.35732550227829,87.76268985697749,110.1427819027456,49.57399810665826,3.6742857142857153,4.3637597556837475,WAIT
2026-05-19,SOLUSDT,84.37,87.97758021634702,87.62964319591956,109.8863363116735,48.16736944534544,3.6992857142857156,4.384598452395064,WAIT
2026-05-20,SOLUSDT,85.92,87.78162019574255,87.56259836470703,109.64786530359716,44.725008647526806,3.5128571428571442,4.088520883213622,WAIT
2026-05-21,SOLUSDT,86.46,87.65575160567182,87.5193592131499,109.41714027570067,46.77083333333333,3.451428571428573,3.991936816364299,WAIT
2026-05-22,SOLUSDT,86.77,87.57139430989355,87.4899725773401,109.19179559634047,44.93534482758619,3.4485714285714297,3.974382192660401,WAIT
2026-05-23,SOLUSDT,84.1,87.24078532799892,87.35703247626793,108.94212598841669,33.55481727574747,3.510000000000001,4.1736028537455425,WAIT
2026-05-24,SOLUSDT,85.31,87.05690101104665,87.27675669288487,108.70698045619365,32.78566094100073,3.607857142857143,4.2291139876417105,WAIT
2026-05-25,SOLUSDT,86.26,86.98100567666125,87.2368838813992,108.48362741682854,29.300864100549873,3.5542857142857147,4.120433241694545,WAIT
2026-05-26,SOLUSDT,84.49,86.74376704078875,87.12916294487374,108.24488485546706,30.724876441515647,3.392142857142858,4.014845374769627,WAIT
2026-05-27,SOLUSDT,84.44,86.52436065595172,87.02370557448654,108.00802032954202,35.67670970827352,3.125000000000001,3.700852676456657,WAIT
2026-05-28,SOLUSDT,81.14,86.01156440300394,86.7929720225459,107.74067684367594,22.020484171322167,3.2192857142857148,3.9675692806084726,WAIT
2026-05-29,SOLUSDT,82.59,85.68570112652738,86.6281495902892,107.4904213526941,32.85486443381181,3.059285714285714,3.7041841800287125,SHORT
2026-05-30,SOLUSDT,82.69,85.4003962573343,86.47371235145432,107.24365099097575,38.36285888821014,2.8485714285714283,3.4448801893474768,SHORT
2026-05-31,SOLUSDT,81.88,85.06512042330246,86.29356676904435,106.99127635424964,36.63943990665111,2.8435714285714275,3.472852257659291,SHORT
2026-06-01,SOLUSDT,79.6,84.54463276394031,86.03107395457202,106.71872634077452,36.59673659673658,2.874285714285713,3.6109117013639613,SHORT
2026-06-02,SOLUSDT,76.38,83.76704869118409,85.65260046615744,106.41684846673697,30.232558139534873,3.131428571428571,4.099801743163879,SHORT
2026-06-03,SOLUSDT,73.31,82.7711392920237,85.16857691846499,106.08742708895849,20.98481362172113,3.3435714285714275,4.560866769296722,WAIT
2026-06-04,SOLUSDT,69.64,81.52055459754526,84.55961311774088,105.72476612289921,16.170555108608227,3.7257142857142846,5.349963075408221,WAIT
2026-06-05,SOLUSDT,64.24,79.87478749301714,83.76276554449615,105.3119823803828,12.387312186978306,4.022142857142856,6.2611190179683325,WAIT
2026-06-06,SOLUSDT,62.03,78.1752839222536,82.91050022902571,104.88131588903572,12.58053577483895,4.039285714285714,6.511826074940696,WAIT
2026-06-07,SOLUSDT,64.99,76.91954259632469,82.20773551416197,104.48438737272691,17.477592829705486,4.122142857142856,6.34273404699624,WAIT
2026-06-08,SOLUSDT,67.18,75.99196711096043,81.61841255282229,104.11319943866994,20.628078817734007,4.226428571428571,6.291200612427167,WAIT
2026-06-09,SOLUSDT,64.33,74.88130357658325,80.94043558996651,103.71734670793691,19.96424314660311,4.320714285714286,6.71648419977349,WAIT
2026-06-10,SOLUSDT,65.44,73.98213180738485,80.33257537075214,103.33647758646491,22.55921432697862,4.3807142857142845,6.694245546629409,WAIT
2026-06-11,SOLUSDT,65.55,73.17907163525295,79.75286653268343,102.96049273485829,25.19885459751829,4.313571428571428,6.580581889506373,SHORT
2026-06-12,SOLUSDT,67.25,72.61439814618124,79.26255804120565,102.6051644489393,25.78914141414141,4.37642857142857,6.507700477960698,SHORT
2026-06-13,SOLUSDT,68.6,72.2320745132116,78.84441851017797,102.26680460367623,28.60613422411174,4.424285714285712,6.4493960849645955,SHORT
2026-06-14,SOLUSDT,67.43,71.77473408338193,78.39679425487688,101.92016973199787,28.29678582156805,4.4971428571428556,6.66935022563081,SHORT
2026-06-15,SOLUSDT,75.25,72.10571178972651,78.2733905586072,101.65479490879392,44.39866082925573,4.795,6.372093023255814,SHORT
2026-06-16,SOLUSDT,73.29,72.21850114308589,78.07796347787752,101.37255814353229,45.88767633750334,4.632857142857142,6.321267762119172,SHORT
2026-06-17,SOLUSDT,73.81,72.370072462792,77.91059236109801,101.0983038336464,50.713877784123355,4.453571428571427,6.03383203979329,WAIT
2026-06-18,SOLUSDT,68.44,71.99577984728799,77.53919658223143,100.77334558654545,48.36601307189542,4.384999999999999,6.4070718877849195,SHORT
2026-06-19,SOLUSDT,69.33,71.74189605230818,77.21726730449686,100.46047647623156,57.901272896615964,4.103571428571428,5.918897199728008,WAIT
2026-06-20,SOLUSDT,72.02,71.76838214256455,77.01345290039895,100.17748666054767,65.27990211073723,3.965,5.505415162454874,WAIT
2026-06-21,SOLUSDT,74.14,71.99425050993935,76.90076847293233,99.9184071912885,64.36420722135009,3.863571428571429,5.211183475278431,WAIT
2026-06-22,SOLUSDT,73.14,72.10336950899274,76.75328735634675,99.65195537843985,59.719504240052174,3.75,5.127153404429861,WAIT
2026-06-23,SOLUSDT,68.92,71.80019146051724,76.44609961688217,99.34616477765935,57.16515766468937,3.857142857142857,5.596550866428986,WAIT
2026-06-24,SOLUSDT,67.33,71.37445894046797,76.08860551425934,99.02759597390155,52.906797908335896,3.884285714285715,5.769026755214191,WAIT
2026-06-25,SOLUSDT,66.32,70.89308189851864,75.7055229450727,98.70214725774333,51.15234959592936,4.013571428571429,6.051826641392384,WAIT
2026-06-26,SOLUSDT,72.07,71.00516933675496,75.56295341781495,98.43715076761654,56.43352909770421,4.214999999999999,5.848480643818508,WAIT
2026-06-27,SOLUSDT,72.84,71.17991511420686,75.45617093084182,98.18245275002832,55.748373101952296,4.235,5.814113124656782,WAIT
2026-06-28,SOLUSDT,72.09,71.26658986523478,75.32416422767156,97.92282635450566,56.390565002742726,4.250714285714286,5.896399342092227,WAIT
2026-06-29,SOLUSDT,73.92,71.51929559235528,75.2690989638413,97.683992261426,47.817525434853955,4.017857142857143,5.4354128014842304,SHORT
2026-06-30,SOLUSDT,73.13,71.67269601213097,75.18521272996517,97.43967393046654,49.72696245733786,4.074285714285714,5.571291828641753,SHORT
2026-07-01,SOLUSDT,77.43,72.22101067764231,75.27324360329987,97.24057269732758,55.471584038694076,4.265,5.508200955701923,WAIT
2026-07-02,SOLUSDT,80.86,73.0437715654859,75.49233208944499,97.07758192421984,69.9421965317919,4.254285714285714,5.261298187343202,WAIT
2026-07-03,SOLUSDT,81.21,73.8215076068682,75.71655436044715,96.91969553691418,69.41176470588233,4.235714285714285,5.21575456928246,WAIT
2026-07-04,SOLUSDT,82.23,74.62231640621408,75.97198360121394,96.77352941216877,67.646042170757,4.157857142857141,5.056374976112296,WAIT
2026-07-05,SOLUSDT,81.36,75.26400055800322,76.18327836195064,96.62016096030639,63.04190751445085,4.14642857142857,5.09639696586599,WAIT
2026-07-06,SOLUSDT,81.5,75.85790526676482,76.39177724971728,96.46971159751727,65.58538404175985,4.182857142857141,5.132340052585448,WAIT
2026-07-07,SOLUSDT,82.11,76.45334286040627,76.61602127914013,96.32682889505442,78.41447651874186,4.030714285714284,4.908920089775038,WAIT
2026-07-08,SOLUSDT,76.75,76.48159592131995,76.62127534662483,96.1320345776907,67.45737583395106,4.26642857142857,5.558864588180547,WAIT
2026-07-09,SOLUSDT,77.63,76.5909677383371,76.66083317616895,95.94793473114652,71.06145251396646,4.016428571428571,5.1738098305147115,WAIT
2026-07-10,SOLUSDT,78.14,76.73849462040023,76.71883971827998,95.7707413507371,64.04442387783433,3.732142857142858,4.776225821785076,LONG
2026-07-11,SOLUSDT,78.38,76.8948284660764,76.7839832587396,95.5976991482422,63.140417457305475,3.6592857142857147,4.668647249662816,LONG
2026-07-12,SOLUSDT,77.46,76.94865432645008,76.81049371918118,95.41722452985174,62.63529411764703,3.650714285714286,4.713031610785291,LONG
2026-07-13,SOLUSDT,75.81,76.84021105726436,76.77125867137016,95.22212776836068,54.48504983388704,3.527857142857143,4.653551171160985,LONG
2026-07-14,SOLUSDT,77.38,76.89161952800109,76.79513088033605,95.04459415872525,59.72540045766591,3.4750000000000014,4.490824502455417,LONG
2026-07-15,SOLUSDT,78.07,77.00384623962003,76.84512574777385,94.87569272431007,51.75438596491225,3.2378571428571448,4.147376896192065,LONG
2026-07-16,SOLUSDT,76.63,76.9682418358467,76.83668944393958,94.69414354297366,36.98461538461537,2.972857142857145,3.8794951622825855,WAIT
2026-07-17,SOLUSDT,74.77,76.75888547052796,76.7556427990792,94.49589335846646,31.869369369369366,3.0678571428571453,4.10305890444984,WAIT
2026-07-18,SOLUSDT,74.97,76.58851542571577,76.68561759127218,94.30160586236232,28.571428571428527,2.939285714285716,3.9206158653937786,WAIT
2026-07-19,SOLUSDT,76.21,76.55246633755236,76.6669659210262,94.12158988363235,35.124205661467315,2.847142857142859,3.735917671096784,WAIT
2026-07-20,SOLUSDT,77.76,76.66746954349975,76.7098300025546,93.95878799424298,40.01068376068376,2.8007142857142875,3.6017416225749583,WAIT
2026-07-21,SOLUSDT,78.14,76.80771053935692,76.76591510049363,93.80138711867838,39.26446727961059,2.6800000000000006,3.429741489633991,WAIT
2026-07-22,SOLUSDT,78.47,76.96602382132292,76.8327419592978,93.64883600306965,56.38930163447252,2.3478571428571433,2.992044275337254,LONG
2026-07-23,SOLUSDT,76.39,76.91116440976836,76.81537952952142,93.47710629159633,45.770804911323346,2.4071428571428575,3.151122996652517,WAIT
2026-07-24,SOLUSDT,74.04,76.63772018026661,76.70654111659901,93.28370224889389,37.575757575757564,2.423571428571428,3.273327159064597,WAIT
2026-07-25,SOLUSDT,74.18,76.4036515916698,76.60746107281082,93.09361565935266,37.19512195121953,2.3785714285714286,3.206486153372106,WAIT
2026-07-26,SOLUSDT,75.49,76.31663715436791,76.5636390699555,92.91845530453324,44.133412745681945,2.2828571428571425,3.02405238158318,WAIT
2026-07-27,SOLUSDT,75.28,76.21790980633287,76.51330028289843,92.74294828657769,48.27361563517915,2.238571428571428,2.9736602398664025,SHORT
2026-07-28,SOLUSDT,74.35,76.04001363430116,76.42846497768673,92.55993387576598,39.700883752549274,2.24142857142857,3.01469881833029,SHORT
2026-07-29,SOLUSDT,73.12,75.76191709770104,76.29872125307156,92.36650169789766,33.7704918032787,2.214285714285712,3.028290090653326,SHORT
2026-07-30,SOLUSDT,74.65,75.65602023125332,76.23406551765699,92.1902180989136,43.54628422425035,2.22142857142857,2.9757917902593034,SHORT
2026-07-31,SOLUSDT,73.1,75.41258973303871,76.1111609875528,92.00026568001894,44.444444444444436,2.1678571428571423,2.965604846589798,SHORT
2026-08-01,SOLUSDT,72.8,75.1637716632255,75.98131153706053,91.80921826031727,42.828816920026426,2.1550000000000002,2.9601648351648358,SHORT
2026-08-02,SOLUSDT,73.03,74.96055531434689,75.86557382972482,91.62236036717978,38.739376770538264,2.242142857142857,3.0701668590207545,SHORT
2026-08-03,SOLUSDT,73.62,74.83288337964719,75.77751211091208,91.44323240332724,34.27051671732521,2.2278571428571428,3.0261574882601776,SHORT
2026-08-04,SOLUSDT,73.99,74.75260877206173,75.70741359675867,91.26956839931404,34.220532319391594,2.2028571428571433,2.977236306064527,SHORT
2026-08-05,SOLUSDT,73.96,74.67712222234157,75.63888757335637,91.09733388787808,32.451361867704236,2.1578571428571434,2.9176002472378904,SHORT
2026-08-06,SOLUSDT,73.3,74.5459677249757,75.54716649204828,90.9202459884962,36.48293963254589,2.0885714285714294,2.8493471058273254,SHORT
2026-08-07,SOLUSDT,73.88,74.48254222735896,75.48178741392874,90.7506913020435,49.17184265010346,2.029285714285714,2.7467321525253303,SHORT
2026-08-08,SOLUSDT,76.4,74.66515725332478,75.51779575063742,90.60789835376447,59.21926910299004,2.2235714285714283,2.910433807030665,WAIT
2026-08-09,SOLUSDT,77.43,74.928475610151,75.5927841525732,90.47677498706035,58.248299319727934,2.247142857142857,2.902160476743971,WAIT
2026-08-10,SOLUSDT,75.96,75.02671602823186,75.60718477404092,90.33232946480105,52.61136712749613,2.2142857142857144,2.9150680809448586,WAIT
2026-08-11,SOLUSDT,74.93,75.01750497792406,75.58062850839225,90.17907245520104,52.21036585365858,2.0692857142857144,2.7616251358410704,WAIT
2026-08-12,SOLUSDT,75.75,75.08726640859796,75.587270527671,90.03549959495028,60.34618410700234,2.1185714285714283,2.7967939651107963,WAIT
2026-08-13,SOLUSDT,75.64,75.1399077030172,75.58933835011527,89.89226079301048,54.38441098317092,2.0249999999999995,2.677154944473823,WAIT
2026-08-14,SOLUSDT,75.65,75.18848792177747,75.59171723834605,89.75054675526908,63.07692307692313,1.9464285714285705,2.572939288074779,WAIT
2026-08-15,SOLUSDT,75.53,75.22101288160819,75.58929695448934,89.60904877760471,64.26332288401255,1.9535714285714272,2.5864840839023264,WAIT
2026-08-16,SOLUSDT,75.58,75.25520213097884,75.58893236803878,89.46945625245442,63.57827476038337,1.7742857142857125,2.3475598230824457,WAIT
2026-08-17,SOLUSDT,76.11,75.336611451838,75.60936639282158,89.33652633949468,63.344051446945315,1.757857142857142,2.309627043564764,WAIT
2026-08-18,SOLUSDT,77.19,75.51312464690105,75.67135202447564,89.21566538089274,65.9362549800797,1.8214285714285705,2.3596690911109865,WAIT
2026-08-19,SOLUSDT,81.83,76.11473182338666,75.91286763135895,89.14217617312268,76.86006825938567,2.1892857142857136,2.6754072030865377,WAIT
2026-08-20,SOLUSDT,87.37,77.18666212592127,76.3621669399331,89.12454257936027,86.02150537634408,2.5542857142857125,2.9235271995944974,WAIT
2026-08-21,SOLUSDT,91.37,78.53745620916686,76.9507094128769,89.14688543926714,88.10457516339869,2.8899999999999983,3.1629637736675034,WAIT
2026-08-22,SOLUSDT,93.07,79.92150799877001,77.58283845550919,89.18592140504558,87.66380478987797,3.702857142857141,3.9785721960429155,WAIT
2026-08-23,SOLUSDT,95.36,81.39184057031572,78.27998204548922,89.24735502290582,88.3283454467721,3.980714285714284,4.174406759348033,WAIT
2026-08-24,SOLUSDT,96.45,82.82595099219041,78.99253176919552,89.31902313213064,94.5241199478488,4.1478571428571405,4.300525809079462,WAIT
2026-08-25,SOLUSDT,98.38,84.30728899293419,79.75282464099178,89.40918210594029,99.03805938937681,4.605714285714283,4.681555484564224,WAIT
2026-08-26,SOLUSDT,95.94,85.41516623170236,80.38761583154113,89.47416536856775,89.54171562867215,4.701428571428569,4.900384168676849,WAIT
2026-08-27,SOLUSDT,107.2,87.48991230487356,81.43908187736305,89.65054183256211,93.02071973827698,5.505714285714283,5.135927505330487,WAIT
2026-08-28,SOLUSDT,105.24,89.18039684726655,82.37245121550568,89.80566081930279,88.29924928811802,5.904285714285711,5.610305695824507,WAIT
2026-08-29,SOLUSDT,105.03,90.68988286181259,83.26098254038781,89.95714678129978,88.09400826446281,6.077142857142854,5.786101930060796,WAIT
2026-08-30,SOLUSDT,106.29,92.17560830354472,84.16408126429418,90.11966273372467,88.45479589281243,6.258571428571426,5.888203432657283,WAIT
2026-08-31,SOLUSDT,102.88,93.19507417939761,84.89803886177285,90.24663126373736,81.26605933193177,6.5957142857142825,6.4110753165963095,WAIT
2026-09-01,SOLUSDT,102.05,94.03840044802641,85.57066478876214,90.36407771882455,79.20582706766916,6.728571428571426,6.59340659340659,WAIT
2026-09-02,SOLUSDT,99.33,94.54236231011913,86.11024656175186,90.45329087585117,71.53051181102362,6.608571428571425,6.653147516934889,LONG
2026-09-03,SOLUSDT,105.17,95.55451828058398,86.85768787305571,90.59972579250937,71.7391304347826,6.634285714285712,6.308154144989741,LONG
2026-09-04,SOLUSDT,101.46,96.11694511100455,87.43032756430843,90.70778822243466,62.410824108241066,6.562142857142855,6.4677142293937075,LONG
2026-09-05,SOLUSDT,102.95,96.76771224328984,88.03894216962966,90.82960127494775,62.21562809099901,5.657142857142857,5.49503920072157,LONG
2026-09-06,SOLUSDT,105.76,97.62412060107175,88.73388561395791,90.97816245629156,62.69531249999999,5.58142857142857,5.27744759023125,LONG
2026-09-07,SOLUSDT,103.26,98.1608710200173,89.30353715850858,91.10036979503492,58.036346471560066,5.563571428571429,5.38792507124872,LONG
2026-09-08,SOLUSDT,104.31,98.74650235144422,89.8920258973906,91.23180890155199,57.14630031332851,5.173571428571429,4.959803881287919,LONG
2026-09-09,SOLUSDT,103.08,99.15921641321144,90.40920135239489,91.34970135029276,58.862959285004955,5.120000000000002,4.967015909972838,LONG
2026-09-10,SOLUSDT,99.74,99.21452913576273,90.77511502485,91.43318690899632,38.4734239802225,4.605714285714287,4.6177203586467686,WAIT
2026-09-11,SOLUSDT,101.61,99.44266921807105,91.20001247485588,91.53444873079735,44.37558103501706,4.665000000000001,4.5910835547682325,WAIT
2026-09-12,SOLUSDT,102.06,99.69193881634999,91.62589433858703,91.63918058422226,45.432174715472165,4.61357142857143,4.520450155370792,WAIT
2026-09-13,SOLUSDT,100.26,99.74603988145951,91.96448671746597,91.72495988189169,40.87745839636914,4.600000000000001,4.5880710153600655,WAIT
2026-09-14,SOLUSDT,101.97,99.9578456070348,92.35685978736927,91.82690057958432,48.54864433811803,4.350000000000001,4.26596057664019,WAIT
2026-09-15,SOLUSDT,99.36,99.90090793017434,92.63149273688421,91.90185679272278,45.940235436160584,4.550714285714287,4.580026455026457,WAIT
2026-09-16,SOLUSDT,97.1,99.63415479396726,92.80672831582993,91.95357961070565,46.587082950719314,4.565000000000002,4.701338825952629,WAIT
2026-09-17,SOLUSDT,101.29,99.79185433739895,93.13940563677778,92.04647931607177,43.745970341715044,4.440714285714287,4.384158639267733,WAIT
2026-09-18,SOLUSDT,111.15,100.8735824957419,93.84570345494336,92.23656409899642,63.03470540758677,4.812142857142859,4.329413276781699,LONG
2026-09-19,SOLUSDT,113.59,102.08466987709981,94.61998959396519,92.44903609801139,63.955928646379846,4.880714285714285,4.296781658345176,LONG
