date,symbol,close,ema20,ema50,ema200,rsi,atr,atr_pct,signal
2024-06-08,BTCUSDT,69430.01,69430.01,69430.01,69430.01,,,,WAIT
2024-06-09,BTCUSDT,69508.64,69437.49857142857,69433.09352941177,69430.7923880597,,,,WAIT
2024-06-10,BTCUSDT,70066.12,69497.36727891157,69457.91809688581,69437.1140558402,,,,WAIT
2024-06-11,BTCUSDT,66244.48,69187.5684904438,69331.90091661578,69405.34655279701,,,,WAIT
2024-06-12,BTCUSDT,69734.0,69239.609586592,69347.66950812105,69408.61673635128,,,,WAIT
2024-06-13,BTCUSDT,66470.01,68975.83819739276,69234.82011564572,69379.37686832789,,,,WAIT
2024-06-14,BTCUSDT,66392.0,68729.75836906963,69123.3369738557,69349.65172535945,,,,WAIT
2024-06-15,BTCUSDT,66316.02,68499.87852439634,69013.24611213586,69319.46633505737,,,,WAIT
2024-06-16,BTCUSDT,66712.8,68329.68056969192,68923.03253911094,69293.52935659909,,,,WAIT
2024-06-17,BTCUSDT,65368.0,68047.61575353079,68783.61949836148,69254.46936300109,,,,WAIT
2024-06-18,BTCUSDT,64706.0,67729.3666341469,68623.71285136692,69209.21096137918,,,,WAIT
2024-06-19,BTCUSDT,64922.0,67461.99838327577,68478.54764150939,69166.55214584307,,,,WAIT
2024-06-20,BTCUSDT,64831.23,67211.44901343998,68335.51557713647,69123.41461205359,,,,WAIT
2024-06-21,BTCUSDT,63732.02,66880.0748216838,68154.98633881738,69069.76889452072,,2099.045714285715,3.293549638448169,WAIT
2024-06-22,BTCUSDT,64307.08,66635.02769580916,68004.08805102062,69022.37895527176,33.73659592110923,2001.0571428571436,3.1117213576749925,WAIT
2024-06-23,BTCUSDT,64094.0,66393.02505811305,67850.7512647061,68973.3403587019,32.956022039344475,1988.5450000000008,3.1025446999719173,WAIT
2024-06-24,BTCUSDT,60843.99,65864.54552876895,67575.97631314899,68892.45130040636,25.178434449328094,2174.042142857143,3.573141969908849,WAIT
2024-06-25,BTCUSDT,61810.0,65478.39833555286,67349.85959498628,68821.97914816352,35.89651439264894,2148.4635714285714,3.4759158249936437,WAIT
2024-06-26,BTCUSDT,61467.86,65096.442303595446,67119.1929442025,68748.80383325642,17.129611956252063,1970.942142857142,3.2064596731643857,WAIT
2024-06-27,BTCUSDT,61576.0,64761.1620842054,66901.81282874358,68677.43265083595,24.01775750452066,1848.724285714285,3.002345533510272,WAIT
2024-06-28,BTCUSDT,61062.01,64408.86188570965,66672.80095310658,68601.6573010764,22.955113522773104,1874.1421428571416,3.0692441058804674,WAIT
2024-06-29,BTCUSDT,61106.0,64094.30361088016,66454.49503337691,68527.07364633933,23.47775092191189,1846.3907142857129,3.021619340630565,WAIT
2024-06-30,BTCUSDT,61717.9,63867.979457463,66268.7462085386,68459.32067473396,25.11781291408876,1861.4742857142846,3.0161011403730273,WAIT
2024-07-01,BTCUSDT,63132.9,63797.97189008557,66145.77184741944,68406.32146404008,38.94314010665561,1887.1614285714277,2.989188566613331,WAIT
2024-07-02,BTCUSDT,61948.08,63621.79171007742,65981.15648085397,68342.06035494516,37.027804013501274,1815.7564285714284,2.9310939557310385,WAIT
2024-07-03,BTCUSDT,60186.25,63294.59726149862,65753.90524631068,68260.90801310491,30.5528521388475,1894.4185714285716,3.147593630486318,WAIT
2024-07-04,BTCUSDT,58140.0,62803.683236593984,65455.320726847516,68160.20246073572,26.325007447936983,2041.538571428571,3.51141825151113,WAIT
2024-07-05,BTCUSDT,56662.0,62218.76102358504,65110.48461991232,68045.79248600203,25.637791846023035,2290.7771428571423,4.042880842287851,WAIT
2024-07-06,BTCUSDT,57317.98,61752.0199737198,64804.896203445176,67939.04808315625,26.050192102878896,2332.2149999999992,4.068906475769033,WAIT
2024-07-07,BTCUSDT,56825.42,61282.81997622267,64491.97556801596,67828.46471914474,25.560602046182353,2435.068571428571,4.285174788727599,WAIT
2024-07-08,BTCUSDT,55761.52,60756.981883249086,64149.6047614271,67708.39561746172,29.965840225598,2460.494285714285,4.412530873825328,WAIT
2024-07-09,BTCUSDT,57477.01,60444.60360865393,63887.93437862604,67606.59078544717,33.87303399808994,2387.162142857142,4.15324691186466,WAIT
2024-07-10,BTCUSDT,57699.69,60183.183264972606,63645.258128483845,67508.0146582288,35.849406625693916,2444.91,4.237301794862329,WAIT
2024-07-11,BTCUSDT,57402.01,59918.3096206895,63400.424868543305,67407.45739794792,34.545437042313935,2503.2964285714284,4.3609908931262655,WAIT
2024-07-12,BTCUSDT,58214.0,59755.99441871907,63197.035658012195,67315.98020990864,39.68267078778762,2521.9549999999995,4.33221390043632,WAIT
2024-07-13,BTCUSDT,58830.63,59667.86447407916,63025.80406358035,67231.54886453641,42.0855098989823,2563.9835714285714,4.358245987555414,WAIT
2024-07-14,BTCUSDT,60084.0,59707.49642892876,62910.439198341905,67160.42897533704,44.559535114789504,2632.8421428571423,4.381935528355539,WAIT
2024-07-15,BTCUSDT,63026.0,60023.5443880784,62914.97099448536,67119.29037856752,49.676906132920024,2719.962142857142,4.315619177572973,WAIT
2024-07-16,BTCUSDT,64878.24,60485.89635111855,62991.96193587809,67096.99136982556,58.51266080206383,2761.5828571428565,4.2565625349005405,WAIT
2024-07-17,BTCUSDT,64724.01,60889.526222440596,63059.88538937307,67073.37961490192,64.54130615907198,2707.887142857143,4.183744398496235,WAIT
2024-07-18,BTCUSDT,63538.12,61141.77324887482,63078.63968782903,67038.20290231584,68.30784716984203,2554.2257142857147,4.019989439860221,WAIT
2024-07-19,BTCUSDT,65836.77,61588.91579660103,63186.801660855344,67026.24834607389,79.47567641546229,2362.9628571428575,3.5891233077547056,WAIT
2024-07-20,BTCUSDT,66825.0,62087.590482639025,63329.47610552768,67024.24587496868,79.90467766430079,2355.5778571428577,3.5249949227727013,WAIT
2024-07-21,BTCUSDT,67164.0,62571.05805572102,63479.84959158542,67025.63646327745,82.83761000839795,2290.889285714286,3.410888698877801,WAIT
2024-07-22,BTCUSDT,67063.87,62998.94490755711,63620.39941152325,67026.01689647867,88.23991538894087,2199.530714285715,3.279755126397739,WAIT
2024-07-23,BTCUSDT,66584.01,63340.379678265956,63736.61943460077,67021.61881790675,83.62357837280635,2170.1485714285723,3.2592638554340185,WAIT
2024-07-24,BTCUSDT,66176.0,63610.43875652634,63832.281417557606,67013.20470031565,80.87254359913491,2134.4357142857143,3.2253924599336834,WAIT
2024-07-25,BTCUSDT,64790.88,63722.86173209526,63869.87351882986,66991.09201673041,74.93653541765804,2181.0678571428575,3.366319236816752,WAIT
2024-07-26,BTCUSDT,67560.01,64088.30442427666,64014.584753385556,66996.75289218583,77.8611285503822,2315.068571428572,3.4266847672588736,WAIT
2024-07-27,BTCUSDT,68844.0,64541.22781244079,64203.97358658612,67015.13346042279,78.7083031104052,2339.8914285714286,3.398831312200669,WAIT
2024-07-28,BTCUSDT,67645.0,64836.8251636369,64338.915798876864,67021.4007891748,71.74515745323109,2369.9721428571434,3.503543710336526,LONG
2024-07-29,BTCUSDT,68104.0,65147.98467186196,64486.566159705224,67032.1729206258,67.03743269576609,2299.114285714287,3.375887298417548,LONG
2024-07-30,BTCUSDT,66216.01,65249.70136977987,64554.38748677561,67024.05189653998,54.47767238822805,2294.992142857144,3.4659172953144477,LONG
2024-07-31,BTCUSDT,66379.99,65357.34790599131,64625.97974219618,67017.64332045501,55.53914308154012,2261.385000000001,3.406726936837443,LONG
2024-08-01,BTCUSDT,62906.6,65123.943343515944,64558.55308563947,66976.7374167689,48.167965150956036,2435.4514285714295,3.8715356235616447,WAIT
2024-08-02,BTCUSDT,63416.01,64961.28302508585,64513.74747443792,66941.30729321897,42.16391820922115,2486.0414285714296,3.9202110453991503,WAIT
2024-08-03,BTCUSDT,60879.0,64572.494165553864,64371.2083577933,66880.9858276148,32.50664018047644,2596.602857142858,4.265186447121105,WAIT
2024-08-04,BTCUSDT,59086.01,64049.97186407254,64163.94567709553,66803.42387908133,28.10725345154026,2691.0385714285726,4.55444287307363,WAIT
2024-08-05,BTCUSDT,54321.09,63123.411686541825,63777.95133681728,66679.2215519263,22.434692694407715,3254.2850000000008,5.9908315536378245,WAIT
2024-08-06,BTCUSDT,56405.99,62483.657240204506,63488.854813804835,66577.0003424544,29.4124238839687,3379.7528571428584,5.991833238177112,WAIT
2024-08-07,BTCUSDT,56094.5,61875.16607447074,63198.88011522425,66472.69685645984,29.527721189554867,3416.6985714285734,6.09096893889521,WAIT
2024-08-08,BTCUSDT,59428.03,61642.10549594972,63051.00364011742,66402.60066883337,39.90835027867132,3537.6650000000013,5.952855916644051,WAIT
2024-08-09,BTCUSDT,59810.23,61467.641163002125,62923.91447775988,66337.00494078528,33.977331932946896,3530.2371428571446,5.902396868992386,WAIT
2024-08-10,BTCUSDT,60515.89,61376.99819509716,62829.48214529871,66279.08339908592,32.359787794947536,3506.9271428571446,5.795051750634659,WAIT
2024-08-11,BTCUSDT,60127.29,61257.97836699267,62723.513825875234,66217.87152446815,33.51022830813858,3462.9314285714304,5.759333953969039,WAIT
2024-08-12,BTCUSDT,60207.37,61157.92042727908,62624.841518978166,66158.06553915006,32.38629291827547,3506.7092857142866,5.824385429415512,WAIT
2024-08-13,BTCUSDT,59472.26,60997.381338966785,62501.210871175106,66091.54011089982,34.1422556361275,3468.4564285714296,5.832057548462812,WAIT
2024-08-14,BTCUSDT,59435.69,60848.64883049376,62380.99436642314,66025.31274661227,33.57223221576979,3570.592857142858,6.007489535568373,WAIT
2024-08-15,BTCUSDT,59682.84,60737.619418065784,62275.18439126929,65962.20356505393,40.99992071300228,3420.825714285715,5.731673818279618,WAIT
2024-08-16,BTCUSDT,58071.06,60483.66137824999,62110.316768082266,65883.68472361061,35.94321267789431,3450.330000000001,5.941565385581047,WAIT
2024-08-17,BTCUSDT,59388.11,60379.323151749995,62003.56356149081,65819.05213929608,45.81023076062709,3358.2957142857153,5.654828406369079,WAIT
2024-08-18,BTCUSDT,59863.99,60330.24380396428,61919.658715942154,65759.79778965135,52.361104029640195,3275.6750000000006,5.471862132811396,WAIT
2024-08-19,BTCUSDT,58539.24,60159.67201311054,61787.09327610129,65687.95144348567,66.18040238592994,2673.9271428571437,4.56775172150705,WAIT
2024-08-20,BTCUSDT,58825.53,60032.61086900478,61670.95353978359,65619.66864305298,60.766775778870695,2600.3164285714292,4.420387591189454,WAIT
2024-08-21,BTCUSDT,59511.8,59983.00983386146,61586.28085194895,65558.89383068429,64.71588814667572,2562.8578571428575,4.30647007340201,WAIT
2024-08-22,BTCUSDT,60407.4,60023.427944922274,61540.050230303896,65507.635185602856,55.33833570079114,2384.254285714286,3.9469573027713265,WAIT
2024-08-23,BTCUSDT,61533.05,60167.20147397729,61539.77571146845,65468.08707430333,58.686685947779644,2290.0978571428573,3.721736298042852,WAIT
2024-08-24,BTCUSDT,63976.0,60529.944190741364,61635.313918861844,65453.24043674808,64.84550440073693,2421.128571428572,3.784432555065293,WAIT
2024-08-25,BTCUSDT,64132.16,60873.01236305171,61733.229451455496,65440.09535777546,67.53247662917236,2353.917142857143,3.6704161264132424,WAIT
2024-08-26,BTCUSDT,63532.53,61126.299757046785,61803.79025728077,65421.11460794685,63.92347607036019,2273.211428571429,3.5780275530841124,WAIT
2024-08-27,BTCUSDT,61709.13,61181.807399232806,61800.078090328585,65384.17943771853,58.58411114172625,2300.2321428571436,3.7275394141144815,WAIT
2024-08-28,BTCUSDT,59000.0,60974.01621835349,61690.27110639413,65320.655264208894,48.6126015734612,2384.965,4.042313559322034,WAIT
2024-08-29,BTCUSDT,60779.99,60955.537530891255,61654.57380810417,65275.474515311296,53.18299947837278,2473.0721428571424,4.068891987078548,WAIT
2024-08-30,BTCUSDT,58094.99,60683.10443271114,61514.98228621773,65204.02690819377,50.06535483606669,2419.0114285714285,4.163889913005284,WAIT
2024-08-31,BTCUSDT,59006.54,60523.43162959579,61416.61200048371,65142.36037179384,48.934295968383864,2414.9771428571426,4.0927279295772,WAIT
2024-09-01,BTCUSDT,58217.0,60303.77147439619,61291.13702007258,65073.45131336803,45.47925412455377,2469.935,4.242635312709346,WAIT
2024-09-02,BTCUSDT,58537.99,60135.60181016798,61183.17047026581,65008.421847563375,49.996368844101404,2435.7542857142857,4.160980391903251,WAIT
2024-09-03,BTCUSDT,57725.0,59906.020685390075,61047.555942020095,64935.94998838364,46.89796689187857,2380.157857142857,4.12327043246922,WAIT
2024-09-04,BTCUSDT,58134.0,59737.25681059102,60933.298846254605,64868.268893971865,46.054767094386634,2450.9678571428567,4.216066083776889,WAIT
2024-09-05,BTCUSDT,55976.01,59379.04282862997,60738.89536208776,64779.78870597215,38.16653199081178,2469.2221428571424,4.411214988094261,WAIT
2024-09-06,BTCUSDT,54045.01,58871.03970209378,60476.39005377059,64672.974987504764,30.828723171108876,2541.4107142857138,4.702396602916187,WAIT
2024-09-07,BTCUSDT,54780.0,58481.416873322945,60253.00220852469,64574.537425440045,24.199499925931576,2446.6957142857136,4.4664032754394185,WAIT
2024-09-08,BTCUSDT,53687.0,58024.80574253028,59995.51192583745,64466.20371971428,22.158416052712937,2463.407142857142,4.588461159791275,WAIT
2024-09-09,BTCUSDT,55386.0,57773.49090990835,59814.7467522752,64375.85343394598,29.48759591430371,2479.9064285714276,4.477496891942779,WAIT
2024-09-10,BTCUSDT,56596.0,57661.34891848851,59688.52138944088,64298.44195699129,36.715119436172095,2503.7428571428563,4.423886594711387,WAIT
2024-09-11,BTCUSDT,56701.23,57569.909021489606,59571.37270750202,64222.84780816551,43.09275029792186,2384.916428571428,4.206110570390497,WAIT
2024-09-12,BTCUSDT,57512.03,57564.39673372869,59490.614169952925,64156.07350161661,39.5732776554009,2287.417142857142,3.9772846530667447,WAIT
2024-09-13,BTCUSDT,59667.38,57764.680854325954,59497.546163288105,64111.409884685105,55.19234312743249,2231.4149999999995,3.7397569660340366,WAIT
2024-09-14,BTCUSDT,59876.0,57965.75886819967,59512.38749021798,64069.266502747945,53.01090833535339,2199.394285714285,3.673248523138294,WAIT
2024-09-15,BTCUSDT,60335.41,58191.43992837113,59544.66288275846,64032.11370172558,57.50763553833648,2131.899999999999,3.533414291872715,WAIT
2024-09-16,BTCUSDT,57881.69,58161.93993519293,59479.448259905184,63970.91545593727,47.979508777114866,2211.847857142857,3.821325633620678,WAIT
2024-09-17,BTCUSDT,61135.5,58445.136131841224,59544.3914653991,63942.70236682347,59.12780913310838,2325.0657142857135,3.80313519033248,WAIT
2024-09-18,BTCUSDT,59429.18,58538.85459547539,59539.873368716784,63897.79169650682,53.24131448443484,2275.587142857142,3.829073769581109,WAIT
2024-09-19,BTCUSDT,63154.04,58978.396062572974,59681.60539347299,63890.39118211372,66.65736877793717,2391.626428571428,3.786972976822113,WAIT
2024-09-20,BTCUSDT,63153.99,59376.07167566126,59817.77733882699,63883.063807167324,73.21923451045006,2275.8707142857133,3.603684762096129,WAIT
2024-09-21,BTCUSDT,63167.98,59737.20580178876,59949.15783534358,63875.94854540447,72.1972821231534,2181.6828571428564,3.45377967942438,WAIT
2024-09-22,BTCUSDT,62652.12,60014.81667780888,60055.15635160462,63863.77114694274,74.47210299491947,2176.021428571428,3.4731808414007825,WAIT
2024-09-23,BTCUSDT,63618.0,60357.97699420803,60194.875710365224,63861.325662893556,73.40777643184958,2191.5899999999992,3.444921248703196,LONG
2024-09-24,BTCUSDT,63159.99,60624.83537571203,60311.15470211561,63854.34719858616,69.49864869762253,2085.057142857142,3.301230957853448,LONG
2024-09-25,BTCUSDT,63495.66,60898.24724469183,60436.03726281696,63850.778171734564,69.91059262059446,2030.1142857142852,3.197248891836521,LONG
2024-09-26,BTCUSDT,65229.03,61310.70274519737,60623.997762314335,63864.492120274524,71.45408486665494,2097.114285714285,3.2150014889295226,LONG
2024-09-27,BTCUSDT,66006.01,61757.87486470238,60835.05706575299,63885.80075589369,69.08472861611833,2071.008571428571,3.1376060625821363,LONG
2024-09-28,BTCUSDT,65619.13,62125.61344901644,61022.667769056796,63903.04781304898,67.10811739900544,2044.2071428571423,3.115260965601254,LONG
2024-09-29,BTCUSDT,65751.34,62470.920739586305,61208.105895760455,63921.43878008332,66.45418137870564,2012.5071428571423,3.0607849860659,LONG
2024-09-30,BTCUSDT,63561.41,62574.77685962571,61300.39233122083,63917.8564041621,67.53668992245193,2014.4478571428558,3.1692938484889743,LONG
2024-10-01,BTCUSDT,62628.85,62579.9266825185,61352.48871038864,63905.03046979233,55.3823840860057,1906.5849999999987,3.044259953679492,LONG
2024-10-02,BTCUSDT,61874.01,62512.69652227864,61372.94052566752,63884.821310888925,59.460618260533764,1953.8949999999988,3.1578606267801277,LONG
2024-10-03,BTCUSDT,60641.5,62334.487329680676,61344.256583484486,63852.54945704924,37.95377006234691,1827.9064285714278,3.0142830051555913,WAIT
2024-10-04,BTCUSDT,61873.04,62290.53996494918,61364.993188053726,63832.85284553631,44.50718382055929,1864.1949999999997,3.0129358441091623,WAIT
2024-10-05,BTCUSDT,62167.66,62278.837111144494,61396.47031793397,63816.283762496154,45.81135697093844,1855.6571428571422,2.9849235806159378,WAIT
2024-10-06,BTCUSDT,62720.01,62320.85357674978,61448.37383487774,63805.3755658544,50.28340993625468,1851.8185714285707,2.95251638421067,LONG
2024-10-07,BTCUSDT,63651.6,62447.59133134504,61534.77486096097,63803.845460721524,50.14066746713154,1836.6928571428568,2.8855407517530693,LONG
2024-10-08,BTCUSDT,62288.01,62432.39310931218,61564.313493864465,63788.76252081385,46.60672257919905,1893.3842857142856,3.0397251183884113,WAIT
2024-10-09,BTCUSDT,62316.0,62421.308051282445,61593.79139606586,63774.10816737292,45.29677153902091,1838.6285714285711,2.950491962623678,WAIT
2024-10-10,BTCUSDT,60789.36,62265.884427350786,61562.24506680838,63744.409180632894,32.00264629409371,1779.2714285714283,2.926945486136765,WAIT
2024-10-11,BTCUSDT,62259.05,62265.23352950785,61589.57075046295,63729.62948729326,35.618418446695856,1896.3799999999994,3.0459507493288114,WAIT
2024-10-12,BTCUSDT,63157.49,62350.21033622139,61651.057779856565,63723.93655707144,40.90874173652912,1926.3249999999996,3.0500341289687096,WAIT
2024-10-13,BTCUSDT,62229.31,62338.69601848602,61673.73433750925,63709.06465103094,37.71482308030921,1983.3249999999996,3.187123559621663,WAIT
2024-10-14,BTCUSDT,65870.0,62675.010683392116,61838.29377525399,63730.56649529929,57.31250035634576,2075.883571428571,3.1514856101845625,LONG
2024-10-15,BTCUSDT,66022.0,62993.771570688106,62002.36068602834,63753.3668286794,61.3069797603013,2135.41,3.2343915664475476,LONG
2024-10-16,BTCUSDT,67749.99,63446.7447544321,62227.75791402723,63793.13422341891,68.38792776486406,2123.0328571428568,3.1336282959493524,LONG
2024-10-17,BTCUSDT,67590.66,63841.40334924809,62438.067799751654,63830.920549554045,73.31206926165277,2042.4471428571426,3.021789020638565,LONG
2024-10-18,BTCUSDT,68735.35,64307.49350646255,62685.02004289865,63879.72084259331,73.15564601738858,2046.962857142856,2.978035111689772,LONG
2024-10-19,BTCUSDT,68226.93,64680.773172513735,62902.34984513792,63922.97665510482,70.15511998398036,2052.045714285713,3.0076770481768906,LONG
2024-10-20,BTCUSDT,68625.99,65056.508108464805,63126.80632179918,63969.77280779035,69.8476304416499,2029.595714285713,2.9574738583526634,LONG
2024-10-21,BTCUSDT,67341.02,65274.080669563395,63292.069603297256,64003.317555971546,62.11100810941406,2065.499999999999,3.067224107980543,LONG
2024-10-22,BTCUSDT,67282.27,65465.336796271644,63448.548050226775,64035.94394844944,67.93034169991179,2017.504999999999,2.998568567915439,LONG
2024-10-23,BTCUSDT,66223.44,65537.53710138863,63557.367342374746,64057.71007831562,63.06165127212239,2085.3342857142848,3.1489368201263552,LONG
2024-10-24,BTCUSDT,67701.22,65743.60213935161,63719.87136816397,64093.96390838213,73.18043949822984,2134.5485714285705,3.1528952822837915,LONG
2024-10-25,BTCUSDT,67690.01,65928.97431655622,63875.563079216365,64129.74546153256,70.188932026997,1998.5485714285703,2.9525015159970733,LONG
2024-10-26,BTCUSDT,66886.49,66020.16628640801,63993.63864473729,64157.175755447664,63.960624225969674,2065.493571428571,3.0880579492638516,LONG
2024-10-27,BTCUSDT,67791.99,66188.9114019882,64142.59359984563,64193.34306136361,70.86097831353493,2045.4935714285712,3.0173086398976796,LONG
2024-10-28,BTCUSDT,68494.2,66408.46269703694,64313.24483122424,64236.137657767955,62.623313251736974,1875.2692857142854,2.7378512132622697,LONG
2024-10-29,BTCUSDT,72402.01,66979.27672589057,64630.45130843113,64317.390118884694,72.54409342144592,1934.3735714285722,2.6717125276336557,LONG
2024-10-30,BTCUSDT,72061.34,67463.28275199623,64921.8587081005,64394.44434655749,66.89036453742331,1915.9928571428577,2.658836009908861,LONG
2024-10-31,BTCUSDT,70620.0,67763.92248990135,65145.315229351465,64456.390173954926,60.78459154873417,1994.2235714285719,2.8238793138325855,LONG
2024-11-01,BTCUSDT,69387.77,67918.57463372027,65311.68600467101,64505.45862993548,52.30825838681601,2040.8142857142864,2.941172897924643,LONG
2024-11-02,BTCUSDT,69393.17,68059.01228765167,65471.74420056627,64554.09257391622,54.27843583813674,2096.7442857142864,3.021542733548974,LONG
2024-11-03,BTCUSDT,68090.9,68062.04921263723,65574.45619270092,64589.2846876086,48.15898720728516,2194.9278571428586,3.22352598826401,WAIT
2024-11-04,BTCUSDT,68646.01,68117.66452571939,65694.90928318324,64629.65011360255,54.72732370569954,2134.4950000000003,3.109423257083697,LONG
2024-11-05,BTCUSDT,69639.99,68262.6479042223,65849.61833090155,64679.50424182541,57.998854650539506,2285.9457142857145,3.2825187285146287,LONG
2024-11-06,BTCUSDT,74298.0,68837.44334191542,66180.92741596424,64775.21066727988,72.0170758203069,2626.040714285715,3.534470260687656,LONG
2024-11-07,BTCUSDT,76059.69,69525.2763569711,66568.32987024015,64887.494043724866,72.44372601827514,2591.183571428572,3.406776403412336,LONG
2024-11-08,BTCUSDT,76427.72,70182.65194202146,66954.97262042681,65002.322162692784,73.02090814674226,2573.7542857142867,3.367566487282738,LONG
2024-11-09,BTCUSDT,76319.9,70767.15175706704,67322.22467452772,65114.93487749186,75.79962225284115,2508.3035714285716,3.286565589614991,WAIT
2024-11-10,BTCUSDT,79694.03,71617.33063734637,67807.39351082075,65260.000500601396,78.67864698540289,2743.685,3.4427735678569644,WAIT
2024-11-11,BTCUSDT,84059.54,72802.3029575991,68444.73258882778,65447.06059512278,81.87789792741869,3033.060714285714,3.608229017534136,WAIT
2024-11-12,BTCUSDT,86632.0,74119.41696163728,69157.95876181494,65657.85601208673,80.82933793787765,3185.2542857142844,3.6767641122383004,WAIT
2024-11-13,BTCUSDT,92540.01,75873.75915576707,70074.90194762612,65925.34013136945,85.74439214703348,3526.36357142857,3.8106366872324418,WAIT
2024-11-14,BTCUSDT,87947.99,77023.68590283686,70775.8073614447,66144.47097583344,77.24812063653206,3733.9949999999985,4.245685432947357,WAIT
2024-11-15,BTCUSDT,88445.41,78111.46915018573,71468.73295511355,66366.37086662116,80.67691374566752,3822.464999999999,4.321835355842659,WAIT
2024-11-16,BTCUSDT,90521.2,79293.34827873948,72215.88852550126,66606.71742516225,81.88438756800397,3948.7499999999977,4.362237796228947,WAIT
2024-11-17,BTCUSDT,90260.01,80337.79225219286,72923.50113234435,66842.07357018552,84.54082540462065,3945.087142857141,4.370802909125693,WAIT
2024-11-18,BTCUSDT,92309.51,81477.95584722211,73683.7367742132,67095.48089784537,85.22868161197849,4090.7449999999985,4.43155315199918,WAIT
2024-11-19,BTCUSDT,92391.99,82517.3876712962,74417.39376345975,67347.18745607576,84.81660987339805,4064.336428571427,4.399013841536941,WAIT
2024-11-20,BTCUSDT,94739.97,83681.44313117275,75214.35753744173,67619.75245651281,83.66149025672811,3836.7142857142835,4.04973137073432,WAIT
2024-11-21,BTCUSDT,96672.0,84918.63902344201,76055.83371244401,67908.82954649776,83.75263678274679,4050.775714285712,4.190226450560361,WAIT
2024-11-22,BTCUSDT,98664.0,86227.72102120944,76942.42846881876,68214.85114305002,84.57311540334483,4178.440714285712,4.235020589359555,WAIT
2024-11-23,BTCUSDT,98400.0,87386.98568585615,77783.90186219841,68515.20088292018,84.16436326456343,4177.732857142854,4.245663472706153,WAIT
2024-11-24,BTCUSDT,95901.51,88197.89276339367,78494.39629897494,68787.70147114983,75.77617268808558,4056.207857142855,4.229555777737864,WAIT
2024-11-25,BTCUSDT,96000.56,88941.00392878475,79180.91252254456,69058.47618287969,71.9726840671534,3953.094999999999,4.1177832712642495,LONG
2024-11-26,BTCUSDT,92813.0,89309.76545937668,79715.50418832713,69294.83960394557,61.12189932746787,3876.332142857141,4.176496980872444,LONG
2024-11-27,BTCUSDT,95556.01,89904.645891817,80336.70049466725,69556.14478201576,56.124474667905645,3740.5642857142843,3.91452540317902,LONG
2024-11-28,BTCUSDT,95007.14,90390.59771164395,80912.01184781756,69809.38851552804,67.15103523577251,3535.7171428571423,3.7215278166010917,LONG
2024-11-29,BTCUSDT,98019.47,91117.15697720167,81582.89255966785,70090.08584373175,70.7282062917744,3527.1785714285716,3.5984468916518026,LONG
2024-11-30,BTCUSDT,96645.41,91643.65726508723,82173.57951811225,70354.31792488866,63.67465965242906,3447.5342857142864,3.5671991931270055,LONG
2024-12-01,BTCUSDT,97028.02,92156.4537160313,82756.10659583335,70619.7278957853,65.03068983391202,3419.5992857142855,3.5243420258542693,LONG
2024-12-02,BTCUSDT,97048.0,92622.31526688546,83316.57300383989,70882.69577741929,61.56606596711165,3383.3135714285713,3.4862269922394806,LONG
2024-12-03,BTCUSDT,95682.54,92913.7652414678,83801.51288604226,71129.46039654945,57.55842559273187,3430.326428571429,3.5851122143825083,LONG
2024-12-04,BTCUSDT,95742.81,93183.19807561372,84269.79904737393,71374.36934782757,52.57406163948968,3330.4964285714295,3.478586463642993,LONG
2024-12-05,BTCUSDT,101292.01,93955.46587793622,84937.33673179064,71672.05731451586,60.00136814956471,3634.3042857142864,3.5879476433672175,LONG
2024-12-06,BTCUSDT,99309.99,94465.42055622801,85500.97019328905,71947.06161984405,51.39903954232075,4231.14,4.260538139214393,LONG
2024-12-07,BTCUSDT,99756.01,94969.28621753963,86059.99136217967,72223.76757387546,52.91377815825651,4357.452857142858,4.368110610220736,LONG
2024-12-08,BTCUSDT,99912.01,95440.02181586919,86603.2077793491,72499.2724736379,59.58237521527791,4298.760714285715,4.302546524973039,LONG
2024-12-09,BTCUSDT,97812.0,95665.92450007213,87042.76825859032,72751.1404092236,53.950382511754505,4262.733571428572,4.358088548878023,LONG
2024-12-10,BTCUSDT,95658.79,95665.24502387478,87380.65146413581,72979.07722107213,56.49930000616634,4206.624285714286,4.397530311343355,LONG
2024-12-11,BTCUSDT,100361.64,96112.5207358867,87889.70983809126,73251.54053230525,60.073475373424365,4312.664285714287,4.297124165880796,LONG
2024-12-12,BTCUSDT,101797.14,96653.91304675463,88435.09925620533,73535.5763479042,63.72298249925626,4292.06142857143,4.216288815748094,LONG
2024-12-13,BTCUSDT,99873.16,96960.50799468276,88883.65065792277,73797.64185688029,53.918812473125016,4250.133571428572,4.255531287313401,LONG
2024-12-14,BTCUSDT,101625.12,97404.75675709393,89383.31612231796,74074.53218666257,60.36184504851831,4285.9914285714285,4.217452760273669,LONG
2024-12-15,BTCUSDT,102704.01,97909.4475421326,89905.69627438392,74359.40261266593,61.47807816673979,4361.395714285715,4.246568088515449,LONG
2024-12-16,BTCUSDT,106332.01,98711.59634764379,90549.86544009436,74677.53800955483,66.3835258566136,4411.420714285715,4.148723149581876,LONG
2024-12-17,BTCUSDT,106478.47,99451.29860024914,91174.51659930636,74993.96519353936,69.90813358377866,4346.739285714286,4.0822706089919265,LONG
2024-12-18,BTCUSDT,104428.54,99925.3215907016,91694.28222286297,75286.84653489718,64.92186820862952,4518.537857142857,4.326918538881093,LONG
2024-12-19,BTCUSDT,100679.86,99997.18239158716,92046.65782196638,75539.51333554498,48.87899028366684,4282.667142857143,4.253747614326383,WAIT
2024-12-20,BTCUSDT,96991.62,99710.93835429315,92240.57790737947,75752.96713320125,46.00415102105395,4101.842857142858,4.229069333147398,WAIT
2024-12-21,BTCUSDT,97527.97,99503.03660626523,92447.92661689401,75969.63382839329,46.171760470596986,4174.012857142858,4.279811070755249,WAIT
2024-12-22,BTCUSDT,95377.72,99110.14931043045,92562.82047505504,76162.7491136829,42.70881071167041,4253.018571428571,4.459132144727899,WAIT
2024-12-23,BTCUSDT,93250.37,98552.07509038945,92589.78320152347,76332.77519215373,42.67129152856612,4223.659999999999,4.529376130089348,WAIT
2024-12-24,BTCUSDT,98300.0,98528.06793892379,92813.71327205197,76551.35454347558,53.88206914736786,4333.092142857143,4.408028629559658,LONG
2024-12-25,BTCUSDT,98519.98,98527.29765902628,93037.48843785386,76769.9478316002,46.88226252065331,4025.5585714285708,4.0860326721834195,WAIT
2024-12-26,BTCUSDT,96042.88,98290.68645340473,93155.34693048704,76961.71830093751,40.5904803641977,4203.04357142857,4.376215677235596,WAIT
2024-12-27,BTCUSDT,94573.75,97936.69250546143,93210.97058027187,77136.9623974456,41.20340814588697,4217.219999999999,4.459186613621643,WAIT
2024-12-28,BTCUSDT,94447.29,97604.36845732224,93259.45369477101,77309.20446314267,37.40574703164781,4145.102142857142,4.388799448726525,WAIT
2024-12-29,BTCUSDT,94511.12,97309.7733661487,93308.53864791724,77480.36780181788,35.09374889698084,4071.7757142857145,4.308250409354703,WAIT
2024-12-30,BTCUSDT,92130.21,96816.48161699169,93262.32968133225,77626.13737592915,22.932763595750643,3999.210714285714,4.340824485568538,WAIT
2024-12-31,BTCUSDT,95412.0,96682.72146299249,93346.63047814276,77803.1111333826,31.160011208857583,4111.8550000000005,4.3095784597325295,WAIT
2025-01-01,BTCUSDT,94432.94,96468.45656175511,93389.23085154893,77968.5820673788,32.33915549656594,3983.807857142858,4.218663378629171,WAIT
2025-01-02,BTCUSDT,96455.01,96467.17593682605,93509.45748482153,78152.5266239223,42.05022928140928,3803.950714285716,3.9437564873879714,WAIT
2025-01-03,BTCUSDT,97521.35,96567.57346665215,93666.78660306383,78345.25123462954,51.10589659815662,3291.950714285716,3.3756205326174378,LONG
2025-01-04,BTCUSDT,97657.94,96671.41789839957,93823.30242255153,78537.41729199642,50.27593905689436,3107.922142857145,3.1824571999543974,LONG
2025-01-05,BTCUSDT,98028.98,96800.70952712341,93988.23095500049,78731.3631895885,56.088893257539276,3004.5835714285745,3.064995240620248,LONG
2025-01-06,BTCUSDT,102147.95,97309.97052454023,94308.21993715734,78964.36405337369,68.72157859520516,3108.8735714285745,3.0435006981819748,LONG
2025-01-07,BTCUSDT,97952.26,97371.1409507745,94451.12346903353,79153.29834139983,49.241039313875426,3093.936428571432,3.158616685895182,WAIT
2025-01-08,BTCUSDT,95493.77,97192.3437173674,94492.01156828711,79315.89009919685,43.98307265104602,3205.790714285717,3.3570679158291865,WAIT
2025-01-09,BTCUSDT,94244.02,96911.55098238004,94482.28640874644,79464.428705175,46.239860000702336,3133.6971428571455,3.3250885762907245,WAIT
2025-01-10,BTCUSDT,93730.92,96608.63374596288,94452.82105938383,79606.38384243695,48.16489571326362,3173.4300000000026,3.385681053808074,WAIT
2025-01-11,BTCUSDT,94410.26,96399.26481777594,94451.15199823152,79753.68609276097,49.92126961934297,3231.876428571431,3.4232258533886375,WAIT
2025-01-12,BTCUSDT,95071.9,96272.8491208449,94475.49505712441,79906.10613163897,51.1627309061082,3232.942142857145,3.4005233332426776,LONG
2025-01-13,BTCUSDT,92123.75,95877.69682362158,94383.26976076659,80027.67472734406,49.98691355083577,3492.575714285716,3.791178403273549,WAIT
2025-01-14,BTCUSDT,96471.65,95934.26379280047,94465.16702505025,80191.2963718481,52.057722250120676,3611.932857142859,3.7440355349399117,LONG
2025-01-15,BTCUSDT,98992.42,96225.5167649147,94642.70635740123,80378.37222884464,58.353804932531666,3736.625714285716,3.7746584175694626,LONG
2025-01-16,BTCUSDT,99296.17,96517.95993016093,94825.19512769922,80566.6090225875,55.55532091952297,3726.0221428571435,3.7524328912758103,LONG
2025-01-17,BTCUSDT,104000.0,97230.5351749075,95184.99139720121,80799.77709201448,61.090156770119904,3967.1421428571434,3.8145597527472535,LONG
2025-01-18,BTCUSDT,104568.96,97929.43277729726,95552.99016593842,81036.286374681,61.6577230884662,4111.235,3.931601691362331,LONG
2025-01-19,BTCUSDT,104936.35,98596.75822707848,95920.96506139182,81274.0979530424,61.65300109016448,4186.150714285714,3.989228436367106,LONG
2025-01-20,BTCUSDT,104957.99,99202.58982449958,96275.3581962392,81509.75857042507,55.50116677890716,4553.760714285714,4.338650839527046,LONG
2025-01-21,BTCUSDT,103943.0,99654.05746026152,96576.0500316808,81732.97490305766,63.39628885897397,4650.909285714285,4.474480518855801,LONG
2025-01-22,BTCUSDT,104180.01,100085.10055928424,96874.24454024235,81956.32848611182,71.5665535484268,4634.786428571429,4.448825094729237,LONG
2025-01-23,BTCUSDT,105263.52,100578.28336316193,97203.23573474264,82188.24083948384,77.58739994732619,4708.595714285714,4.473150540933568,WAIT
2025-01-24,BTCUSDT,105859.98,101081.30209047985,97542.71590200764,82423.7805326233,80.23897874581034,4748.922142857143,4.486041035391413,WAIT
2025-01-25,BTCUSDT,104897.79,101444.77712948176,97831.15018036027,82647.40251737332,75.78284989962233,4774.301428571429,4.551384188905628,WAIT
2025-01-26,BTCUSDT,104967.01,101780.22787905493,98110.98782034614,82869.48816396663,75.05627787622362,4725.521428571429,4.501911056217977,WAIT
2025-01-27,BTCUSDT,101112.03,101716.5899858116,98228.67574896003,83051.0059931809,71.76064999080018,4782.612857142857,4.7300136859509765,LONG
2025-01-28,BTCUSDT,102777.99,101817.67570144859,98407.08022939297,83247.29439125869,67.54621143575139,4697.97,4.570988399364494,LONG
2025-01-29,BTCUSDT,101980.78,101833.20944416778,98547.2253184364,83433.69723313671,59.19659508466125,4582.762857142858,4.493751525672639,LONG
2025-01-30,BTCUSDT,105564.0,102188.5228304375,98822.39295300753,83653.89925071744,66.04949051471917,4691.755714285716,4.4444656457558605,LONG
2025-01-31,BTCUSDT,105464.01,102500.47398944346,99082.84852347782,83870.91527807349,54.905302179963016,4470.8828571428585,4.239249822894899,LONG
2025-02-01,BTCUSDT,102073.89,102459.8469428298,99200.14426765517,84052.03940465982,42.96921362790233,4511.935,4.4202635953229565,WAIT
2025-02-02,BTCUSDT,99346.87,102163.37294827458,99205.8982179432,84204.22677376769,36.098255429894856,4625.544285714287,4.655953716221042,WAIT
2025-02-03,BTCUSDT,98842.0,101847.05171510558,99191.6276995925,84349.87625860583,35.1458098048502,4499.187142857145,4.551898123122909,WAIT
2025-02-04,BTCUSDT,99347.19,101608.96964700028,99197.72818196143,84499.10326100777,38.55451151693859,4335.547857142858,4.3640367252892185,WAIT
2025-02-05,BTCUSDT,98116.24,101276.32872823835,99155.31688070804,84634.59715890819,35.61102544790471,4410.526428571429,4.495205308082973,WAIT
2025-02-06,BTCUSDT,97333.09,100900.78218269184,99083.85700303322,84760.95032150613,30.909418296018444,4280.270714285715,4.397549398961561,WAIT
2025-02-07,BTCUSDT,98283.98,100651.56292719737,99052.48927742407,84895.50783074487,32.06860510031737,4266.488571428572,4.340980667885623,WAIT
2025-02-08,BTCUSDT,95843.74,100193.67502936906,98926.65597242705,85004.4454642698,29.97158343070241,4261.438571428573,4.446235686784106,WAIT
2025-02-09,BTCUSDT,96488.15,99840.76788371486,98831.02828723383,85118.71118104324,31.709407978186405,4301.9457142857145,4.458522330758456,WAIT
2025-02-10,BTCUSDT,97218.69,99591.04618050392,98767.7993347933,85239.10898023684,40.29274310652966,4026.903571428572,4.142108447900884,WAIT
2025-02-11,BTCUSDT,97007.53,99344.99702045594,98698.7691648014,85356.2076968514,34.487143367155994,3808.838571428572,3.926332905732753,WAIT
2025-02-12,BTCUSDT,95816.18,99008.91920898393,98585.72645245625,85460.28702325089,33.7714749040441,3817.5514285714285,3.9842450706878827,WAIT
2025-02-13,BTCUSDT,95998.0,98722.16499860451,98484.24698373248,85565.13988869118,19.323422077130815,3670.5699999999997,3.8235900747932248,WAIT
2025-02-14,BTCUSDT,96924.39,98550.94833207075,98423.07612162532,85678.1672529828,23.9932757139986,3689.712857142857,3.8067950256306564,WAIT
2025-02-15,BTCUSDT,97633.22,98463.5456337783,98392.10137175766,85797.12300170935,33.83660398593271,3558.9578571428574,3.6452324906859133,WAIT
2025-02-16,BTCUSDT,96911.01,98315.68509722798,98334.01935717893,85907.70894199084,39.61873508353223,3341.4585714285713,3.44796589306888,WAIT
2025-02-17,BTCUSDT,95659.46,98062.71127844436,98229.13467650524,86004.74129082676,37.248090342888865,2873.557142857143,3.0039445579738198,WAIT
2025-02-18,BTCUSDT,95546.48,97823.0702043068,98123.93253232857,86099.68396454988,34.27700561040568,2663.8357142857153,2.787999844981956,WAIT
2025-02-19,BTCUSDT,95943.74,97644.0863753252,98038.43478596275,86197.63477087277,40.346829850045964,2569.8342857142875,2.678480415412498,WAIT
2025-02-20,BTCUSDT,96903.77,97573.58005386566,97993.9381276897,86304.16347962031,48.12190388865464,2547.672857142858,2.629075068124654,WAIT
2025-02-21,BTCUSDT,98104.04,97624.10004873559,97998.25584817247,86421.57518629076,49.22964558730853,2413.790714285715,2.4604396661806334,WAIT
2025-02-22,BTCUSDT,96592.0,97525.80480599887,97943.10856000884,86522.7734431436,53.480007143627816,2481.065,2.5686029898956435,WAIT
2025-02-23,BTCUSDT,95436.18,97326.79291971326,97844.79763608692,86611.46405564963,45.32966325556616,2465.7928571428574,2.583708670173992,WAIT
2025-02-24,BTCUSDT,94323.95,97040.80787974058,97706.7251797698,86688.20520932476,37.56975731582265,2398.002857142858,2.542305381764502,WAIT
2025-02-25,BTCUSDT,87231.26,96106.56522452719,97295.92262370039,86693.60873958025,23.61397578576954,2916.6107142857145,3.343538445146516,WAIT
2025-02-26,BTCUSDT,87567.53,95293.32377457223,96914.4170306141,86702.30447351477,26.659683232797946,2994.0499999999997,3.41913263968962,WAIT
2025-02-27,BTCUSDT,85500.84,94360.70627223201,96466.82577451158,86690.34960313154,23.16026480854768,3176.258571428571,3.7148858086406764,WAIT
2025-02-28,BTCUSDT,84005.05,93374.4532939242,95978.12868531505,86663.63020409542,17.90171858804075,3539.2635714285707,4.213155722695922,WAIT
2025-03-01,BTCUSDT,84800.0,92557.83869450285,95539.77069765564,86645.08661997507,18.251546946728425,3612.796428571427,4.2603731469002675,WAIT
2025-03-02,BTCUSDT,87427.99,92069.28167597877,95221.66165068875,86652.87670335842,28.56126811764581,3818.3028571428554,4.367368913711565,WAIT
2025-03-03,BTCUSDT,90035.37,91875.57580207603,95018.27766438723,86686.53335307624,38.01977557462191,4247.096428571427,4.717142194863449,WAIT
2025-03-04,BTCUSDT,82985.06,91028.86001140212,94546.38677558774,86649.70277244863,29.346373462169325,4803.959999999998,5.78894562467027,WAIT
2025-03-05,BTCUSDT,88344.25,90773.18286745907,94303.1657255647,86666.56393889192,39.25765408172928,5204.58857142857,5.891258991307946,WAIT
2025-03-06,BTCUSDT,90820.69,90777.70735627248,94166.59805005236,86707.89852656465,41.75467617435017,5387.152857142856,5.9316361251415906,WAIT
2025-03-07,BTCUSDT,88457.99,90556.78189377034,93942.73106769737,86725.31237207146,37.32467045759465,5674.937857142856,6.415404484256149,WAIT
2025-03-08,BTCUSDT,86400.0,90160.89790388745,93646.93769249355,86722.07543304589,36.796709748360215,5669.215714285713,6.561592261904761,WAIT
2025-03-09,BTCUSDT,83080.41,89486.56572256483,93232.5640574938,86685.83995610016,34.843343545089695,5839.159999999999,7.028323524161712,WAIT
2025-03-10,BTCUSDT,80043.85,88587.25946327295,92715.35958465091,86619.75050380066,33.27251506048795,6000.837857142857,7.496938062253197,WAIT
2025-03-11,BTCUSDT,81232.24,87886.78141915171,92265.04116956657,86566.14343411112,41.844778609383745,5749.095714285715,7.077357111272217,WAIT
2025-03-12,BTCUSDT,81738.97,87301.27556970868,91852.25406487769,86518.1118576523,42.113058751255046,5741.292142857144,7.0239350249423795,WAIT
2025-03-13,BTCUSDT,81044.72,86705.41313449833,91428.42919958837,86463.6502471284,43.73758019644581,5586.394285714288,6.892977464434806,WAIT
2025-03-14,BTCUSDT,84724.58,86516.7623597842,91165.53315254569,86446.34606556494,50.95270869143932,5439.024285714289,6.419653288000117,WAIT
2025-03-15,BTCUSDT,84346.02,86310.0249921857,90898.10126421056,86425.4472987434,49.39219631370907,5294.075000000004,6.276615067314384,WAIT
2025-03-16,BTCUSDT,83320.83,86025.33975483468,90600.95337149642,86394.55558432805,44.2546178091796,5161.515714285719,6.194748317180372,WAIT
2025-03-17,BTCUSDT,83531.06,85787.78930199328,90323.70265104558,86366.06309095165,40.24723812368443,4833.975000000004,5.787038976878786,WAIT
2025-03-18,BTCUSDT,81610.21,85389.92460656536,89981.99705688693,86318.74116964865,47.56375075177566,4414.130000000004,5.408796276838404,WAIT
2025-03-19,BTCUSDT,84733.05,85327.3651202258,89776.15599583255,86302.96314806011,43.05008664297168,4037.1042857142893,4.764497779454757,WAIT
2025-03-20,BTCUSDT,84691.76,85266.83129925192,89576.7679175646,86286.93127594011,36.984663005313614,3941.7264285714314,4.654202992795795,WAIT
2025-03-21,BTCUSDT,83565.48,85104.79784218031,89341.03113648364,86259.85215876657,39.03448040913349,3592.923571428574,4.299530824724005,WAIT
2025-03-22,BTCUSDT,84109.09,85009.96852387743,89135.8569742686,86238.45154027139,44.49147672214839,3407.2135714285737,4.050945708042464,WAIT
2025-03-23,BTCUSDT,85189.41,85027.05818827005,88981.09434782669,86228.01331599009,55.68311653595588,3252.9685714285733,3.818512854389499,WAIT
2025-03-24,BTCUSDT,88350.01,85343.52978938719,88956.34594202957,86249.12771085586,72.2339525670539,3182.8971428571435,3.6025996407438363,WAIT
2025-03-25,BTCUSDT,87774.37,85575.03838087412,88909.99394430293,86264.30425104636,68.10594340275374,2940.5250000000005,3.350095249900399,WAIT
2025-03-26,BTCUSDT,86752.52,85687.17948745753,88825.38712295772,86269.16211919516,63.490797503090484,2810.0299999999997,3.239133572142918,WAIT
2025-03-27,BTCUSDT,86974.07,85809.74048865205,88752.78645146919,86276.17612795939,66.37157781327953,2708.1978571428563,3.113799155475714,WAIT
2025-03-28,BTCUSDT,84051.16,85642.25663258995,88568.40894356844,86254.0366639996,48.05950072961067,2594.240714285713,3.0865019760413928,WAIT
2025-03-29,BTCUSDT,82414.23,85334.82552472425,88327.06859284027,86215.82963251702,44.80983165583829,2686.07857142857,3.2592412395633255,WAIT
2025-03-30,BTCUSDT,82729.57,85086.70595094099,88107.55884410144,86181.14048194472,48.34845789777122,2669.8335714285704,3.2271817337241937,WAIT
2025-03-31,BTCUSDT,83418.78,84927.85586037517,87923.68516394061,86153.65430799502,49.694546340921974,2636.1649999999986,3.1601577007000086,WAIT
2025-04-01,BTCUSDT,85280.87,84961.47625462516,87820.04535359,86144.96988701995,60.017925314102335,2608.470714285713,3.058682110402618,WAIT
2025-04-02,BTCUSDT,86757.67,85132.54232561323,87778.38357501784,86151.06640555707,56.07103575416714,2593.179999999998,2.9889922124464596,WAIT
2025-04-03,BTCUSDT,82039.31,84837.94877079292,87553.32186619361,86110.1534064968,43.78860679043946,2836.9949999999985,3.4580922243251417,WAIT
2025-04-04,BTCUSDT,82860.0,84649.57269738408,87369.27002830367,86077.81357160628,48.32394908271921,2940.3699999999985,3.5486000482741953,WAIT
2025-04-05,BTCUSDT,82618.26,84456.11434525227,87182.95590954667,86043.39015298334,46.40660469542321,3014.3028571428554,3.6484705162549487,WAIT
2025-04-06,BTCUSDT,82548.36,84274.42345522824,87001.20705034876,86008.61373355068,43.30824415806331,3012.2121428571418,3.6490272403438926,WAIT
2025-04-07,BTCUSDT,78479.9,83722.56407853984,86667.03814641351,85933.70115908749,26.091552588066662,3303.692142857142,4.209602895591281,WAIT
2025-04-08,BTCUSDT,78497.99,83224.98559486939,86346.6833171424,85859.71398337519,26.905952622794814,3398.605714285714,4.3295448893477575,WAIT
2025-04-09,BTCUSDT,77258.0,82656.70125250088,85990.26436352897,85774.12478951077,26.61685562942877,3526.9949999999994,4.5652165471536925,WAIT
2025-04-10,BTCUSDT,78757.0,82285.30113321508,85706.60693750823,85704.3026523017,30.960943969534085,3848.1099999999997,4.8860545729268505,WAIT
2025-04-11,BTCUSDT,82521.74,82307.81912052793,85581.71019486085,85672.63536222905,46.5893653100127,3926.269285714285,4.75786051737916,WAIT
2025-04-12,BTCUSDT,85008.4,82565.01729952527,85559.2274421212,85666.0260551422,55.573809025541145,3981.275714285713,4.683390952289083,WAIT
2025-04-13,BTCUSDT,83849.66,82687.36422338,85492.18558164587,85647.95276106118,52.322443744357635,4033.382857142856,4.810255470496667,WAIT
2025-04-14,BTCUSDT,84101.16,82822.01144020096,85437.63555883623,85632.56178831431,51.4410333170586,4040.6114285714284,4.804465751211313,WAIT
2025-04-15,BTCUSDT,84918.14,83021.6427316104,85417.26318397991,85625.45311380373,49.198622283395174,3997.6357142857137,4.707634569346094,WAIT
2025-04-16,BTCUSDT,84846.58,83195.44628098083,85394.88345127483,85617.70313257186,45.498320252930206,3906.9464285714284,4.604718809610745,WAIT
2025-04-17,BTCUSDT,84531.71,83322.70949231599,85361.03351200915,85606.89723075522,57.40775085419181,3545.249285714286,4.193987422843198,WAIT
2025-04-18,BTCUSDT,84374.59,83422.88858828589,85322.34945271467,85594.63546726512,54.686419936445446,3398.964285714286,4.028421691547521,WAIT
2025-04-19,BTCUSDT,85191.19,83591.29824654438,85317.20594476508,85590.62108450627,57.68763509003414,3337.105,3.9171949587744925,WAIT
2025-04-20,BTCUSDT,84344.66,83663.04698496872,85279.06688810763,85578.22346177488,55.129108597874236,3324.1485714285704,3.94114881893954,WAIT
2025-04-21,BTCUSDT,88044.8,84080.35679592408,85387.52701014263,85602.76651190648,77.89817366408208,3048.941428571428,3.4629432159212445,WAIT
2025-04-22,BTCUSDT,90934.61,84733.14281535988,85605.05967641155,85655.81968094224,81.0694285668604,3155.719285714285,3.4703170615833563,WAIT
2025-04-23,BTCUSDT,93195.28,85539.06064246847,85902.7153753758,85730.83918660451,87.88291089293425,3167.8121428571426,3.399112211323516,WAIT
2025-04-24,BTCUSDT,93202.51,86268.91296223337,86188.98183124342,85805.18416982239,86.95798783717059,2889.806428571428,3.1005671720337022,WAIT
2025-04-25,BTCUSDT,95061.22,87106.27553725877,86536.91273982212,85897.28402882913,85.5485476086799,2762.8621428571423,2.9064029925737778,WAIT
2025-04-26,BTCUSDT,94373.24,87798.36739085318,86844.21969120165,85981.62189918905,79.56364389422197,2641.182142857143,2.7986557872307265,WAIT
2025-04-27,BTCUSDT,93901.08,88379.57811553383,87120.95931115453,86060.42247730658,83.16893107512873,2580.2599999999998,2.747849119520244,WAIT
2025-04-28,BTCUSDT,93833.51,88899.0001997687,87384.19659307004,86137.76663176125,82.51067448872351,2584.847857142857,2.7547172189795064,WAIT
2025-04-29,BTCUSDT,94843.1,89465.10494264787,87676.70260902809,86224.38686428104,82.73287099272187,2540.9007142857145,2.679057004975285,WAIT
2025-04-30,BTCUSDT,94004.63,89897.44066239569,87924.85662436031,86301.80221886531,78.74926620394348,2568.855,2.7326898685734946,WAIT
2025-05-01,BTCUSDT,96854.3,90559.99869454849,88275.0308743854,86406.80219678706,83.37239502227513,2688.162857142857,2.775470843465759,WAIT
2025-05-02,BTCUSDT,97330.19,91204.7788188772,88630.13515382126,86515.49262268968,84.49120441807737,2729.5542857142855,2.804427162542563,WAIT
2025-05-03,BTCUSDT,96418.68,91701.34083612698,88935.56828504396,86614.03180057337,79.74023001780569,2769.318571428572,2.872180547823899,WAIT
2025-05-04,BTCUSDT,95467.6,92060.03218506728,89191.72639151283,86702.12700653782,79.30099765653976,2756.0335714285725,2.8868784503104425,WAIT
2025-05-05,BTCUSDT,93770.31,92222.91578648944,89371.27868988487,86772.45718557725,66.8619236018219,2616.8000000000006,2.790648767184411,LONG
2025-05-06,BTCUSDT,94558.95,92445.3952353952,89574.71678047763,86849.93472601927,62.18145983654711,2386.2514285714287,2.523559566356679,LONG
2025-05-07,BTCUSDT,96923.91,92871.92045107186,89862.92043614517,86950.17328595939,62.444737413013364,2346.535714285714,2.421008102423555,LONG
2025-05-08,BTCUSDT,100758.08,93622.98326525549,90290.18159551203,87087.56539256676,70.08638487767502,2573.714285714286,2.5543502672086307,LONG
2025-05-09,BTCUSDT,102895.99,94506.12676380259,90784.527023139,87244.86314985466,70.5239564957937,2621.8485714285716,2.5480570928260384,LONG
2025-05-10,BTCUSDT,103138.77,95328.28326248805,91269.00713987865,87403.01147672177,73.51055617811471,2629.031428571429,2.5490234453750307,LONG
2025-05-11,BTCUSDT,104150.0,96168.44676129872,91774.14411478538,87569.64817844595,76.71666816121986,2644.232857142858,2.538869762019067,WAIT
2025-05-12,BTCUSDT,102527.26,96774.04802212742,92195.8349338134,87718.48013686937,70.96300961664124,2687.194285714286,2.6209559152505255,LONG
2025-05-13,BTCUSDT,103682.55,97432.00059144862,92646.29434817366,87877.32660316919,71.16561302925105,2775.058571428572,2.6764952939801074,LONG
2025-05-14,BTCUSDT,103514.24,98011.26148750113,93072.48829530411,88032.91778124712,73.5252804471916,2745.9664285714284,2.6527426840707404,LONG
2025-05-15,BTCUSDT,103251.35,98510.31753631055,93471.6593425471,88184.34496750336,68.14797877295997,2645.1185714285707,2.5618246845475343,LONG
2025-05-16,BTCUSDT,104183.33,99050.60443761431,93891.72485852565,88343.53884842373,68.95145010336942,2659.5592857142847,2.552768553005826,LONG
2025-05-17,BTCUSDT,102939.53,99420.97830069867,94246.5407464266,88488.7725912255,67.70712325538328,2660.066428571427,2.5841058615397086,LONG
2025-05-18,BTCUSDT,105518.0,100001.64703396546,94688.55875637066,88658.21764006902,75.07527272328076,2780.472142857142,2.635069033583978,WAIT
2025-05-19,BTCUSDT,104786.41,100457.33874501637,95084.55292278751,88818.69716603849,78.87611692099927,2985.089285714285,2.848737050648347,WAIT
2025-05-20,BTCUSDT,105333.68,100921.75219787196,95486.47947483505,88983.02535344109,78.6053918067857,3045.557142857142,2.891342202092571,WAIT
2025-05-21,BTCUSDT,108973.35,101688.57103616987,96015.37635817486,89181.93405639192,79.96165724260372,3106.3499999999995,2.8505593340023037,WAIT
2025-05-22,BTCUSDT,111290.86,102603.07474701083,96614.41493236409,89401.92336926365,78.32696122516597,3107.915,2.7926057899094316,WAIT
2025-05-23,BTCUSDT,108940.0,103206.59143777171,97097.77120952628,89596.33209195755,66.07074199163065,3172.1078571428566,2.911793516745784,LONG
2025-05-24,BTCUSDT,108929.7,103751.64939607917,97561.76841699584,89788.70391193808,65.59056122929735,3259.584285714285,2.9923742429422697,LONG
2025-05-25,BTCUSDT,106967.97,104057.96564407164,97930.63906730973,89959.64188296358,57.21726979404695,3303.8785714285705,3.0886615604919587,LONG
2025-05-26,BTCUSDT,110009.82,104624.80891606481,98404.33243721916,90159.1461428346,67.86536984898902,3328.790714285714,3.025903245988143,LONG
2025-05-27,BTCUSDT,110140.11,105150.0756859634,98864.5590083086,90357.96170360241,66.21156708099608,3325.490714285713,3.019327576743579,LONG
2025-05-28,BTCUSDT,107107.31,105336.47895396689,99187.80414523768,90524.62188565613,57.886107771341116,3419.1685714285704,3.1922831144098107,LONG
2025-05-29,BTCUSDT,107019.89,105496.80381549385,99494.94476699307,90688.75390669439,58.33543458815846,3414.487857142857,3.1905170685027398,LONG
2025-05-30,BTCUSDT,105543.0,105501.20345211349,99732.12340358157,90836.55735040887,52.936595184974806,3461.2071428571435,3.279428425245771,LONG
2025-05-31,BTCUSDT,104556.08,105411.19169476935,99921.29817206858,90973.07001358888,53.53057648938108,3500.8214285714284,3.348271500396178,LONG
2025-06-01,BTCUSDT,104715.1,105344.89724764846,100109.29040061492,91109.80663036909,48.039231966990535,3374.3507142857134,3.22241082163481,WAIT
2025-06-02,BTCUSDT,104438.79,105258.60131930099,100279.07469863002,91242.43333056442,49.131767874662046,3172.0028571428566,3.0371884403705334,WAIT
2025-06-03,BTCUSDT,106610.66,105387.3688127009,100527.37216142885,91395.35100886728,52.95003936527652,3178.867857142857,2.9817542233983514,LONG
2025-06-04,BTCUSDT,105298.27,105378.88321149128,100714.466194314,91533.6885112666,40.487032619319784,3044.622857142856,2.8914272353599504,WAIT
2025-06-05,BTCUSDT,104531.49,105298.17909611115,100864.15340238012,91663.01986936346,30.976058558672705,2776.5785714285707,2.656212564681294,WAIT
2025-06-06,BTCUSDT,105092.28,105278.56965838629,101029.96228856129,91796.64434827527,37.95732928710215,2797.7742857142853,2.662207238927812,WAIT
2025-06-07,BTCUSDT,105558.11,105305.19254806379,101207.53670861771,91933.57435476009,39.740087116400886,2720.587142857143,2.577335974334083,WAIT
2025-06-08,BTCUSDT,105984.52,105369.89040062914,101394.86938671114,92073.38475919033,46.69885073213044,2620.3507142857147,2.472390037984523,WAIT
2025-06-09,BTCUSDT,107635.91,105585.70179104542,101639.61607742836,92228.23575661134,41.21106751444453,2543.308571428572,2.362881097422386,WAIT
2025-06-10,BTCUSDT,109015.42,105912.34162046966,101928.86329007824,92395.27241574954,46.18861039437236,2521.3678571428577,2.3128543256934275,WAIT
2025-06-11,BTCUSDT,109735.7,106276.47098994874,102235.01374929085,92567.81398375204,60.562731628275934,2409.007142857143,2.1952811554099014,LONG
2025-06-12,BTCUSDT,107020.95,106347.37375281076,102422.69752382846,92711.62628242119,50.00351712174682,2466.0021428571426,2.304223745777946,LONG
2025-06-13,BTCUSDT,105436.87,106260.65910968592,102540.90036603127,92838.24562289461,49.650343660160246,2695.8678571428577,2.556854976008732,WAIT
2025-06-14,BTCUSDT,104841.3,106125.4820516206,102631.112116383,92957.67899978123,50.96455997911394,2634.7385714285724,2.5130731605088568,LONG
2025-06-15,BTCUSDT,105564.0,106072.00757051387,102746.12732750524,93083.11502963415,52.765387988267356,2683.385714285716,2.541951531095559,LONG
2025-06-16,BTCUSDT,107424.96,106200.86018284589,102929.61096172073,93225.81995471242,58.817443252382475,2755.8128571428583,2.5653375687948667,LONG
2025-06-17,BTCUSDT,104241.63,106014.26683209867,102981.06268871207,93335.43000491429,43.399107372231576,2902.7250000000017,2.784612059500606,WAIT
2025-06-18,BTCUSDT,104801.01,105898.71856237498,103052.43317150768,93449.51537799972,48.55378390577809,2880.695000000002,2.7487282803858495,WAIT
2025-06-19,BTCUSDT,104096.93,105727.1196516726,103093.39383144856,93555.45980209923,48.731512412239745,2860.442142857144,2.7478640752010115,WAIT
2025-06-20,BTCUSDT,104217.99,105583.39301817998,103137.49564197999,93661.55462993904,47.38069173537825,2694.4357142857148,2.5853844564510546,WAIT
2025-06-21,BTCUSDT,103560.9,105390.77463549617,103154.09973445136,93760.05557889487,44.084300371017825,2694.1307142857145,2.601494110504751,WAIT
2025-06-22,BTCUSDT,98906.21,104773.19705116321,102987.5158232964,93811.26109552279,33.233801714634666,2948.0307142857137,2.9806325753314313,WAIT
2025-06-23,BTCUSDT,101420.7,104453.91161771909,102926.07206552007,93886.97690551759,35.85650262584555,3070.277857142856,3.0272694402058518,WAIT
2025-06-24,BTCUSDT,105244.73,104529.2276541268,103016.99982765655,93999.98937411941,42.27839464230935,3325.0357142857133,3.1593370179064677,WAIT
2025-06-25,BTCUSDT,107028.0,104767.20597278139,103174.29395206217,94129.62132064559,44.68650851587238,3402.287142857142,3.1788757548091544,WAIT
2025-06-26,BTCUSDT,107313.6,105009.71968965935,103336.61967943229,94260.80518810185,50.634806529884834,3294.7235714285707,3.0701826901982328,LONG
2025-06-27,BTCUSDT,107308.25,105228.62733826322,103492.369888082,94390.63050961327,54.357802865180055,2998.8228571428563,2.7945874218830857,LONG
2025-06-28,BTCUSDT,107449.28,105440.11806795244,103647.54283364741,94520.5673204629,56.20443582499168,2972.1192857142855,2.766067195344897,LONG
2025-06-29,BTCUSDT,107750.72,105660.17539481411,103808.45174213183,94652.21063070705,55.308655162703076,2939.641428571428,2.7281872720399716,LONG
2025-06-30,BTCUSDT,107580.46,105843.05964292705,103956.37363459726,94780.84992791395,50.411264685190766,2851.565,2.650634697044426,LONG
2025-07-01,BTCUSDT,105955.18,105853.7377721721,104034.75819794639,94892.03729181532,54.93902421449175,2663.2164285714284,2.5135311256810935,LONG
2025-07-02,BTCUSDT,108737.74,106128.40465101285,104219.18885685045,95029.80547796641,60.057955374055396,2768.913571428571,2.546414493651027,LONG
2025-07-03,BTCUSDT,109127.84,106414.0651604402,104411.68498011123,95170.0844284344,63.06305744888022,2788.3857142857137,2.5551552328770675,LONG
2025-07-04,BTCUSDT,107573.29,106524.46752611255,104535.6694906951,95293.49940924601,58.108608421372104,2778.2678571428573,2.582674432605768,LONG
2025-07-05,BTCUSDT,108058.0,106670.51823791135,104673.80009890314,95420.50936537293,60.95925596665458,2724.762142857143,2.5215737315674387,LONG
2025-07-06,BTCUSDT,108905.99,106883.42031049123,104839.76833031871,95554.69325228465,79.9203622119054,2480.2171428571432,2.2773927704593135,WAIT
2025-07-07,BTCUSDT,108292.59,107017.6269475873,104975.17310167877,95681.43849355546,73.20084242824058,2288.567857142858,2.113318978835817,LONG
2025-07-08,BTCUSDT,108268.35,107136.74342876946,105104.3172937698,95806.6813941171,63.731518704279274,1954.7192857142861,1.8054392495260954,LONG
2025-07-09,BTCUSDT,109071.32,107320.9888165057,105259.88602734746,95938.66784790698,60.18656999166456,1862.5892857142858,1.707680154337809,LONG
2025-07-10,BTCUSDT,111408.4,107710.26607207659,105501.00422235344,96092.59553101238,66.94732868911072,1951.3285714285707,1.7515093757998237,LONG
2025-07-11,BTCUSDT,116902.59,108585.72549378358,105948.12523324155,96299.66015259436,77.3034980477865,2373.0728571428554,2.0299574689858075,WAIT
2025-07-12,BTCUSDT,117100.01,109396.60973247085,106385.45404762424,96506.62880779243,77.37610907405397,2396.8128571428556,2.046808413716494,WAIT
2025-07-13,BTCUSDT,118672.24,110280.00309128316,106867.28879085467,96727.18215298852,78.89752754143781,2468.392142857141,2.0800080480971297,WAIT
2025-07-14,BTCUSDT,119878.23,111194.11993973238,107377.52177944861,96957.54083803341,80.8482138153818,2676.796428571427,2.232929555742879,WAIT
2025-07-15,BTCUSDT,116391.43,111689.10185023406,107731.00837633297,97150.91286949578,73.94269033592835,2862.836428571427,2.4596625615575194,LONG
2025-07-16,BTCUSDT,119095.76,112394.49786449748,108176.68491059443,97369.26955736149,73.84882114569899,2871.174999999999,2.410812106157263,LONG
2025-07-17,BTCUSDT,118881.99,113012.35425835486,108596.50079645347,97583.32647718875,72.64229210568223,2914.852857142855,2.4518876720879716,LONG
2025-07-18,BTCUSDT,117860.25,113474.05861470201,108959.7850789455,97785.08691025156,74.48476354866935,2999.711428571427,2.545142597755755,LONG
2025-07-19,BTCUSDT,118058.11,113910.63493711135,109316.58213467312,97986.80853303513,74.13152792879927,3036.2528571428556,2.5718291247783447,LONG
2025-07-20,BTCUSDT,118671.11,114364.01351452932,109683.42636468595,98192.62247798005,73.83478268510356,3050.2128571428557,2.570307850952819,LONG
2025-07-21,BTCUSDT,118313.16,114740.12270362176,110021.84729156102,98392.82683143299,74.76713543589908,3155.9064285714267,2.6674179174754746,LONG
2025-07-22,BTCUSDT,118912.04,115137.44816041969,110370.4822997351,98596.99810674212,75.58061565423537,3274.37357142857,2.7536097870565253,WAIT
2025-07-23,BTCUSDT,118567.39,115464.10928799877,110691.9296605298,98795.70847383922,73.33658050839753,3365.3707142857133,2.8383611330954603,LONG
2025-07-24,BTCUSDT,119092.65,115809.68459390364,111021.36967384236,98997.66809101494,70.73006630491848,3322.1278571428566,2.7895322315380984,LONG
2025-07-25,BTCUSDT,115727.08,115801.81748972235,111205.90733369168,99164.1299010546,46.41731863496583,3116.77,2.6932071560087754,WAIT
2025-07-26,BTCUSDT,118130.1,116023.55868117737,111477.44430099789,99352.84602144212,52.767415057183804,3200.299285714285,2.709131106901869,LONG
2025-07-27,BTCUSDT,118585.74,116267.57594963667,111756.2009950764,99544.21810083077,49.752778879713915,3085.049999999999,2.6015353954025153,WAIT
2025-07-28,BTCUSDT,118174.9,116449.22585919508,112007.914681544,99729.59802022549,44.89999886222843,2865.7607142857128,2.425016407279137,WAIT
2025-07-29,BTCUSDT,117400.01,116539.77672974793,112219.36939991482,99905.42301504912,53.605316213163285,2666.6357142857128,2.2714101253362013,LONG
2025-07-30,BTCUSDT,118000.01,116678.84656501003,112446.06118815346,100085.46865669043,45.38944902285351,2528.457142857141,2.14276010896706,WAIT
2025-07-31,BTCUSDT,118306.18,116833.83070167573,112675.86976901018,100266.76926707162,47.59587723905612,2565.310714285714,2.1683657728494943,WAIT
2025-08-01,BTCUSDT,115357.82,116693.25825389709,112781.04428787253,100416.92897585698,40.999806503914165,2651.5714285714275,2.298562358903304,WAIT
2025-08-02,BTCUSDT,112840.71,116326.34889638308,112783.38411972066,100540.54868754,33.91809801163157,2743.4142857142847,2.4312274228993105,WAIT
2025-08-03,BTCUSDT,113959.06,116100.89281101325,112829.4890562022,100674.06621303712,35.91457724152234,2801.832142857141,2.4586304440008027,WAIT
2025-08-04,BTCUSDT,114826.0,115979.47444805961,112907.7836030178,100814.88147459895,39.883892019345886,2693.3135714285704,2.345560736617639,WAIT
2025-08-05,BTCUSDT,112934.0,115689.42926253013,112908.81169701711,100935.4697186328,33.8682483485169,2666.489999999999,2.36110471602883,WAIT
2025-08-06,BTCUSDT,115413.87,115663.18552324154,113007.04927752624,101079.53340302451,42.36953893772846,2648.819285714285,2.2950614910619365,WAIT
2025-08-07,BTCUSDT,116689.81,115760.95928293282,113151.47126664285,101234.8595383178,44.389741626079285,2664.749999999999,2.2836184239223623,WAIT
2025-08-08,BTCUSDT,116207.69,115803.50506551065,113271.32298167647,101383.84292599624,51.29675548060708,2473.681428571428,2.1286727483967955,LONG
2025-08-09,BTCUSDT,116892.47,115907.21601165249,113413.32874710092,101538.15762325002,46.31942763371934,2414.636428571429,2.0656903122771118,WAIT
2025-08-10,BTCUSDT,118815.0,116184.14782006654,113625.15899231266,101710.06650262067,50.62708220504487,2556.8900000000003,2.1519925935277535,LONG
2025-08-11,BTCUSDT,120314.4,116577.5051705364,113887.48216908472,101895.18424886325,55.523154654525975,2725.1685714285713,2.2650394062793575,LONG
2025-08-12,BTCUSDT,119933.0,116897.0761066758,114124.56129970885,102074.6650026059,56.6745560072032,2778.21,2.3164683615018387,LONG
2025-08-13,BTCUSDT,120920.62,117280.27076318287,114391.07340560263,102262.18694287848,57.54188876591408,2880.912142857143,2.3824821133543175,LONG
2025-08-14,BTCUSDT,118257.25,117373.31640478449,114542.68817401037,102421.34179916825,49.887360789399914,3146.3250000000003,2.6605768356696946,WAIT
2025-08-15,BTCUSDT,117275.22,117363.97389004311,114649.8462848335,102569.1415822611,54.85332696145384,2967.672142857144,2.530519356823329,LONG
2025-08-16,BTCUSDT,117676.7,117393.75732908663,114768.54643052632,102719.46554661672,63.70914109048562,2833.5335714285725,2.407896866098873,LONG
2025-08-17,BTCUSDT,118246.16,117474.93853584028,114904.92343325078,102873.96001878969,62.543493042868704,2766.567857142858,2.3396682455843454,LONG
2025-08-18,BTCUSDT,116145.34,117348.31010385549,114953.56722018211,103006.01355094103,53.60026458809288,2908.383571428572,2.5040897649691085,LONG
2025-08-19,BTCUSDT,113786.38,117009.07866539306,114907.79517233184,103113.28087879237,52.268201117841734,2931.40642857143,2.576236653781788,LONG
2025-08-20,BTCUSDT,113353.94,116660.9702210699,114846.85967537765,103215.17798447603,43.848145570962274,2877.61642857143,2.538611739981363,WAIT
2025-08-21,BTCUSDT,112792.08,116292.5044857299,114766.2800802648,103310.47054184444,37.841077046992595,2852.1300000000015,2.528661586877378,WAIT
2025-08-22,BTCUSDT,116370.75,116299.95643946991,114829.20046927403,103440.42357127882,50.42630466587397,3110.2471428571444,2.67270524840404,LONG
2025-08-23,BTCUSDT,114812.87,116158.32915952039,114828.56005871427,103553.58224221137,44.80045924776175,3176.757142857144,2.766899863105194,WAIT
2025-08-24,BTCUSDT,114400.0,115990.86923956608,114811.75378190195,103661.50679701524,38.05999050208077,3074.047142857143,2.687104145854146,WAIT
2025-08-25,BTCUSDT,112200.64,115629.89502627407,114709.35716300384,103746.47329654744,28.85744482812892,3078.970714285715,2.7441650192777107,WAIT
2025-08-26,BTCUSDT,109666.33,115061.9364523432,114511.59139190565,103805.37734334797,25.94628306935948,3188.0178571428573,2.90701608884227,WAIT
2025-08-27,BTCUSDT,112000.0,114770.32345688195,114413.09761183092,103886.915877245,30.33995410623973,3180.5835714285713,2.8398067602040817,WAIT
2025-08-28,BTCUSDT,112678.53,114571.105032417,114345.07535254344,103974.39462473511,36.526354025680185,2879.2607142857137,2.5552877857793437,WAIT
2025-08-29,BTCUSDT,108386.23,113982.06931504396,114111.39514263978,104018.2934841905,31.49099577263779,3071.691428571427,2.834023684163041,WAIT
2025-08-30,BTCUSDT,108869.98,113495.20366599216,113905.84945077157,104066.56897190999,31.724914172637497,3106.0521428571406,2.852992296735189,WAIT
2025-08-31,BTCUSDT,108818.69,113049.82141208815,113706.3530017217,104113.85375825915,30.00681604854961,3097.904999999999,2.8468501137074878,WAIT
2025-09-01,BTCUSDT,108784.33,112643.58413474642,113513.33249185026,104160.32615867449,32.88952941039736,3025.1571428571415,2.7808758328126317,WAIT
2025-09-02,BTCUSDT,110829.17,112470.7827885801,113408.07121766006,104226.68281381206,43.024174696041186,3090.8507142857125,2.788842246392094,WAIT
2025-09-03,BTCUSDT,112222.74,112447.15966585818,113361.58764049693,104306.24557188358,47.44733780259834,3116.111428571426,2.7767201447509,WAIT
2025-09-04,BTCUSDT,109510.31,112167.45969768122,113210.55714479118,104358.02730748674,43.24956197241793,3189.8992857142844,2.91287577006611,WAIT
2025-09-05,BTCUSDT,110716.82,112029.30353599729,113112.76353126996,104421.29887656648,37.1124747956183,3076.3299999999986,2.778557043094264,WAIT
2025-09-06,BTCUSDT,110384.15,111872.62224685469,113005.7590790633,104480.63072854094,39.30801150722873,2978.0435714285695,2.6978905680105068,WAIT
2025-09-07,BTCUSDT,111329.99,111820.94298524948,112940.04264459023,104548.78355711268,42.77421301550647,2986.5357142857133,2.682597666887164,WAIT
2025-09-08,BTCUSDT,112631.75,111898.16270094001,112927.95273695924,104629.21108390758,51.059455426492804,2841.7849999999985,2.523076308412147,WAIT
2025-09-09,BTCUSDT,110880.76,111801.26720561238,112847.67066884319,104691.41555073437,53.103972854199164,2717.2157142857127,2.4505745760452156,WAIT
2025-09-10,BTCUSDT,113853.99,111996.76461460168,112887.1341720258,104782.58544575195,54.58861393906665,2742.2249999999985,2.4085453658672815,WAIT
2025-09-11,BTCUSDT,114180.31,112204.72131797294,112937.84694959343,104876.09514280915,53.782847838725296,2666.2614285714276,2.335132413435756,WAIT
2025-09-12,BTCUSDT,115121.18,112482.4792876898,113023.46785353094,104978.03628566678,70.41088152024156,2462.4221428571423,2.138982716175375,WAIT
2025-09-13,BTCUSDT,115768.68,112795.45078410029,113131.12323182385,105085.40587486413,70.70167289034202,2466.656428571429,2.1306768191288254,WAIT
2025-09-14,BTCUSDT,115224.01,113026.7421379955,113213.19722273272,105186.28750795007,68.6683500859196,2448.741428571428,2.125200666572382,WAIT
2025-09-15,BTCUSDT,114842.9,113199.7095534245,113277.10713556674,105282.37320438838,67.30791535517305,2428.4978571428574,2.1146260301184117,WAIT
2025-09-16,BTCUSDT,115905.88,113457.44007214598,113380.1962675053,105388.0797396681,65.3649265001861,2221.182857142857,1.9163677089918618,LONG
2025-09-17,BTCUSDT,115875.32,113687.71435098922,113478.04425701489,105492.43038902464,62.04880243629528,2189.3778571428566,1.8894255110949048,LONG
2025-09-18,BTCUSDT,117583.56,114058.74726994263,113639.04487438686,105612.74013639754,78.52083443731999,2184.3092857142847,1.8576655492607002,WAIT
2025-09-19,BTCUSDT,115884.03,114232.58372042429,113727.08350676385,105714.94202558762,67.64002029185582,2071.0557142857133,1.7871795745157582,LONG
2025-09-20,BTCUSDT,115986.69,114399.64146133626,113815.69552610646,105817.14847309422,69.43132268702148,2038.4099999999994,1.7574516524266701,LONG
2025-09-21,BTCUSDT,115531.61,114507.44798882805,113882.98628978856,105913.80978181965,65.0860651323112,1989.5121428571426,1.7220500457469108,LONG
2025-09-22,BTCUSDT,112815.5,114346.31008513014,113841.12408234588,105982.48331632891,50.59893023725787,2101.1500000000005,1.862465707283131,LONG
2025-09-23,BTCUSDT,112882.19,114206.87007702251,113803.51882421467,106051.1371141764,57.32826579669075,2050.1407142857156,1.8161773033334272,LONG
2025-09-24,BTCUSDT,113346.41,114124.92149825847,113785.59298797096,106123.72689413484,47.72314996402471,2001.7271428571435,1.7660260636901897,WAIT
2025-09-25,BTCUSDT,111580.77,113882.62135556719,113699.12934138387,106178.02583051161,39.67277563869297,2126.7285714285713,1.9059991891331913,WAIT
2025-09-26,BTCUSDT,109027.78,113420.25551217984,113515.93917113353,106206.3815933921,28.541313623487326,2185.492857142857,2.0045284395801297,WAIT
2025-09-27,BTCUSDT,109402.24,113037.58736816271,113354.61763501065,106238.18117952751,27.140152848055436,2159.556428571428,1.9739599742851957,WAIT
2025-09-28,BTCUSDT,110037.93,112751.90571405197,113224.55145324553,106275.98962550236,31.49937642516103,2145.9864285714275,1.9502242804562278,WAIT
2025-09-29,BTCUSDT,113815.57,112853.20707461845,113247.72865115746,106351.01032574613,47.05001984207891,2278.0599999999986,2.001536345159101,WAIT
2025-09-30,BTCUSDT,113106.16,112877.2978294167,113242.17693934737,106418.22574539045,41.793970544442445,2329.924999999999,2.0599452761900845,WAIT
2025-10-01,BTCUSDT,117423.73,113310.29136947225,113406.15941231414,106527.73325041145,53.626944340209086,2543.872142857142,2.1664037949204493,WAIT
2025-10-02,BTCUSDT,119910.78,113938.90933428441,113661.24257261555,106660.89789468596,55.25931604168003,2544.6607142857133,2.1221283977017857,LONG
2025-10-03,BTCUSDT,122258.05,114731.20844530495,113998.37227565024,106816.09343802242,63.9950062531617,2593.367142857142,2.121224036255397,LONG
2025-10-04,BTCUSDT,121791.31,115403.59906956162,114303.97767660514,106965.10056799235,62.544258956387615,2692.8485714285707,2.211035065989988,LONG
2025-10-05,BTCUSDT,122803.17,116108.32011055575,114637.27933634611,107122.6932986591,65.34515606495324,2939.13357142857,2.3933694638571383,LONG
2025-10-06,BTCUSDT,125000.0,116955.1467666933,115043.66053884235,107300.57694742866,76.28909220050346,2884.929285714283,2.307943428571426,WAIT
2025-10-07,BTCUSDT,121846.01,117420.94326510346,115310.41934124069,107445.30762456868,67.06655710138389,3114.517857142855,2.5561098448302535,LONG
2025-10-08,BTCUSDT,122189.72,117875.11247795075,115580.19583766263,107592.0181954685,66.9147330710363,3109.354999999998,2.5446944309226653,LONG
2025-10-09,BTCUSDT,121147.14,118186.73414671735,115798.50737344057,107726.89502934444,68.81825681933792,3124.587142857141,2.579167071428299,LONG
2025-10-10,BTCUSDT,119018.98,118265.9956565538,115924.80041761938,107839.25408377883,69.98802862886185,3195.836428571427,2.685148560818978,LONG
2025-10-11,BTCUSDT,111793.2,117649.5389273582,115762.77687183039,107878.59682921387,53.7541436012998,4351.840714285712,3.892759769186062,LONG
2025-10-12,BTCUSDT,113198.2,117225.60188665742,115662.20522979782,107931.52820404757,54.84502012811224,4590.148571428571,4.054966043124865,LONG
2025-10-13,BTCUSDT,114312.1,116948.12551649957,115609.2599266685,107995.01648062422,50.82893570418549,4486.047857142856,3.924385832420938,LONG
2025-10-14,BTCUSDT,112900.43,116562.63070540437,115503.03130209327,108043.82656539413,49.66441135699955,4763.874285714285,4.219535997971208,WAIT
2025-10-15,BTCUSDT,110798.01,116013.61920965157,115318.52066279549,108071.23137568873,38.35016119866541,4646.9,4.194028394553295,WAIT
2025-10-16,BTCUSDT,108549.21,115302.72309444666,115053.05749954861,108075.98738190079,29.854450788706345,4677.937857142856,4.309508891997331,WAIT
2025-10-17,BTCUSDT,106803.53,114493.27613307079,114729.54661721337,108063.3261144192,21.999759395183304,4864.228571428571,4.554370601260624,WAIT
2025-10-18,BTCUSDT,106948.75,113774.7498346831,114424.41733810697,108052.23580482298,22.79150596137211,4798.188571428572,4.486437262173304,WAIT
2025-10-19,BTCUSDT,108486.7,113271.12604090375,114191.56567778905,108056.55883164066,24.25251846200719,4678.181428571428,4.312216546886787,WAIT
2025-10-20,BTCUSDT,111144.55,113068.59498938911,114072.07486689537,108087.28511192286,25.488107828300997,4763.637142857143,4.285983561818499,WAIT
2025-10-21,BTCUSDT,113422.61,113102.31070468538,114046.60565642889,108140.37292175448,34.62141222881992,4839.148571428571,4.266476120967918,WAIT
2025-10-22,BTCUSDT,108416.5,112656.04301852487,113825.81719931403,108143.12045487136,28.51236755511374,5161.774285714286,4.761059696369359,WAIT
2025-10-23,BTCUSDT,109908.28,112394.35130247488,113672.188289537,108160.68423143981,32.708584243276135,5169.512857142857,4.703478989156101,WAIT
2025-10-24,BTCUSDT,110046.91,112170.78546414395,113530.02051347673,108179.45264704738,35.29595510810799,5077.634285714285,4.614063480486899,WAIT
2025-10-25,BTCUSDT,111385.18,112095.96589613023,113445.90912079137,108211.35043165387,49.17140984203134,3984.0471428571423,3.576819773382009,WAIT
2025-10-26,BTCUSDT,113694.97,112248.25200126068,113455.67621409368,108265.9138104434,50.97306172145955,3887.7157142857136,3.419426307325393,WAIT
2025-10-27,BTCUSDT,114969.68,112507.43562018823,113515.0489115802,108332.61795163302,51.27998897494211,3940.1007142857134,3.427078090750286,WAIT
2025-10-28,BTCUSDT,114641.38,112710.66841826554,113559.2187581849,108395.39170335807,53.53800281829022,3695.6292857142844,3.223643404950537,WAIT
2025-10-29,BTCUSDT,111509.74,112596.29428319263,113478.84704217766,108426.38024362316,51.388319414312704,3765.4549999999986,3.3767947086954004,WAIT
2025-10-30,BTCUSDT,107711.56,112131.08149431714,113252.67892287657,108419.26760438313,48.45919218369981,3842.702857142856,3.5675862991334037,WAIT
2025-10-31,BTCUSDT,110202.9,111947.44516152503,113133.07974943043,108437.01519040918,56.08599021119793,3782.694999999999,3.4324822668006,WAIT
2025-11-01,BTCUSDT,110310.65,111791.55990804646,113022.39622984492,108455.65832284292,56.026992839102824,3813.074285714284,3.4566692207092284,WAIT
2025-11-02,BTCUSDT,110117.48,111632.12372632774,112908.4779463216,108472.19386191912,53.07166014078427,3732.5921428571414,3.389645443082371,WAIT
2025-11-03,BTCUSDT,105745.71,111071.51289524892,112627.58508568154,108445.06466926321,40.44774323678762,3799.4464285714275,3.5930029015564107,WAIT
2025-11-04,BTCUSDT,103197.01,110321.56023855854,112257.75861173324,108392.84521981781,32.07930280047695,3712.6071428571418,3.597591774080607,WAIT
2025-11-05,BTCUSDT,103728.3,109693.63069202915,111923.27003872409,108346.431834546,40.25537802032981,3538.477857142855,3.411294561988247,WAIT
2025-11-06,BTCUSDT,102014.48,108962.283007074,111534.6900372055,108283.42733867987,33.742466231913184,3486.5592857142847,3.4177101973310893,WAIT
2025-11-07,BTCUSDT,100797.95,108184.72748259077,111113.64140829547,108208.94497710097,31.7612597938258,3522.4478571428563,3.4945629917501857,WAIT
2025-11-08,BTCUSDT,101711.45,107568.22486520116,110744.92801973487,108144.29328578654,30.598596337256126,3624.8221428571424,3.5638289915807344,WAIT
2025-11-09,BTCUSDT,103762.17,107205.74344946771,110471.09437190213,108100.69006901255,29.869825085057926,3619.992857142857,3.4887405083595078,WAIT
2025-11-10,BTCUSDT,105079.99,107003.2907399946,110259.67851418049,108070.63335190795,29.992154412809015,3609.6271428571426,3.435123226465041,WAIT
2025-11-11,BTCUSDT,103455.99,106665.45257428083,109992.8671998989,108024.71650263524,28.498094788089176,3732.9821428571427,3.6082803352973016,WAIT
2025-11-12,BTCUSDT,102173.51,106237.64851958743,109686.22574107934,107966.49554241002,30.679187635315827,3674.5142857142855,3.5963473171414835,WAIT
2025-11-13,BTCUSDT,101382.64,105775.2667558172,109360.59492770369,107900.98454198803,35.040673620198035,3572.3135714285713,3.523594938372656,WAIT
2025-11-14,BTCUSDT,96796.14,104920.11182669175,108867.87120504864,107790.4885763961,21.166918721385812,3721.941428571428,3.8451341433361166,WAIT
2025-11-15,BTCUSDT,96260.0,104095.33927176872,108373.44488328202,107675.75734678023,20.32887181863147,3826.8821428571423,3.9755684010566616,WAIT
2025-11-16,BTCUSDT,94573.46,103188.49362683838,107832.26900550626,107545.38622890183,19.122765058393384,3889.403571428571,4.112574047125452,WAIT
2025-11-17,BTCUSDT,93959.67,102309.55804332996,107288.24551509426,107410.20497289285,22.47885600601515,3732.149999999999,3.972076530281555,WAIT
2025-11-18,BTCUSDT,92910.1,101414.37156301283,106724.39667136507,107265.9253214213,24.171105432124975,3753.432142857143,4.039853732648165,WAIT
2025-11-19,BTCUSDT,89951.7,100322.6885570116,106066.64386072331,107093.64447245194,19.167008345314485,3689.289285714286,4.101411408249412,WAIT
2025-11-20,BTCUSDT,89869.88,99327.18298015335,105431.47665049888,106922.26373143253,20.67751300420889,3806.950714285714,4.236069653465337,WAIT
2025-11-21,BTCUSDT,82932.47,97765.78174394826,104549.1626642048,106683.5593161944,16.201707482076912,4238.778571428571,5.111120615880091,WAIT
2025-11-22,BTCUSDT,84284.01,96481.80348261986,103754.45079502031,106460.67822847108,17.567925680001196,4217.9,5.004389326041796,WAIT
2025-11-23,BTCUSDT,87087.44,95587.10219856082,103100.84252854894,106267.9096888843,19.814368484640497,4236.249285714285,4.8643630880805375,WAIT
2025-11-24,BTCUSDT,86616.44,94732.75341774551,102454.39537056662,106072.37267705462,15.51897044427156,4200.660714285713,4.849726812006719,WAIT
2025-11-25,BTCUSDT,86988.94,93995.24737796023,101847.90692466205,105882.48777479537,17.739486615267865,4113.684285714285,4.7289739198043845,WAIT
2025-11-26,BTCUSDT,86978.0,93326.93810386879,101264.77331977335,105694.38341882726,18.669632934646586,4018.694999999999,4.620358021568672,WAIT
2025-11-27,BTCUSDT,90958.3,93101.35352254794,100860.59789546851,105547.75572311755,31.005128302310368,4141.692857142856,4.553397388850557,WAIT
2025-11-28,BTCUSDT,92362.49,93030.98556801956,100527.33876231288,105416.55904925568,40.86130638806774,3817.335714285713,4.132993506655908,WAIT
2025-11-29,BTCUSDT,91063.5,92843.60599011293,100156.20783045748,105273.7425413029,39.61548207424176,3731.3864285714267,4.097565356670265,WAIT
2025-11-30,BTCUSDT,91435.31,92709.48256248313,99814.21183710621,105136.04669512078,43.38101949363211,3701.219999999998,4.047911031307269,WAIT
2025-12-01,BTCUSDT,84677.87,91944.56708034188,99220.62980427852,104932.48274790565,34.45225254561743,4057.63357142857,4.791846525460041,WAIT
2025-12-02,BTCUSDT,90850.01,91840.32354888074,98892.37020411073,104792.35864096132,47.054650432304086,4200.701428571427,4.62377651754956,WAIT
2025-12-03,BTCUSDT,92373.3,91891.0832108921,98636.72039218483,104668.7859181657,53.61036234822643,4186.527857142856,4.532183928844002,WAIT
2025-12-04,BTCUSDT,92971.49,91993.97909556904,98414.5544944521,104552.39491400485,54.55406941556395,4030.171428571427,4.334846551960635,WAIT
2025-12-05,BTCUSDT,90459.35,91847.82394361008,98102.58569074809,104412.16561137795,62.702351499768795,3600.751428571428,3.9805187949851812,WAIT
2025-12-06,BTCUSDT,89758.77,91648.86642517103,97775.37723228738,104266.36067992146,59.44675317683649,3540.4364285714278,3.94439053539997,WAIT
2025-12-07,BTCUSDT,89554.52,91449.40486086902,97452.99067415847,104119.97420549439,54.67643954604181,3485.9385714285704,3.892532248990414,WAIT
2025-12-08,BTCUSDT,89961.37,91307.68725507197,97159.20162811305,103979.09257160888,56.35589339509096,3517.094285714284,3.909560609975464,WAIT
2025-12-09,BTCUSDT,92707.51,91441.00370696987,96984.62548583411,103866.93752114511,59.9670933951494,3536.017142857141,3.814164723933521,WAIT
2025-12-10,BTCUSDT,92063.69,91500.30716344893,96791.64762364455,103749.4922721785,58.67269347032228,3606.326428571428,3.9172082159333694,WAIT
2025-12-11,BTCUSDT,89872.51,91345.27886216808,96520.30889330554,103611.41284658469,48.02805999489301,3622.182142857142,4.030356048648405,WAIT
2025-12-12,BTCUSDT,89935.14,91210.97992291398,96262.06697592101,103475.33052970325,45.365786604911506,3749.5071428571423,4.1691235960239155,WAIT
2025-12-13,BTCUSDT,90092.16,91104.42564454122,96020.10983961039,103342.1646537858,48.0610025439685,3677.4092857142855,4.0818305230047605,WAIT
2025-12-14,BTCUSDT,89022.91,90906.18605934682,95745.70984590019,103199.684507977,45.31480385256588,3673.165714285714,4.126090367396116,WAIT
2025-12-15,BTCUSDT,87033.22,90537.33214893284,95404.04357743352,103038.82416461405,55.614079496900686,3344.84357142857,3.843180306816834,WAIT
2025-12-16,BTCUSDT,87977.43,90293.53194427257,95112.80382929888,102888.95954606068,40.8802583489743,3049.1499999999983,3.465832088980093,WAIT
2025-12-17,BTCUSDT,87233.44,90002.09461624661,94803.80916932637,102733.18323216954,32.83273012450283,3077.661428571427,3.5280752754579288,WAIT
2025-12-18,BTCUSDT,88513.44,89860.31798612789,94557.12802543122,102591.6932497599,35.75862124043634,3206.275714285713,3.622360304023562,WAIT
2025-12-19,BTCUSDT,87951.87,89678.5610350681,94298.09829894372,102446.02336667772,40.84940129244338,3324.1407142857133,3.7794997585448873,WAIT
2025-12-20,BTCUSDT,88178.71,89535.71807934732,94058.12228722044,102304.06004959636,44.027340135355004,3295.126428571428,3.7368730258941505,WAIT
2025-12-21,BTCUSDT,88067.95,89395.930643219,93823.21357007454,102162.40721328197,44.340735270044405,3239.3985714285714,3.6782945117134798,WAIT
2025-12-22,BTCUSDT,89726.92,89427.45343910292,93662.57460654221,102038.67102210505,49.185149245068324,3196.2850000000003,3.562236394607104,WAIT
2025-12-23,BTCUSDT,87443.45,89238.50073061693,93418.68736706997,101893.44494228311,31.096355775169897,3206.8692857142864,3.667363634113575,WAIT
2025-12-24,BTCUSDT,87049.99,89030.07113722483,93168.93452914566,101745.74887320567,31.66574514519087,3130.1914285714292,3.595855012242309,WAIT
2025-12-25,BTCUSDT,88371.27,88967.32817177485,92980.79082212034,101612.66948143249,44.13721946335044,2877.3428571428585,3.2559709248750845,WAIT
2025-12-26,BTCUSDT,87137.81,88793.08834589153,92751.6543192921,101468.64102888093,39.99092598595818,2783.8192857142867,3.1947317538899433,WAIT
2025-12-27,BTCUSDT,87551.25,88674.8180272352,92547.71689500613,101330.159526106,41.072240465651326,2768.713571428573,3.162391823564567,WAIT
2025-12-28,BTCUSDT,87836.27,88594.95631035566,92362.95427167256,101195.8919686323,45.5874390904169,2687.395000000002,3.0595504567760012,WAIT
2025-12-29,BTCUSDT,87691.62,88508.92428079798,92179.76469239128,101061.52110327278,52.83765705380167,2699.4557142857166,3.078350832480591,WAIT
2025-12-30,BTCUSDT,89016.35,88557.2505397696,92055.7092142583,100941.668654484,54.335466597227125,2648.3500000000026,2.9751276029628295,WAIT
2025-12-31,BTCUSDT,87953.97,88499.79525026772,91894.8566960521,100812.43782210108,52.92897659599202,2468.1121428571455,2.8061406925203554,WAIT
2026-01-01,BTCUSDT,88032.18,88455.26046452794,91743.37917855986,100685.27107760258,47.831818378409515,2232.3864285714308,2.53587543620007,WAIT
2026-01-02,BTCUSDT,89418.11,88546.96042028719,91652.19215194967,100573.16002210404,56.148994346870644,2039.9585714285734,2.2813707105066006,WAIT
2026-01-03,BTCUSDT,89969.31,88682.42228502173,91586.19677344184,100467.64907661047,57.31038559773195,2019.9228571428591,2.245124317551017,WAIT
2026-01-04,BTCUSDT,91334.94,88935.04301978157,91576.34356664021,100376.77634948002,62.09832296807173,2049.1857142857157,2.2435945261317474,WAIT
2026-01-05,BTCUSDT,93957.73,89413.39416075476,91669.73126990921,100312.90524152499,64.62364290578022,2081.2071428571444,2.215046215843172,WAIT
2026-01-06,BTCUSDT,93648.99,89816.78424068289,91747.34925932455,100246.59762718146,74.84020392413049,1947.3500000000017,2.0794137769131322,WAIT
2026-01-07,BTCUSDT,91349.96,89962.80097966547,91731.76536680202,100158.07386969707,64.93409157370996,2009.3985714285725,2.1996709921149087,WAIT
2026-01-08,BTCUSDT,90781.57,90040.77898160208,91694.50280339802,100064.77532372993,58.83307924594681,2066.7921428571435,2.2766649033026676,WAIT
2026-01-09,BTCUSDT,91176.47,90148.94003097332,91674.18779150007,99976.3344747376,65.76980626378364,2029.307857142858,2.22569250283857,WAIT
2026-01-10,BTCUSDT,90665.75,90198.16002802347,91634.64121144124,99883.69184314818,62.069534781341645,2078.945714285716,2.292978014614908,WAIT
2026-01-11,BTCUSDT,90875.79,90262.69621583076,91604.88234040434,99794.06097903725,61.84781879953283,2089.0050000000015,2.298747554216587,WAIT
2026-01-12,BTCUSDT,91665.0,90396.24895718021,91607.2398956826,99713.17480014137,64.7469176582368,2002.7142857142867,2.1848189447600355,WAIT
2026-01-13,BTCUSDT,93449.99,90687.08143744877,91679.50460565582,99650.85455337379,65.91153130598559,2016.8528571428583,2.158216236452094,WAIT
2026-01-14,BTCUSDT,96764.57,91265.88987197746,91878.91893484579,99622.13530408649,77.21948844439945,2186.350000000001,2.2594530208732397,WAIT
2026-01-15,BTCUSDT,96737.04,91786.95178893198,92069.43348642047,99593.42788812544,76.97729222347287,2302.430714285715,2.3800921697477153,WAIT
2026-01-16,BTCUSDT,94585.98,92053.5259042718,92168.12158499222,99543.6025360048,65.29063289071833,2346.257142857143,2.4805548801811255,WAIT
2026-01-17,BTCUSDT,95573.64,92388.77486576972,92301.67132675723,99504.10042121868,66.16453046303866,2301.654285714286,2.4082521976920472,LONG
2026-01-18,BTCUSDT,95119.28,92648.82297379166,92412.16578453146,99460.47036727621,61.52076229907451,2216.54,2.330274156827091,LONG
2026-01-19,BTCUSDT,93068.62,92688.80364295436,92437.90908709886,99396.8698661093,47.19556746301856,2251.1392857142855,2.418795170396086,WAIT
2026-01-20,BTCUSDT,90684.95,92497.96043886346,92369.16559348714,99310.18409629726,41.73293616261685,2387.556428571428,2.6328033798016413,WAIT
2026-01-21,BTCUSDT,90288.04,92287.49182563837,92287.5528251151,99220.41151822466,46.68661090268258,2405.9478571428576,2.6647470220229144,WAIT
2026-01-22,BTCUSDT,89000.01,91974.39831843472,92158.62957707138,99118.71598072989,44.68010644803728,2456.4814285714288,2.7600911826542815,WAIT
2026-01-23,BTCUSDT,89761.61,91763.65657382189,92064.62880934309,99025.61044858332,45.86564681708046,2393.8164285714292,2.6668599511210074,WAIT
2026-01-24,BTCUSDT,89275.77,91526.71499536266,91955.26179721199,98928.59711078648,45.93243412496915,2421.23,2.712079660584277,WAIT
2026-01-25,BTCUSDT,88446.5,91233.36118628051,91817.66329536054,98824.2976370473,43.13968022131142,2461.682857142857,2.7832450771289503,WAIT
2026-01-26,BTCUSDT,87641.41,90891.27059711094,91653.8886563268,98713.02512324584,38.64755590040208,2489.809285714286,2.8409050992154117,WAIT
2026-01-27,BTCUSDT,88047.46,90620.43149262418,91512.46008156889,98606.9000971439,33.470727210535145,2451.4300000000003,2.7842143316797556,WAIT
2026-01-28,BTCUSDT,89479.66,90511.78658856473,91432.74243131129,98516.08178771958,24.810009453711075,2392.665714285715,2.6739772081003825,WAIT
2026-01-29,BTCUSDT,84934.02,89980.57072298715,91177.89057125986,98380.93689430945,18.903480022173028,2660.155714285715,3.1320261472207664,WAIT
2026-01-30,BTCUSDT,82883.94,89304.7011303217,90852.63760768106,98226.73792023672,19.004601352117376,2778.067142857144,3.3517556511637165,WAIT
2026-01-31,BTCUSDT,81302.15,88542.55340362439,90478.10868188964,98058.33406033387,13.352291256980209,2968.349285714288,3.6510095805760217,WAIT
2026-02-01,BTCUSDT,77593.4,87499.7768889935,89972.8259884822,97854.70287565394,11.440192065505059,3381.2271428571453,4.357622095251846,WAIT
2026-02-02,BTCUSDT,78850.06,86675.99432813698,89536.6390869731,97665.60195151808,17.584278013713586,3462.3042857142887,4.390997655187946,WAIT
2026-02-03,BTCUSDT,78132.33,85862.31201117155,89089.41127964082,97471.2410365776,19.02979624625725,3367.43285714286,4.309909684176652,WAIT
2026-02-04,BTCUSDT,74136.36,84745.55467677426,88503.01711181177,97239.05316556689,16.159893063813954,3518.184285714288,4.745558435448258,WAIT
2026-02-05,BTCUSDT,67489.07,83102.0799456529,87678.94075448583,96943.03343257618,13.19639775033913,3828.413571428574,5.67264235738998,WAIT
2026-02-06,BTCUSDT,68626.0,81723.40566511454,86931.76660725109,96661.27190588388,14.297099693945341,4377.0864285714315,6.378175077334293,WAIT
2026-02-07,BTCUSDT,69151.5,80526.081316056,86234.50125010399,96387.5428321935,16.050973465659197,4548.378571428574,6.577411294662551,WAIT
2026-02-08,BTCUSDT,71188.99,79636.83452405068,85644.4812010803,96136.81096321646,22.027401541211077,4667.636428571431,6.556683032827731,WAIT
2026-02-09,BTCUSDT,69563.37,78677.45695033156,85013.84938927324,95872.39861532376,21.456657730116177,4751.788571428574,6.830877473918492,WAIT
2026-02-10,BTCUSDT,69293.37,77783.73438363332,84397.3600014586,95607.93066890264,20.26148330328415,4848.325000000003,6.99680936285824,WAIT
2026-02-11,BTCUSDT,66519.73,76710.97206138252,83696.27647198964,95318.49583637626,15.077925439926702,4923.609285714288,7.401727706522994,WAIT
2026-02-12,BTCUSDT,67134.74,75798.94996029847,83046.80445348025,95038.06045491977,19.250575106608096,4659.400714285716,6.94037202540103,WAIT
2026-02-13,BTCUSDT,68692.12,75122.10901169862,82483.87565138299,94775.9117936768,25.058102423359628,4635.936428571431,6.748862065359798,WAIT
2026-02-14,BTCUSDT,69778.28,74613.17291534637,81985.61699838757,94527.17913901336,29.387893667232717,4509.063571428573,6.461987270865049,WAIT
2026-02-15,BTCUSDT,69099.99,74088.10787578957,81480.29829256845,94274.17228190876,32.96115700456636,4204.113571428572,6.084101562718853,WAIT
2026-02-16,BTCUSDT,67539.52,73464.4328400001,80933.60110462458,94008.15584129276,27.582897697272983,4066.725000000001,6.021252445975335,WAIT
2026-02-17,BTCUSDT,67392.05,72886.11066476199,80402.55988483538,93743.31896725004,28.220821325356226,4094.4178571428574,6.0755205653231465,WAIT
2026-02-18,BTCUSDT,67694.01,72391.62488716561,79904.18537954772,93484.1218630983,34.63415192616014,3849.4100000000003,5.686485406906757,WAIT
2026-02-19,BTCUSDT,66398.0,71820.80346934032,79374.531050938,93214.60821271922,46.50565304866212,3459.797857142857,5.210695890151597,WAIT
2026-02-20,BTCUSDT,67582.95,71417.19837702219,78912.11610776397,92959.56683746829,46.66968923910994,2976.0221428571426,4.403510268280895,WAIT
2026-02-21,BTCUSDT,68615.0,71150.32234111532,78508.3076329497,92717.33234157308,48.3407045433458,2782.826428571428,4.055711475000259,WAIT
2026-02-22,BTCUSDT,67684.14,70820.20973719958,78083.83047087325,92468.24585061216,38.36361137247531,2663.6514285714284,3.9354144539199707,WAIT
2026-02-23,BTCUSDT,65660.1,70328.77071460914,77596.62535436841,92201.49813070557,37.37483253322329,2627.745714285714,4.002043424066843,WAIT
2026-02-24,BTCUSDT,63973.97,69723.55159893208,77062.40357576574,91920.62720403189,34.238273078422836,2619.745714285714,4.095018199254656,WAIT
2026-02-25,BTCUSDT,67412.33,69503.43525617664,76683.96931789258,91676.76355026042,52.54459454682501,2594.8035714285716,3.849152775803138,WAIT
2026-02-26,BTCUSDT,67382.0,69301.39380320744,76319.18620738699,91435.02460946182,50.72918866186241,2644.3142857142852,3.924363013437246,WAIT
2026-02-27,BTCUSDT,66095.4,68996.06106004483,75918.25341494044,91182.88904120847,42.217784086005,2528.29,3.825213252359468,WAIT
2026-02-28,BTCUSDT,64841.18,68600.35810194533,75483.85837906042,90920.78248358451,35.35136431015431,2604.8507142857147,4.017278393585241,WAIT
2026-03-01,BTCUSDT,66842.42,68432.93542556958,75144.97844262667,90681.19678723044,43.78924757451156,2698.2350000000006,4.036710520055978,WAIT
2026-03-02,BTCUSDT,69130.2,68499.34157551534,74909.10477820993,90466.75900825302,54.207702888583206,2821.7478571428583,4.0817874925037945,WAIT
2026-03-03,BTCUSDT,67725.81,68425.67190165674,74627.40694377033,90240.48090866843,50.82782212539163,2915.8592857142867,4.305388574480374,WAIT
2026-03-04,BTCUSDT,73396.88,68899.12029197514,74579.1509851911,90072.88288967671,61.1698199978612,3224.490000000001,4.393224889123354,WAIT
2026-03-05,BTCUSDT,71652.77,69161.37264512037,74464.39094655616,89889.5981843068,60.11461291578076,3282.078571428573,4.580532715523172,WAIT
2026-03-06,BTCUSDT,68504.71,69098.8333455851,74230.67796825984,89676.81322724902,51.64957958770534,3357.724285714287,4.90145025898845,WAIT
2026-03-07,BTCUSDT,67877.45,68982.51112219604,73981.53177342612,89459.90414041073,48.66067780544009,3329.327142857144,4.904908983553661,WAIT
2026-03-08,BTCUSDT,67218.23,68814.48434865355,73716.3042528996,89238.59394995889,49.145520949601305,3350.6021428571444,4.984662855384833,WAIT
2026-03-09,BTCUSDT,68863.66,68819.16774401988,73526.0044782761,89035.85828876527,55.95807202743618,3379.2292857142866,4.907129951725317,WAIT
2026-03-10,BTCUSDT,71346.16,69059.83367316084,73440.5203810888,88859.8413903696,63.31654297581299,3406.649285714287,4.774817994008769,WAIT
2026-03-11,BTCUSDT,70227.91,69171.07903762172,73314.5356602618,88674.44903822662,55.55112170678292,3323.337142857144,4.7322170670565935,WAIT
2026-03-12,BTCUSDT,70334.88,69281.9172245149,73197.6864186829,88491.96576421442,55.80427800338875,3243.867142857144,4.612031957482751,WAIT
2026-03-13,BTCUSDT,71831.46,69524.73082218015,73144.1089120679,88326.18958745607,61.18267654641389,3356.3978571428574,4.672601471754656,WAIT
2026-03-14,BTCUSDT,70580.09,69625.24122006775,73043.55915081034,88149.61148210826,61.18947615116537,3273.680714285715,4.638249560585309,WAIT
2026-03-15,BTCUSDT,71481.24,69802.00300863273,72982.29173313151,87983.75703950023,59.449954245697754,3125.2742857142866,4.372160143996224,WAIT
2026-03-16,BTCUSDT,73274.76,70132.74176971533,72993.76107693028,87837.39886000272,58.61659184993852,3027.252857142858,4.131371917346243,WAIT
2026-03-17,BTCUSDT,73914.39,70492.89874402815,73029.86417195263,87698.86145841065,63.28870111040869,2948.777142857143,3.989449338426717,WAIT
2026-03-18,BTCUSDT,71467.82,70585.74838745403,72968.60753775842,87537.35855832697,45.191923280536706,2796.137142857143,3.9124421912647436,WAIT
2026-03-19,BTCUSDT,69412.51,70474.01139817269,72829.15273235613,87357.01180650282,44.50157128818141,2819.4085714285707,4.061816193404576,WAIT
2026-03-20,BTCUSDT,69860.09,70415.54269358481,72712.71889971472,87182.91308206001,53.83496667485314,2731.3221428571424,3.9097031550591224,WAIT
2026-03-21,BTCUSDT,70630.02,70435.96910371959,72631.04443305924,87018.20767825842,57.725857344865084,2757.315714285714,3.9038863563761046,WAIT
2026-03-22,BTCUSDT,68847.96,70284.73014146058,72482.68818078241,86837.40919389765,54.303065187716044,2820.8328571428565,4.097191633772237,WAIT
2026-03-23,BTCUSDT,70131.48,70270.1348898929,72390.48393839879,86671.1810427146,53.41271627256936,2863.327142857142,4.0827986844953825,WAIT
2026-03-24,BTCUSDT,69873.04,70232.31632895072,72291.76064669687,86504.03536069754,45.495288326989105,2741.525714285713,3.923581562052708,WAIT
2026-03-25,BTCUSDT,70832.99,70289.52334524113,72234.55395466955,86348.1045610886,51.86838663140773,2768.7349999999983,3.9088212992279416,WAIT
2026-03-26,BTCUSDT,69082.64,70174.58207426578,72110.94948585898,86176.3088938141,46.489563780138546,2840.548571428571,4.111812419775172,WAIT
2026-03-27,BTCUSDT,66112.82,69787.74759100238,71875.72872170765,85976.67218840301,35.19192923580471,2812.3599999999997,4.253879958531491,WAIT
2026-03-28,BTCUSDT,67014.91,69523.66782043072,71685.1083796799,85787.99793777215,40.59811433803521,2798.624285714285,4.1761218297753215,WAIT
2026-03-29,BTCUSDT,66523.0,69237.88993277066,71482.67275694736,85596.30641600327,36.63596159278257,2756.3821428571423,4.143502462091521,WAIT
2026-03-30,BTCUSDT,67629.4,69084.70041536393,71331.5640213808,85417.53122778433,34.19867036581735,2754.96857142857,4.073625629428282,WAIT
2026-03-31,BTCUSDT,66736.8,68861.09085199593,71151.37719701292,85231.65330511982,30.190494537309306,2724.324285714284,4.082191962626743,WAIT
2026-04-01,BTCUSDT,68918.52,68866.560294663,71063.81416967908,85069.33357074052,42.859775662570684,2627.0335714285707,3.8117962652543476,WAIT
2026-04-02,BTCUSDT,66852.91,68674.78407612366,70898.68067282892,84888.075624763,42.835060838720025,2645.069285714286,3.9565507106785414,WAIT
2026-04-03,BTCUSDT,66827.15,68498.81892601664,70739.01280330622,84708.36492202905,41.304724268584685,2566.7850000000003,3.8409314178443945,WAIT
2026-04-04,BTCUSDT,67383.66,68392.61331401505,70607.43034043147,84535.97979842678,40.57755559090112,2502.365714285714,3.713609077164574,WAIT
2026-04-05,BTCUSDT,67306.64,68289.18728410885,70477.98758198318,84364.54358152702,45.03495106850408,2409.680714285714,3.58015303435993,WAIT
2026-04-06,BTCUSDT,69968.87,68449.15706657467,70458.0221866113,84221.3030483775,49.51891699668825,2313.50142857143,3.306472476361888,WAIT
2026-04-07,BTCUSDT,68168.1,68422.38972690089,70368.22131654811,84061.56968471206,45.377747558117754,2365.415000000002,3.469973491999926,WAIT
2026-04-08,BTCUSDT,71310.0,68697.40022910081,70405.15381393838,83934.68839431691,51.15640525990934,2484.627142857146,3.484261874712026,WAIT
2026-04-09,BTCUSDT,72141.99,69025.45639775788,70473.26503692119,83817.3481117864,57.76235351787981,2396.8785714285737,3.322445875735579,WAIT
2026-04-10,BTCUSDT,72460.51,69352.60435987618,70551.1962119439,83704.34474749002,68.60943662954563,2262.2757142857176,3.1220808607139503,WAIT
2026-04-11,BTCUSDT,72858.17,69686.46775417369,70641.66577225983,83596.42261069907,67.65271349679165,2212.6971428571455,3.0369924784785916,WAIT
2026-04-12,BTCUSDT,70892.03,69801.28320615715,70651.48397726925,83470.01074392594,62.119476300192574,2379.6135714285733,3.3566729171510157,WAIT
2026-04-13,BTCUSDT,71866.59,69997.97909128504,70699.13519384693,83354.55382110081,61.84036318133527,2293.095714285716,3.1907673847969082,WAIT
2026-04-14,BTCUSDT,75317.07,70504.55917782933,70880.23067644118,83274.57885770677,70.977762804223,2432.2300000000023,3.2293210556385183,WAIT
2026-04-15,BTCUSDT,73844.08,70822.60877994083,70996.46006167878,83180.74304817736,62.47473678132156,2403.1785714285734,3.2543957097557086,WAIT
2026-04-16,BTCUSDT,74697.19,71191.61651518456,71141.58672592667,83096.32958501142,71.16684404014323,2307.1428571428582,3.0886608413821968,LONG
2026-04-17,BTCUSDT,77785.02,71819.55970421461,71402.11352098837,83043.48073341927,75.37517871442328,2520.805000000001,3.2407332414390346,WAIT
2026-04-18,BTCUSDT,76167.34,72233.63401809894,71588.98514761627,82975.06142263899,69.387556902257,2646.388571428574,3.474440057153859,LONG
2026-04-19,BTCUSDT,75846.63,72577.72887351808,71755.95161241564,82904.13175674209,68.64905966264817,2655.5628571428597,3.5012272228085277,LONG
2026-04-20,BTCUSDT,75716.77,72876.68517127827,71911.27782369345,82832.61571936158,64.1127567004842,2585.4935714285725,3.414690789673902,LONG
2026-04-21,BTCUSDT,75834.65,73158.396107347,72065.13555609764,82762.98421966644,70.51930512367706,2515.365000000001,3.316907244907178,LONG
2026-04-22,BTCUSDT,79272.9,73740.72981140918,72347.79298527028,82728.25701350061,70.9796676724106,2501.539285714286,3.155604608528622,LONG
2026-04-23,BTCUSDT,78376.76,74182.25649603688,72584.22306427929,82684.95853575434,66.37126407626164,2530.597142857144,3.2287595747223334,LONG
2026-04-24,BTCUSDT,78038.62,74549.52921070003,72798.12098332716,82638.72631151798,64.6319295037151,2513.3199999999997,3.2206105131023586,LONG
2026-04-25,BTCUSDT,77330.26,74814.36071444288,72975.85192515746,82585.90575120438,61.542587211628245,2495.435714285714,3.226984771919445,LONG
2026-04-26,BTCUSDT,78049.0,75122.42159878166,73174.79890848462,82540.76241039638,69.74365962968827,2344.281428571429,3.003602132726145,LONG
2026-04-27,BTCUSDT,76793.09,75281.53287508816,73316.69267677935,82483.57164014368,63.38280611623984,2413.0621428571435,3.142290722846474,LONG
2026-04-28,BTCUSDT,76066.38,75356.28022031786,73424.52355219977,82419.71898700793,52.389029422323624,2231.1478571428574,2.933158981856186,LONG
2026-04-29,BTCUSDT,75924.25,75410.37258028759,73522.5520403488,82355.08745479891,57.24724679387797,2232.9771428571426,2.941059204216232,LONG
2026-04-30,BTCUSDT,76473.6,75511.63233454591,73638.27941131553,82296.56519156708,56.32278331882325,2205.5821428571426,2.8841092126657335,LONG
2026-05-01,BTCUSDT,78445.89,75791.08544554154,73826.81315989139,82258.25001553158,52.555143576280805,2110.0721428571414,2.689844098724792,LONG
2026-05-02,BTCUSDT,78487.67,76047.90302215664,74009.59185950349,82220.73180642181,60.216092460099084,1993.0714285714264,2.539343349817145,LONG
2026-05-03,BTCUSDT,78668.36,76297.47035337982,74192.28864932689,82185.38482327334,62.57878092728126,1974.6757142857116,2.5101269611896213,LONG
2026-05-04,BTCUSDT,80028.85,76652.83984353412,74421.17340817682,82163.92676533032,67.3219591125794,1996.429999999997,2.494637871217688,LONG
2026-05-05,BTCUSDT,81525.19,77116.87319176897,74699.76229413068,82157.57117562555,70.5801384705743,2028.9542857142826,2.488745240231004,LONG
2026-05-06,BTCUSDT,81704.25,77553.76622112432,74974.44808651772,82153.06051716162,61.505395068960944,1853.2707142857118,2.268267212887594,LONG
2026-05-07,BTCUSDT,79890.63,77776.32467625533,75167.23953410526,82130.5487707222,56.59143770991879,1846.7835714285673,2.31163976479916,LONG
2026-05-08,BTCUSDT,80142.14,78001.64042137387,75362.33367002271,82110.76360882448,59.22840963132341,1825.1114285714252,2.2773430165096977,LONG
2026-05-09,BTCUSDT,80527.92,78242.23847648113,75564.905682963,82095.01392117448,64.4371704110381,1834.518571428569,2.2781149338373186,LONG
2026-05-10,BTCUSDT,81418.01,78544.69290729245,75794.43918559191,82088.27756374987,64.9790365249094,1826.3499999999974,2.2431769088927593,LONG
2026-05-11,BTCUSDT,81445.9,78820.99834469317,76016.06509988243,82081.88574719515,73.2228758411337,1774.7942857142832,2.1791082003075455,LONG
2026-05-12,BTCUSDT,80336.01,78965.28516900812,76185.4747038086,82064.51384921311,70.52527134644947,1784.594999999998,2.221413535474314,LONG
2026-05-13,BTCUSDT,78827.21,78952.1351529121,76289.07216640435,82032.30187061397,62.33456666536371,1807.2957142857133,2.2927307896419435,LONG
2026-05-14,BTCUSDT,81301.23,79175.85847168238,76485.62737556497,82025.0275236427,67.62906023480437,1867.7214285714279,2.2972855743651452,LONG
2026-05-15,BTCUSDT,79150.27,79173.4214743793,76590.12316475851,81996.42297116865,52.539052925112415,1909.5792857142858,2.4125998378960496,LONG
2026-05-16,BTCUSDT,78238.67,79084.39752443842,76654.77206025818,81959.0323943411,49.155401967608135,1980.3442857142861,2.531157911700552,WAIT
2026-05-17,BTCUSDT,78051.41,78986.01776020619,76709.54217554218,81920.15057947204,47.9082625916184,1963.444285714287,2.5155782396682995,WAIT
2026-05-18,BTCUSDT,76409.46,78740.63130685322,76697.77424708955,81865.31783738775,37.958462335906354,1963.5050000000015,2.569714535346803,WAIT
2026-05-19,BTCUSDT,76521.23,78529.25975381958,76690.85094328212,81812.14283403066,31.662684510634463,1904.7471428571432,2.4891747595499227,WAIT
2026-05-20,BTCUSDT,77455.46,78426.99311059868,76720.83561217302,81768.7927560801,35.246611483696825,1856.6371428571426,2.397038430676343,WAIT
2026-05-21,BTCUSDT,77259.46,78315.79948101785,76741.95813718584,81723.92377343254,39.70731707317071,1804.6757142857148,2.335863743139953,WAIT
2026-05-22,BTCUSDT,76790.59,78170.54143520663,76743.8652690609,81674.83587518944,37.10854050777319,1819.6500000000003,2.3696262784281257,WAIT
2026-05-23,BTCUSDT,75520.0,77918.10891756791,76695.87055262714,81613.5937271776,31.96503581121179,1953.6649999999997,2.586950476694915,WAIT
2026-05-24,BTCUSDT,76371.59,77770.82140160906,76683.15366821039,81561.43448611116,31.775850786758326,2040.5235714285704,2.6718359162465655,WAIT
2026-05-25,BTCUSDT,77628.82,77757.29745859868,76720.23862239822,81522.30399371205,37.33949993233726,2011.807142857142,2.5915724892599705,WAIT
2026-05-26,BTCUSDT,76518.1,77639.27865301786,76712.31161759829,81472.51091914775,37.337444172997564,2001.7185714285702,2.616006632977779,WAIT
2026-05-27,BTCUSDT,75326.01,77418.96735273044,76657.94684828071,81411.3517060219,38.138666348665986,1961.3085714285698,2.6037600709616373,WAIT
2026-05-28,BTCUSDT,72928.73,76991.32570008945,76511.70305030892,81326.94750994208,21.4874670858608,1979.5521428571406,2.7143653027512484,WAIT
2026-05-29,BTCUSDT,73808.26,76688.17658579521,76405.685675787,81252.13469889789,30.083045565820157,1858.0078571428542,2.517344071168802,WAIT
2026-05-30,BTCUSDT,73930.14,76425.5064347671,76308.60545320711,81179.27903025215,32.93109336113889,1815.5014285714258,2.4556986211191076,WAIT
2026-05-31,BTCUSDT,73655.21,76161.668679075,76204.55072955193,81104.41267174218,32.70392000415468,1809.344999999997,2.4565064711647646,WAIT
2026-06-01,BTCUSDT,71129.62,75682.42594773452,76005.53383819696,81005.16100336664,30.5778271521376,1859.152857142854,2.613753394356464,WAIT
2026-06-02,BTCUSDT,67304.28,74884.50728604551,75664.30819748336,80868.8338292038,23.37045176000983,2105.8921428571402,3.1289126677488275,WAIT
2026-06-03,BTCUSDT,66076.01,74045.60278261261,75288.29650346441,80721.64155229629,17.671851731060016,2196.9378571428556,3.324864587227431,WAIT
2026-06-04,BTCUSDT,63896.17,73078.9901366495,74841.54644450503,80554.22392491026,15.881687623667602,2447.587142857141,3.8305694110572523,WAIT
2026-06-05,BTCUSDT,60438.01,71875.08726649241,74276.70187805385,80354.06259232409,13.77851631858185,2635.8564285714265,4.361256150841873,WAIT
2026-06-06,BTCUSDT,60784.0,70818.79324111219,73747.5763142086,80159.33560135569,15.96521504551832,2640.4971428571407,4.344066107622304,WAIT
2026-06-07,BTCUSDT,62093.99,69987.8595991015,73290.57292933768,79979.58091875513,17.70773208653975,2668.68357142857,4.2978129951523005,WAIT
2026-06-08,BTCUSDT,63774.48,69396.10916109184,72917.3928144617,79818.3361334939,19.2537094819819,2758.1949999999983,4.32491962302162,WAIT
2026-06-09,BTCUSDT,61131.84,68609.03590765451,72455.2142727181,79632.40084858351,18.02791286849566,2844.0871428571413,4.652382691011986,WAIT
2026-06-10,BTCUSDT,62639.23,68040.48296406837,72070.27371300367,79463.31457148318,23.978312628295512,2854.894999999999,4.557678949757203,WAIT
2026-06-11,BTCUSDT,62749.44,67536.57411034757,71704.75082229765,79297.00736181668,26.959767318160758,2806.3221428571424,4.472266434341314,WAIT
2026-06-12,BTCUSDT,63593.02,67160.99752840972,71386.64373122716,79140.74878110208,26.84070680094132,2831.96,4.4532560334451805,WAIT
2026-06-13,BTCUSDT,64296.15,66888.1549066564,71108.58515353198,78993.04133054386,28.719337502291765,2805.0421428571426,4.362690678768701,WAIT
2026-06-14,BTCUSDT,64025.07,66615.4801536415,70830.80024555033,78844.106292429,28.724223102992696,2812.434999999999,4.392708981028836,WAIT
2026-06-15,BTCUSDT,67292.14,66679.92394853279,70692.02925552875,78729.16135419588,41.79084745849732,2846.83857142857,4.230566261421572,WAIT
2026-06-16,BTCUSDT,65859.76,66601.81309629156,70502.52850040997,78601.10760937801,46.55742408802195,2647.302857142856,4.019605988759838,WAIT
2026-06-17,BTCUSDT,65752.0,66520.87851569237,70316.23326509979,78473.25579236928,49.18425294226352,2573.2835714285698,3.9136202266525277,WAIT
2026-06-18,BTCUSDT,62369.44,66125.50341895976,70004.59431352725,78313.01881931088,46.3757030883901,2513.4657142857127,4.029963575567959,WAIT
2026-06-19,BTCUSDT,63214.01,65848.21833143978,69738.29688946737,78162.7799255864,57.523508253093425,2297.984999999998,3.6352463638993915,WAIT
2026-06-20,BTCUSDT,64160.04,65687.43944273124,69519.54171733139,78023.44918005817,58.86151836748407,2201.6935714285696,3.4315651477595237,WAIT
2026-06-21,BTCUSDT,64224.0,65548.06425770921,69311.87341469094,77886.1412280178,55.98221633053135,2079.6757142857127,3.238159744465796,WAIT
2026-06-22,BTCUSDT,64836.95,65480.33909030833,69136.38622195796,77756.29852923156,53.174336179013096,2029.8292857142842,3.130667444588748,WAIT
2026-06-23,BTCUSDT,62487.79,65195.33441504087,68875.65695835177,77604.37307122926,54.12347652299046,2023.696428571427,3.238546968250001,WAIT
2026-06-24,BTCUSDT,60250.0,64724.35018503697,68537.39590116151,77431.69274216231,43.043332170603335,2086.9999999999986,3.4639004149377572,WAIT
2026-06-25,BTCUSDT,59557.99,64232.31588170012,68185.26233641007,77253.84495368309,41.012040646546154,2208.0299999999984,3.70736151438287,WAIT
2026-06-26,BTCUSDT,60328.32,63860.50675010963,67877.14695066851,77085.43177006436,40.76765844040818,2234.9264285714266,3.704605778134426,WAIT
2026-06-27,BTCUSDT,60840.06,63572.84515486109,67601.18275652465,76923.78627981497,40.11946671667793,2266.009999999998,3.7245361033503217,WAIT
2026-06-28,BTCUSDT,59890.0,63222.097997255274,67298.78343273936,76754.29586907054,38.62014038683712,2280.6842857142838,3.808122033251434,WAIT
2026-06-29,BTCUSDT,59824.01,62898.470568945246,67005.65506282802,76585.83531315939,25.051829689943858,2156.9157142857125,3.6054348651748898,WAIT
2026-06-30,BTCUSDT,58381.99,62468.32956237903,66667.47211918772,76404.70252397373,25.035704914157947,2196.316428571427,3.761975959660551,WAIT
2026-07-01,BTCUSDT,60147.15,62247.26484215246,66411.7732125529,76242.9358321929,33.15276299075465,2271.5071428571414,3.7765831678760193,WAIT
2026-07-02,BTCUSDT,61612.93,62186.8520000427,66223.58328264886,76097.36363485765,47.42990511328311,2161.494999999999,3.508184077595399,WAIT
2026-07-03,BTCUSDT,61922.72,62161.696571467204,66054.92197744695,75956.32240466007,45.44768053067207,2171.767142857142,3.507221812699995,WAIT
2026-07-04,BTCUSDT,62943.29,62236.13404085128,65932.89719401766,75826.83949516097,45.732890706591924,2146.252857142856,3.4098199460861607,WAIT
2026-07-05,BTCUSDT,62740.01,62284.12222743687,65807.68593150716,75696.6222862539,44.84605077716105,2158.224999999999,3.4399500414488284,WAIT
2026-07-06,BTCUSDT,63545.98,62404.29915815717,65718.99158125198,75575.72037295785,45.575733482297395,2182.462857142856,3.434462505956877,WAIT
2026-07-07,BTCUSDT,63930.51,62549.65257166601,65648.85504865386,75459.84763292842,55.71373352279838,2118.506428571428,3.313764317806049,WAIT
2026-07-08,BTCUSDT,61704.01,62469.115183888294,65494.1552428243,75322.97362663063,55.76360045759662,2097.788571428571,3.399760520310707,WAIT
2026-07-09,BTCUSDT,62868.05,62507.10897589893,65391.17072349786,75199.04403830595,62.64756498667255,1936.6364285714283,3.080477967061851,WAIT
2026-07-10,BTCUSDT,64040.0,62653.09859724189,65338.18363630187,75088.00877424321,63.75982585201871,1915.9400000000003,2.9917863835103065,WAIT
2026-07-11,BTCUSDT,64175.75,62798.11301655219,65292.598003505715,74979.42908494726,62.72058111306277,1877.5785714285719,2.925682319923915,WAIT
2026-07-12,BTCUSDT,64176.0,62929.340348309124,65248.80984650549,74871.93227813186,67.62106568389962,1857.6821428571436,2.894668011183532,WAIT
2026-07-13,BTCUSDT,62618.01,62899.68983894635,65145.64122507391,74750.00270322508,60.23174874282056,1889.3564285714294,3.0172731911656556,WAIT
2026-07-14,BTCUSDT,64743.99,63075.337473332416,65129.89019663964,74650.44038777011,72.1865117725914,1936.4007142857154,2.9908578607616176,WAIT
2026-07-15,BTCUSDT,65427.61,63299.36342825314,65141.565483045924,74558.67093117538,69.91724502112251,1838.6771428571442,2.8102465348453722,WAIT
2026-07-16,BTCUSDT,64704.73,63433.207863657604,65124.43467978922,74460.6217676811,62.35425274312523,1768.6571428571442,2.7334279006451987,WAIT
2026-07-17,BTCUSDT,63452.0,63434.99759092831,65058.849006072,74351.08324262955,55.682503916456845,1831.759285714287,2.886842472600213,WAIT
2026-07-18,BTCUSDT,64123.12,63500.53305845895,65022.153750931924,74249.31246409593,54.500903743841846,1825.4857142857156,2.8468448108665263,WAIT
2026-07-19,BTCUSDT,64585.32,63603.84610051048,65005.02301560126,74153.15333509995,56.9032532241568,1814.797857142858,2.809923148391706,WAIT
2026-07-20,BTCUSDT,65598.75,63793.836948080905,65028.306426754156,74068.03489395468,57.561977960608466,1805.8435714285722,2.752862777764168,WAIT
2026-07-21,BTCUSDT,66676.54,64068.38009588272,65092.94303746968,73994.48768107951,59.62423148932828,1797.7357142857145,2.696204263577136,WAIT
2026-07-22,BTCUSDT,66047.39,64256.85722960818,65130.372330117934,73915.4120822628,67.14192572666252,1691.3885714285716,2.5608711736051517,WAIT
2026-07-23,BTCUSDT,64958.36,64323.66701726454,65123.62674854468,73826.28718592189,58.29891844206746,1696.0128571428572,2.6109231469865577,WAIT
2026-07-24,BTCUSDT,64093.85,64301.779682286964,65083.24334664097,73729.44701491769,50.21914421031984,1691.4128571428566,2.638962797745582,WAIT
2026-07-25,BTCUSDT,64182.0,64290.37209349773,65047.90047030211,73634.44754213245,50.02553348645255,1665.2935714285709,2.594642690206866,WAIT
2026-07-26,BTCUSDT,64768.0,64335.860465545564,65036.92398127066,73546.22418350427,52.30806778857476,1656.7935714285709,2.5580434341473732,WAIT
2026-07-27,BTCUSDT,64554.01,64356.63661168408,65017.98617808358,73456.7494155092,58.43162976086575,1585.5499999999997,2.456160353167835,WAIT
2026-07-28,BTCUSDT,63928.47,64315.85883914274,64975.260053452854,73361.94066510613,45.914285771542296,1528.840714285714,2.3914864758779837,WAIT
2026-07-29,BTCUSDT,63964.01,64282.34942589105,64935.60318861157,73268.42891719463,42.15821587087953,1519.7392857142852,2.375928722596168,WAIT
2026-07-30,BTCUSDT,64730.3,64325.01138533,64927.55208317582,73183.47241055589,50.13636649682629,1539.5635714285709,2.3784279872464222,WAIT
2026-07-31,BTCUSDT,62716.57,64171.826491489046,64840.84690344344,73079.32412786379,46.37235645150629,1594.5007142857135,2.5423914513910972,WAIT
2026-08-01,BTCUSDT,63007.06,64060.89634944247,64768.933691543694,72979.1025942532,44.28004149309538,1560.0014285714278,2.475915284051387,WAIT
2026-08-02,BTCUSDT,63109.14,63970.2528875908,64703.84374285571,72880.89401122581,42.1444019191717,1594.5178571428567,2.5266036855245635,WAIT
2026-08-03,BTCUSDT,63694.91,63944.0297554393,64664.277713724114,72789.49118524347,39.3854412214013,1532.0828571428563,2.405345822990968,WAIT
2026-08-04,BTCUSDT,64125.14,63961.278350159366,64643.13505828395,72703.27873563906,34.667988702602045,1461.1328571428567,2.278564783083291,WAIT
2026-08-05,BTCUSDT,64388.01,64001.919459667995,64633.13015403752,72620.53974324465,39.56918465921237,1436.3949999999993,2.2308423571407148,WAIT
2026-08-06,BTCUSDT,64631.87,64061.914749223426,64633.08073623213,72541.05049206808,47.70370161976637,1379.0535714285709,2.133705200590004,WAIT
2026-08-07,BTCUSDT,64912.72,64142.94382072596,64644.04698187009,72465.14670607736,56.27449087334245,1318.778571428571,2.0316181041690613,WAIT
2026-08-08,BTCUSDT,65080.82,64232.2653616092,64661.175335522246,72391.6708184547,56.803737582016964,1331.9999999999995,2.0466859514062663,WAIT
2026-08-09,BTCUSDT,65228.68,64327.1619938369,64683.430420403725,72320.39727797257,53.734920223115836,1322.4228571428564,2.0273641244048726,WAIT
2026-08-10,BTCUSDT,64299.99,64324.57418490005,64668.393541172205,72240.59223043056,48.1544340952353,1318.4742857142846,2.050504651267107,WAIT
2026-08-11,BTCUSDT,63609.87,64256.50711967147,64626.882814067416,72154.71439729194,47.70675219679609,1226.8242857142848,1.92866969499275,WAIT
2026-08-12,BTCUSDT,63441.47,64178.88453684562,64580.39603704517,72068.01544806515,46.309401723889515,1228.3378571428564,1.9361749611773753,WAIT
2026-08-13,BTCUSDT,63420.01,64106.61077143175,64534.89070225909,71981.96564261177,39.657526785812955,1141.9378571428565,1.8005955173183614,WAIT
2026-08-14,BTCUSDT,62990.95,64000.357364628726,64474.34400805285,71892.50280039673,52.88830781668432,1010.5949999999996,1.6043495136999832,WAIT
2026-08-15,BTCUSDT,63100.55,63914.66142514028,64420.469733227255,71805.02068297986,51.023101587892235,1000.1707142857142,1.5850427837565824,WAIT
2026-08-16,BTCUSDT,63146.39,63841.49271798406,64370.50582212031,71718.86515379598,50.412723175209585,917.8528571428573,1.4535317967390649,WAIT
2026-08-17,BTCUSDT,64200.0,63875.63626865224,64363.81931929206,71644.05057515125,55.07062473020045,904.8928571428571,1.4094904316866934,WAIT
2026-08-18,BTCUSDT,64855.06,63968.91471925679,64383.08365971198,71576.49843012488,57.01120763517743,916.1578571428571,1.412623559584799,WAIT
2026-08-19,BTCUSDT,68554.0,64405.589507899,64546.64900638994,71546.42381887986,74.10469307812923,1235.4435714285714,1.8021465872575946,WAIT
2026-08-20,BTCUSDT,72470.83,65173.70765000386,64857.401202217785,71555.6218903338,81.82837681352429,1531.9971428571428,2.113950044255244,WAIT
2026-08-21,BTCUSDT,77221.98,66321.1621595273,65342.28664526807,71612.0035630668,86.66805284806655,1965.5064285714284,2.545268107048574,WAIT
2026-08-22,BTCUSDT,76978.83,67336.17814433422,65798.62167878696,71665.40482114574,85.28520851707943,2084.1214285714277,2.707395563912088,WAIT
2026-08-23,BTCUSDT,77156.13,68271.41165439763,66244.01416197179,71720.03890252738,85.31085823434016,2201.993571428571,2.8539450740058774,WAIT
2026-08-24,BTCUSDT,79100.01,69302.70673493118,66748.17086150231,71793.47145076093,91.33067849243764,2349.042142857143,2.9697115624348758,WAIT
2026-08-25,BTCUSDT,79502.01,70274.06895065203,67248.3214159532,71870.17332687277,95.10640157853985,2498.145714285714,3.1422422078205496,WAIT
2026-08-26,BTCUSDT,78011.65,71010.98143154231,67670.41273297466,71931.2825475009,88.4676189550877,2545.940714285714,3.2635391179211237,WAIT
2026-08-27,BTCUSDT,80302.32,71895.87081901447,68165.78164540703,72014.5764525009,89.80278156968424,2706.1014285714286,3.3698919639823957,WAIT
2026-08-28,BTCUSDT,78331.13,72508.75264577499,68564.42275735186,72077.4277315805,83.71530375505836,2853.349285714285,3.6426760161819254,WAIT
2026-08-29,BTCUSDT,77865.36,73018.90572712975,68929.16539431845,72135.01909743542,81.9505101543988,2929.7028571428564,3.762523999301944,WAIT
2026-08-30,BTCUSDT,78823.63,73571.73661026025,69317.18361414911,72201.57243974949,82.6361947491442,2994.1257142857135,3.798512849872193,WAIT
2026-08-31,BTCUSDT,78580.42,74048.75407594975,69680.44778614327,72265.04355975198,80.98189486456695,3057.606428571428,3.8910538128600325,WAIT
2026-09-01,BTCUSDT,77919.06,74417.35464014501,70003.53061805922,72321.3024298042,78.13809550066165,3104.7842857142855,3.984627491289404,WAIT
2026-09-02,BTCUSDT,77288.98,74690.842769655,70289.23451539023,72370.73205736834,71.68003129278307,2846.0699999999997,3.682374900018088,LONG
2026-09-03,BTCUSDT,81348.0,75324.85774397358,70722.91159321806,72460.05810654876,71.87851973218856,2804.27,3.4472513153365787,LONG
2026-09-04,BTCUSDT,79429.33,75715.75986359514,71064.33976603304,72529.40409553834,56.32299871726785,2543.261428571429,3.201917262264996,LONG
2026-09-05,BTCUSDT,79806.01,76105.30749563371,71407.1503634435,72601.8081343887,58.03703109879997,2412.599285714287,3.023079697524393,LONG
2026-09-06,BTCUSDT,79716.5,76449.23059128765,71733.00721193592,72672.60108827539,57.315062794738694,2323.0900000000006,2.9141896596062304,LONG
2026-09-07,BTCUSDT,78821.99,76675.20767783168,72011.00653695804,72733.7890376458,49.155021183736274,2219.518571428572,2.815862136224386,WAIT
2026-09-08,BTCUSDT,78904.0,76887.47361327629,72281.32000609694,72795.18417159957,48.146430761047945,2127.597857142859,2.696438529279706,WAIT
2026-09-09,BTCUSDT,78596.7,77050.25707867855,72528.98196664215,72852.9106972553,51.95691803388358,2111.08642857143,2.6859733660210035,LONG
2026-09-10,BTCUSDT,77250.0,77069.2802140425,72714.11992873462,72896.66282962092,39.102188759436366,2062.555714285715,2.669975034674065,WAIT
2026-09-11,BTCUSDT,77732.25,77132.4201936575,72910.90934329406,72944.77812484858,47.60741617886528,2110.92642857143,2.71563788333855,WAIT
2026-09-12,BTCUSDT,77380.37,77156.0344609282,73086.18231022371,72988.9133673874,48.04462381415075,2087.2842857142864,2.6974338397636073,WAIT
2026-09-13,BTCUSDT,77134.83,77154.01498845885,73244.95280786199,73030.16626920445,42.77594124934122,2073.394285714286,2.688013036023138,WAIT
2026-09-14,BTCUSDT,78578.02,77289.63451336753,73454.09269774976,73085.36879388898,49.99068951872572,2067.935,2.6316964973156614,WAIT
2026-09-15,BTCUSDT,76512.0,77215.57408352301,73574.01063117133,73119.46462678562,45.077924294917366,2229.0064285714284,2.913276908944255,WAIT
2026-09-16,BTCUSDT,75788.41,77079.65369461606,73660.8498221058,73146.02129716586,44.784932372364544,2276.3971428571426,3.0036217184885428,WAIT
2026-09-17,BTCUSDT,76780.01,77051.11619989072,73783.16982908203,73182.18038873635,29.82238536324637,2111.7457142857133,2.7503847867247133,WAIT
2026-09-18,BTCUSDT,80725.6,77401.06703799637,74055.42199264745,73257.23929034096,54.85626428759283,2201.366428571428,2.7269743781048734,LONG
2026-09-19,BTCUSDT,81523.42,77793.67208199672,74348.28465960245,73339.48984466594,56.237184501772674,2238.193571428571,2.7454608398771434,LONG
