date,symbol,close,ema20,ema50,ema200,rsi,atr,atr_pct,signal
2024-06-08,XRPUSDT,0.4932,0.4932,0.4932,0.4932,,,,WAIT
2024-06-09,XRPUSDT,0.4951,0.4933809523809524,0.4932745098039216,0.49321890547263686,,,,WAIT
2024-06-10,XRPUSDT,0.5045,0.49443990929705217,0.4937147251057286,0.49333115516942655,,,,WAIT
2024-06-11,XRPUSDT,0.4765,0.49273134650685674,0.4930396378466804,0.4931636809886363,,,,WAIT
2024-06-12,XRPUSDT,0.4964,0.4930807420776323,0.49317141675465376,0.49319588316785384,,,,WAIT
2024-06-13,XRPUSDT,0.4805,0.49188257616547687,0.4926744984505497,0.49306955597215385,,,,WAIT
2024-06-14,XRPUSDT,0.4743,0.49020804510209814,0.4919539298838615,0.4928827942211872,,,,WAIT
2024-06-15,XRPUSDT,0.4848,0.4896929931876126,0.49167338361390617,0.4928023684080411,,,,WAIT
2024-06-16,XRPUSDT,0.491,0.4898174700268876,0.49164697641336086,0.49278443439403075,,,,WAIT
2024-06-17,XRPUSDT,0.5094,0.4916824728814697,0.4923431734167585,0.49294976340503543,,,,WAIT
2024-06-18,XRPUSDT,0.485,0.4910460468927583,0.4920552058317876,0.4928706612816023,,,,WAIT
2024-06-19,XRPUSDT,0.4925,0.49118451861725754,0.49207264874034495,0.49286697310964606,,,,WAIT
2024-06-20,XRPUSDT,0.4922,0.4912812311298997,0.49207764290739026,0.4928603365612914,,,,WAIT
2024-06-21,XRPUSDT,0.4857,0.4907496853080045,0.4918275392639632,0.4927890894313283,,0.0257642857142857,5.304567781405332,WAIT
2024-06-22,XRPUSDT,0.486,0.4902973343262898,0.49159900831243525,0.4927215363026584,47.683397683397665,0.021728571428571413,4.470899470899468,SHORT
2024-06-23,XRPUSDT,0.4827,0.48957377867616697,0.49125002759430053,0.4926218195235275,46.04591836734694,0.021778571428571418,4.511823374470979,SHORT
2024-06-24,XRPUSDT,0.4732,0.4880143711831987,0.49054218337491623,0.49242856758797005,40.025493945188025,0.022264285714285702,4.705047699553192,SHORT
2024-06-25,XRPUSDT,0.4772,0.4869844310705131,0.49001896049746857,0.49227703955226887,50.26335590669679,0.0211142857142857,4.424619806011253,WAIT
2024-06-26,XRPUSDT,0.4697,0.48533829477808327,0.4892221385171757,0.49205239239254484,38.92116182572613,0.01997857142857141,4.253474862374156,SHORT
2024-06-27,XRPUSDT,0.4722,0.48408702860874203,0.4885546036733649,0.491854856149833,46.125116713352014,0.019542857142857133,4.138682156471226,SHORT
2024-06-28,XRPUSDT,0.4761,0.4833263592174333,0.4880661878430369,0.49169809141202375,50.858778625954216,0.019364285714285705,4.067272781828545,WAIT
2024-06-29,XRPUSDT,0.4752,0.4825524202443444,0.48756163145703546,0.4915339312984713,44.9579831932773,0.01810714285714285,3.8104256854256837,SHORT
2024-06-30,XRPUSDT,0.4736,0.48169980879250207,0.487014116497936,0.49135548422087455,40.39735099337749,0.016949999999999993,3.578969594594593,SHORT
2024-07-01,XRPUSDT,0.4799,0.4815283984313114,0.48673513153723263,0.49124149930325395,31.210191082802552,0.015178571428571421,3.162861310392045,SHORT
2024-07-02,XRPUSDT,0.4819,0.4815637890569008,0.48654551853577255,0.4911485490614306,47.23707664884136,0.012542857142857137,2.6027925177126243,SHORT
2024-07-03,XRPUSDT,0.4715,0.4806053329562436,0.4859554982010364,0.4909530411105706,32.20338983050844,0.01218571428571428,2.584456900469625,SHORT
2024-07-04,XRPUSDT,0.4444,0.4771572060080299,0.48432587082060363,0.49048982677116193,22.144522144522128,0.013821428571428568,3.110132441815609,WAIT
2024-07-05,XRPUSDT,0.4245,0.4721422340072652,0.4819797582394035,0.4898332115794091,19.153225806451587,0.01752142857142857,4.127545010937237,WAIT
2024-07-06,XRPUSDT,0.4383,0.46891916410181134,0.4802668265437406,0.48932044330498714,28.83762200532388,0.017849999999999998,4.072553045859,SHORT
2024-07-07,XRPUSDT,0.4272,0.4649459103778293,0.47818577452241745,0.48870232944125597,26.97095435684649,0.019271428571428568,4.511102193686463,SHORT
2024-07-08,XRPUSDT,0.424,0.46104629986565504,0.476060842188205,0.4880585251682087,28.45884413309983,0.020778571428571424,4.900606469002695,SHORT
2024-07-09,XRPUSDT,0.4316,0.45824189035464025,0.47431727974945187,0.4874967487983758,30.645161290322577,0.020835714285714284,4.827551966106182,SHORT
2024-07-10,XRPUSDT,0.4331,0.4558474246065793,0.4727009158377087,0.4869554876163024,33.631484794275494,0.02089285714285714,4.824026123956855,SHORT
2024-07-11,XRPUSDT,0.4405,0.4543857651202384,0.4714381348244652,0.4864932439584288,36.418166238217665,0.021878571428571424,4.966758553591697,SHORT
2024-07-12,XRPUSDT,0.4614,0.4550537874897395,0.4710444824784078,0.48624355993894197,44.5026178010471,0.023999999999999994,5.201560468140441,SHORT
2024-07-13,XRPUSDT,0.5364,0.46280104582405,0.4736074439498428,0.4867426289942759,64.725697786333,0.02914999999999999,5.4343773303504825,WAIT
2024-07-14,XRPUSDT,0.5272,0.46893427955509287,0.47570911281455486,0.4871451898998055,62.441968430826364,0.03252142857142857,6.168707999132885,WAIT
2024-07-15,XRPUSDT,0.5238,0.4741595862641316,0.47759502995908215,0.4875099143784144,60.329411764705895,0.033114285714285714,6.3219331260568365,WAIT
2024-07-16,XRPUSDT,0.5846,0.48467772090564293,0.48179130329402015,0.4884759848821118,68.92738665683746,0.03685714285714286,6.30467719075314,LONG
2024-07-17,XRPUSDT,0.6023,0.49587984272415314,0.4865171345373919,0.4896085621469664,73.47451543431444,0.040050000000000016,6.64951021085838,LONG
2024-07-18,XRPUSDT,0.5629,0.5022627148456623,0.4895125410261217,0.4903378301853051,70.36782399449983,0.04304285714285715,7.646625891429588,LONG
2024-07-19,XRPUSDT,0.5628,0.5080281705746469,0.4923865590250973,0.4910588468003767,75.50719291774253,0.04075714285714286,7.241851964666464,WAIT
2024-07-20,XRPUSDT,0.5915,0.5159778686151567,0.49627336063195626,0.49205826126007446,76.78321678321679,0.04255714285714286,7.194783238739283,WAIT
2024-07-21,XRPUSDT,0.588,0.5228371192232371,0.49987048374442855,0.4930129054266409,78.87931034482757,0.042964285714285726,7.306851311953356,WAIT
2024-07-22,XRPUSDT,0.6104,0.5311764412019764,0.5042049745779804,0.49418093621841563,81.31720430107528,0.043428571428571434,7.114772514510391,WAIT
2024-07-23,XRPUSDT,0.6003,0.5377596372779786,0.5079734069474714,0.49523684730081946,78.10729756747749,0.04460714285714286,7.43080840532115,WAIT
2024-07-24,XRPUSDT,0.6239,0.5459634813467426,0.5125195478514921,0.4965170776759357,79.60893854748602,0.04756428571428571,7.623703432326609,WAIT
2024-07-25,XRPUSDT,0.6176,0.552786006932767,0.5166403498965316,0.49772188287319014,77.57707879165368,0.048214285714285716,7.8067172464840855,WAIT
2024-07-26,XRPUSDT,0.5923,0.5565492443677416,0.5196073949986284,0.4986629586654967,70.10752688172043,0.04841428571428571,8.17394660041967,LONG
2024-07-27,XRPUSDT,0.5986,0.5605540782374805,0.5227051442143685,0.4996573570867356,62.110591900311526,0.044107142857142866,7.368383370722162,LONG
2024-07-28,XRPUSDT,0.6039,0.5646822612624823,0.5258892562059619,0.5006945973147283,65.16409648082245,0.042699999999999995,7.07070707070707,LONG
2024-07-29,XRPUSDT,0.5991,0.5679601411422459,0.5287602657665125,0.5016737555504027,64.8053480141565,0.042507142857142854,7.095166559362854,LONG
2024-07-30,XRPUSDT,0.6182,0.5727448896048891,0.5322677063246884,0.5028332206693042,57.902163687676364,0.04107142857142857,6.643712159726395,LONG
2024-07-31,XRPUSDT,0.6518,0.5802739477377569,0.536955247253132,0.5043154771800574,60.83150984682714,0.03962857142857141,6.0798667426467325,LONG
2024-08-01,XRPUSDT,0.5856,0.5807811908103514,0.5388628846157544,0.5051242784021465,54.44575009792401,0.03934999999999999,6.719603825136609,LONG
2024-08-02,XRPUSDT,0.5618,0.5789734583522227,0.5397623793367052,0.5056882159304833,49.82078853046595,0.04082857142857142,7.267456644459136,WAIT
2024-08-03,XRPUSDT,0.5566,0.5768426527948681,0.5404226781862462,0.506194800846598,43.17025440313112,0.04022857142857141,7.227555053642007,WAIT
2024-08-04,XRPUSDT,0.5286,0.5722481144334521,0.5399590437475699,0.506417738151607,39.39285714285716,0.04078571428571427,7.715799145992107,WAIT
2024-08-05,XRPUSDT,0.4888,0.5643006749635996,0.5379528067378613,0.5062424372744766,29.556153328850044,0.04515714285714285,9.238368014963758,WAIT
2024-08-06,XRPUSDT,0.5111,0.5592339440146853,0.5368997554932393,0.5062907712319445,35.59431524547804,0.04591428571428572,8.983425105514717,WAIT
2024-08-07,XRPUSDT,0.4997,0.5535640445847153,0.535440941552328,0.5062251914186914,29.11903160726294,0.04407857142857142,8.821006889848192,WAIT
2024-08-08,XRPUSDT,0.6128,0.5592055641480758,0.5384746301189034,0.5072856372752218,49.40623453735773,0.052035714285714275,8.49146773591943,WAIT
2024-08-09,XRPUSDT,0.5731,0.5605288437530209,0.5398324877612993,0.5079405065560654,47.706641184902054,0.0545142857142857,9.512176882618338,WAIT
2024-08-10,XRPUSDT,0.5974,0.5640403824432094,0.5420900372608563,0.5088306507694379,49.862574438845634,0.055299999999999995,9.25677937730164,WAIT
2024-08-11,XRPUSDT,0.5667,0.5642936793533799,0.543055133838862,0.5094064651896425,45.97402597402597,0.05569285714285714,9.827573167964909,WAIT
2024-08-12,XRPUSDT,0.5714,0.5649704717959152,0.5441666972177301,0.5100233162822829,47.001515479541034,0.056835714285714274,9.946747337366867,WAIT
2024-08-13,XRPUSDT,0.574,0.5658304268629709,0.5453366306601721,0.5106599001998722,45.03816793893129,0.054942857142857134,9.571926331508212,WAIT
2024-08-14,XRPUSDT,0.5739,0.5665989576379261,0.5464567627911457,0.5112891549242515,40.54382131585336,0.053407142857142854,9.30600154332512,WAIT
2024-08-15,XRPUSDT,0.5714,0.5670561997676474,0.5474349289561988,0.5118872727857018,47.96094198736359,0.04922142857142857,8.614180709035452,WAIT
2024-08-16,XRPUSDT,0.558,0.566193704551681,0.5478492454677205,0.5123461058923118,49.43753700414448,0.04698571428571428,8.420378904249871,WAIT
2024-08-17,XRPUSDT,0.5668,0.5662514469753305,0.5485924123121236,0.5128879356844281,51.49384885764499,0.04542857142857143,8.014920858957558,LONG
2024-08-18,XRPUSDT,0.5735,0.5669417853586324,0.5495691804567463,0.513491040801996,57.013433302093105,0.04391428571428572,7.657242495952174,LONG
2024-08-19,XRPUSDT,0.5794,0.5681282819911436,0.5507390165172661,0.5141468513412797,65.82809224318659,0.03825714285714286,6.602889688840673,LONG
2024-08-20,XRPUSDT,0.5897,0.5701827313253204,0.5522668982224713,0.5148986239647496,64.33260393873086,0.03756428571428572,6.370067104338768,LONG
2024-08-21,XRPUSDT,0.5923,0.5722891378657661,0.5538368237823744,0.515668786910374,67.44536548605879,0.03697857142857143,6.243216516726562,LONG
2024-08-22,XRPUSDT,0.5955,0.5744996961642646,0.5554706738301245,0.5164631273391265,44.437299035369776,0.027642857142857153,4.6419575386829806,WAIT
2024-08-23,XRPUSDT,0.5992,0.5768521060533822,0.557185549366198,0.5172863798034137,60.920502092050185,0.023242857142857152,3.878981499141715,LONG
2024-08-24,XRPUSDT,0.6198,0.5809423816673458,0.559641018018504,0.5183064158252704,59.67184801381693,0.023414285714285728,3.7777163140183494,LONG
2024-08-25,XRPUSDT,0.6026,0.5830050119847414,0.5613256839785626,0.5191451579563622,67.54643206256114,0.022900000000000014,3.800199137072687,LONG
2024-08-26,XRPUSDT,0.5926,0.583918820367147,0.5625521277441092,0.5198760519070452,59.851301115241654,0.021785714285714304,3.676293332047638,LONG
2024-08-27,XRPUSDT,0.594,0.5848789327131331,0.5637853776364972,0.5206136036293632,59.39849624060153,0.021914285714285726,3.6892736892736915,LONG
2024-08-28,XRPUSDT,0.5688,0.5833476057880728,0.5639820294938894,0.5210930702599168,48.06083650190114,0.02392857142857144,4.206851516978102,WAIT
2024-08-29,XRPUSDT,0.572,0.5822668814273039,0.5642964597098153,0.521599606874246,50.226928895612694,0.02456428571428573,4.2944555444555474,LONG
2024-08-30,XRPUSDT,0.5485,0.5790509879580369,0.5636769907015873,0.5218672724774873,46.66198172874207,0.025171428571428584,4.589139210834746,WAIT
2024-08-31,XRPUSDT,0.5664,0.5778461319620334,0.5637837753799564,0.5223103841941292,49.867899603698824,0.026107142857142867,4.609311945117032,WAIT
2024-09-01,XRPUSDT,0.5565,0.5758131670132683,0.563498137129762,0.5226505793762772,44.5019404915912,0.025878571428571442,4.6502374534719575,WAIT
2024-09-02,XRPUSDT,0.5583,0.574145246345338,0.5632942886148694,0.5230052999794984,42.99003322259136,0.02512142857142858,4.499628975717101,WAIT
2024-09-03,XRPUSDT,0.5593,0.5727314133600677,0.5631376498456588,0.5233664412732347,39.23512747875355,0.02372857142857144,4.2425480830630145,WAIT
2024-09-04,XRPUSDT,0.5621,0.571718897801966,0.5630969576948487,0.5237518498177797,39.32107496463932,0.024871428571428583,4.424733778941217,WAIT
2024-09-05,XRPUSDT,0.546,0.5692694789636835,0.5624264887656389,0.5239732244464586,33.95981853532081,0.025150000000000006,4.606227106227108,WAIT
2024-09-06,XRPUSDT,0.5264,0.5651866714433327,0.5610136852846335,0.5239973714668918,28.613396004700377,0.025892857142857155,4.918855840208426,WAIT
2024-09-07,XRPUSDT,0.5315,0.5619784170201582,0.5598562858617067,0.5240720244871218,21.460892049127338,0.02571428571428572,4.838059400618198,WAIT
2024-09-08,XRPUSDT,0.5224,0.5582090439706193,0.5583874119063457,0.5240553874275484,22.646657571623464,0.02421428571428572,4.635200175016409,WAIT
2024-09-09,XRPUSDT,0.5294,0.555465325497227,0.5572506506551165,0.52410856765215,27.994428969359333,0.023835714285714286,4.50240164067138,WAIT
2024-09-10,XRPUSDT,0.5361,0.5536210087832054,0.5564212133745237,0.5242278853869544,30.55742108797854,0.023321428571428573,4.350201188477629,WAIT
2024-09-11,XRPUSDT,0.5321,0.5515713888990906,0.5554674403010129,0.5243062148855917,35.63038371182462,0.021335714285714284,4.0097189035358545,WAIT
2024-09-12,XRPUSDT,0.5577,0.5521550661467963,0.5555549916617575,0.5246384913543918,45.236508994004005,0.02380714285714286,4.268808114961962,WAIT
2024-09-13,XRPUSDT,0.5711,0.5539593455613872,0.5561645998318847,0.5251007949230048,58.07142857142857,0.022964285714285722,4.021062110713661,WAIT
2024-09-14,XRPUSDT,0.587,0.5571060745555407,0.5573738312110265,0.5257167074113331,57.463768115942,0.022992857142857148,3.917011438306158,WAIT
2024-09-15,XRPUSDT,0.5885,0.5600959722169178,0.5585944652811823,0.5263414167903249,62.34567901234568,0.02307857142857143,3.921592426265324,LONG
2024-09-16,XRPUSDT,0.5686,0.5609058796248304,0.5589868391917242,0.5267619002053465,53.48679756262693,0.02384285714285715,4.193256620270339,LONG
2024-09-17,XRPUSDT,0.5907,0.5637434148986561,0.5602304925567546,0.5273981002033032,59.30094786729856,0.02441428571428572,4.133110837021453,LONG
2024-09-18,XRPUSDT,0.5644,0.5638059468130698,0.5603940026525682,0.5277662783107331,50.598023920956834,0.023964285714285716,4.245975498633189,LONG
2024-09-19,XRPUSDT,0.5861,0.5659291899737299,0.5614020809799185,0.5283467133524173,60.13137948458815,0.02467857142857143,4.210641772491288,LONG
2024-09-20,XRPUSDT,0.5799,0.5672597433095651,0.5621274895689413,0.5288596813787615,64.49864498644986,0.024100000000000003,4.155888946370065,LONG
2024-09-21,XRPUSDT,0.5867,0.5691111963277017,0.5630911174289829,0.5294352069371818,64.82277121374867,0.02278571428571428,3.8837079062066273,LONG
2024-09-22,XRPUSDT,0.5891,0.5710148919155397,0.5641110736082384,0.5300288864701452,68.57938718662952,0.02410714285714285,4.092198753546572,LONG
2024-09-23,XRPUSDT,0.588,0.5726325212569169,0.5650478942510526,0.5306057134704423,66.87788018433179,0.024449999999999996,4.158163265306122,LONG
2024-09-24,XRPUSDT,0.5831,0.5736294239943533,0.5657558199666977,0.5311280446796917,63.67869615832362,0.024142857142857133,4.140431682877231,LONG
2024-09-25,XRPUSDT,0.5852,0.5747313836139387,0.5665183368307487,0.5316660740858639,65.62683931724544,0.023699999999999992,4.049897470950101,LONG
2024-09-26,XRPUSDT,0.5928,0.5764522042221351,0.5675489902883665,0.5322743718561538,61.553653719552344,0.02109285714285713,3.55817428185849,LONG
2024-09-27,XRPUSDT,0.5881,0.5775615181057412,0.5683549122378423,0.5328298507431573,55.9357541899441,0.02079285714285712,3.535598902033178,LONG
2024-09-28,XRPUSDT,0.6176,0.5813747068575754,0.5702860921500837,0.5336733348153647,59.7576530612245,0.021821428571428554,3.5332623982235347,LONG
2024-09-29,XRPUSDT,0.6595,0.5888152109663778,0.5737846767716491,0.5349253414341173,68.00202839756591,0.024607142857142845,3.731181631105814,LONG
2024-09-30,XRPUSDT,0.6175,0.5915470956362465,0.5754990031727609,0.5357469798278077,61.14911080711356,0.025685714285714274,4.159629843840368,LONG
2024-10-01,XRPUSDT,0.612,0.5934949912899373,0.5769304148130449,0.536505716346934,55.25407005426738,0.026814285714285697,4.381419234360408,LONG
2024-10-02,XRPUSDT,0.5846,0.5926478492623243,0.5772311828595922,0.5369842664330342,54.955839057899894,0.028414285714285694,4.860466252871313,LONG
2024-10-03,XRPUSDT,0.5226,0.5859766255230553,0.5750887835317651,0.5368411394038498,36.99303564113069,0.03225714285714283,6.172434530643481,WAIT
2024-10-04,XRPUSDT,0.5219,0.5798740897589548,0.5730029488834606,0.5366924713500801,37.8457669740151,0.032435714285714255,6.214928968329997,WAIT
2024-10-05,XRPUSDT,0.5304,0.5751622716866734,0.5713322450056778,0.5366298596948554,38.28547648772368,0.03284999999999998,6.193438914027146,WAIT
2024-10-06,XRPUSDT,0.5369,0.5715182458117521,0.5699819608878081,0.5366325476580908,39.32078559738136,0.03158571428571427,5.882979006465686,WAIT
2024-10-07,XRPUSDT,0.5412,0.5686307938296805,0.5688532565392665,0.536677994945075,40.549273021001625,0.03139285714285713,5.800601837187201,WAIT
2024-10-08,XRPUSDT,0.5247,0.5644469087030443,0.5671217562828248,0.5365588109157707,38.734567901234584,0.03249285714285714,6.192654305861852,WAIT
2024-10-09,XRPUSDT,0.5317,0.5613281554932306,0.5657326678011454,0.5365104645384994,39.87126088602799,0.03243571428571429,6.100378838765148,WAIT
2024-10-10,XRPUSDT,0.5356,0.5588778549700657,0.5645509945540417,0.5365014051898576,39.0168970814132,0.032707142857142865,6.10663608236424,WAIT
2024-10-11,XRPUSDT,0.5382,0.556908535449107,0.563517622218589,0.5365183066307545,40.340689121176936,0.03285714285714287,6.105006105006107,WAIT
2024-10-12,XRPUSDT,0.5416,0.5554505796920493,0.5626581076217816,0.5365688707438814,33.634797588285934,0.03052142857142858,5.635418864739399,WAIT
2024-10-13,XRPUSDT,0.528,0.5528362387689969,0.5612989661464176,0.5364836083484199,17.753800882785654,0.02762857142857144,5.232683982683985,WAIT
2024-10-14,XRPUSDT,0.5491,0.552480406505283,0.5608205753171464,0.5366091445837591,31.31147540983605,0.02640714285714287,4.809168249343083,WAIT
2024-10-15,XRPUSDT,0.539,0.5511965582666846,0.5599648664811798,0.5366329341898909,30.543710021321942,0.025221428571428586,4.679300291545192,WAIT
2024-10-16,XRPUSDT,0.5477,0.5508635527174766,0.5594838913250552,0.536743054247703,39.07637655417404,0.022692857142857164,4.14330055557005,WAIT
2024-10-17,XRPUSDT,0.5537,0.5511336905539074,0.5592570720574059,0.5369117800760841,63.77325066430474,0.018250000000000027,3.2960086689543124,WAIT
2024-10-18,XRPUSDT,0.5458,0.5506257200249638,0.5587293437414292,0.5370002200753271,59.95004163197334,0.017828571428571454,3.2665026435638427,WAIT
2024-10-19,XRPUSDT,0.5444,0.5500327943083005,0.5581674086927457,0.5370738497263189,56.19469026548674,0.017064285714285737,3.1345124383331626,WAIT
2024-10-20,XRPUSDT,0.5446,0.5495153853265576,0.557635353449893,0.5371487367937188,53.60824742268038,0.016885714285714313,3.1005718482765907,WAIT
2024-10-21,XRPUSDT,0.5464,0.5492186819621235,0.5571947513538188,0.5372407891639306,52.495201535508635,0.017150000000000023,3.1387262079063,WAIT
2024-10-22,XRPUSDT,0.5335,0.5477216646323975,0.5562655454183749,0.5372035673812049,54.373757455268354,0.01684285714285716,3.1570491364305826,WAIT
2024-10-23,XRPUSDT,0.5239,0.5454529346674072,0.5549963083431445,0.5370711935764169,46.220930232558175,0.016978571428571437,3.240803861151257,SHORT
2024-10-24,XRPUSDT,0.5293,0.543914559937178,0.5539886099767467,0.5369938682671989,46.99140401146133,0.016821428571428574,3.1780518744433355,SHORT
2024-10-25,XRPUSDT,0.5225,0.5418750780383991,0.5527537625266782,0.5368496506725003,42.791551882460936,0.01658571428571429,3.1742993848257015,SHORT
2024-10-26,XRPUSDT,0.5092,0.5387631658442659,0.5510457718393574,0.5365745297702864,36.363636363636346,0.01872142857142858,3.676635618897993,SHORT
2024-10-27,XRPUSDT,0.5173,0.5367190548114786,0.549722408237814,0.5363827434044129,45.278022947925834,0.01810714285714286,3.500317583054873,SHORT
2024-10-28,XRPUSDT,0.5139,0.5345458114960997,0.5483176079147625,0.5361590345148168,31.58995815899577,0.016892857142857154,3.287187612931923,SHORT
2024-10-29,XRPUSDT,0.5259,0.5337224008774235,0.5474384860357522,0.5360569545693958,43.28205128205127,0.016457142857142868,3.129329313014426,SHORT
2024-10-30,XRPUSDT,0.5233,0.5327297912700498,0.5464918787402325,0.5359300196980585,36.65207877461707,0.01612142857142858,3.080723976959408,SHORT
2024-10-31,XRPUSDT,0.5108,0.5306412397205212,0.5450921972210078,0.5356799697508142,28.089887640449433,0.0159,3.1127642913077525,SHORT
2024-11-01,XRPUSDT,0.5162,0.529265883556662,0.5439591698790075,0.53548613920603,34.48637316561843,0.01645714285714286,3.1881330602756415,SHORT
2024-11-02,XRPUSDT,0.5104,0.5274691327417419,0.5426431240013994,0.5352365258805969,32.96593186372742,0.017100000000000004,3.3503134796238254,SHORT
2024-11-03,XRPUSDT,0.4971,0.5245768343853855,0.5408571191385994,0.534857057961387,28.96368467670503,0.01792142857142857,3.6051958502169725,SHORT
2024-11-04,XRPUSDT,0.5103,0.5232171358724916,0.5396588007410072,0.5346127091259504,35.47868061142394,0.01809285714285715,3.5455334397133353,SHORT
2024-11-05,XRPUSDT,0.5099,0.5219488372179686,0.5384917889472423,0.5343668115227072,39.44543828264759,0.018285714285714297,3.586137337853363,SHORT
2024-11-06,XRPUSDT,0.5307,0.5227822812924477,0.53818622859637,0.5343303258359141,52.764227642276396,0.01982857142857144,3.736305149532964,WAIT
2024-11-07,XRPUSDT,0.5499,0.5253649211693575,0.5386455921808261,0.5344852479669001,57.5292397660819,0.021721428571428586,3.9500688436858673,WAIT
2024-11-08,XRPUSDT,0.5523,0.5279301667722759,0.5391810591541271,0.5346625091811599,61.25377643504535,0.021750000000000012,3.9380771319934835,WAIT
2024-11-09,XRPUSDT,0.5482,0.5298606270796782,0.5395347431088672,0.5347972105823424,65.82792207792211,0.020157142857142863,3.6769687809454323,WAIT
2024-11-10,XRPUSDT,0.6046,0.5369786625958993,0.5420863218104802,0.535491765700926,75.45189504373181,0.024935714285714294,4.124332498464157,WAIT
2024-11-11,XRPUSDT,0.5904,0.5420664090153375,0.5439809758571281,0.5360381162909666,70.98189797037851,0.028057142857142857,4.752226093689508,WAIT
2024-11-12,XRPUSDT,0.6787,0.5550791319662578,0.5492640748431231,0.5374576375219023,79.54369682907966,0.03502142857142857,5.1600749331705575,WAIT
2024-11-13,XRPUSDT,0.7125,0.5700715955885189,0.5556654836728045,0.5391993525714357,82.64320220841962,0.041421428571428574,5.813533834586466,WAIT
2024-11-14,XRPUSDT,0.7136,0.5837409674372315,0.5618589941170083,0.5409346823965956,86.42241379310346,0.04629285714285715,6.487227738629085,WAIT
2024-11-15,XRPUSDT,0.8659,0.6106132562527332,0.5737821708183022,0.5441681681438931,91.11215612508818,0.05975714285714288,6.901159817200933,WAIT
2024-11-16,XRPUSDT,1.1096,0.6581358032762824,0.5947946347077805,0.549794355525546,95.17490952955369,0.08794285714285717,7.925636007827791,WAIT
2024-11-17,XRPUSDT,1.0839,0.698684774392827,0.6139752372682598,0.5551088395501674,93.42806394316166,0.1015714285714286,9.370922462536083,WAIT
2024-11-18,XRPUSDT,1.1665,0.7432386054030339,0.6356428750224457,0.5611923336839967,94.04026845637587,0.11110000000000002,9.5242177453922,WAIT
2024-11-19,XRPUSDT,1.0963,0.7768635001265545,0.6537078603156831,0.5665167880752007,85.9842906234659,0.11643571428571431,10.620789408529992,WAIT
2024-11-20,XRPUSDT,1.1208,0.8096193572573588,0.6720251991268328,0.5720320439152484,86.04764813683569,0.12066428571428575,10.76590700520037,WAIT
2024-11-21,XRPUSDT,1.1034,0.8375984660899912,0.6889418579846041,0.5773192872593753,83.88637198481695,0.12383571428571431,11.223102617882393,WAIT
2024-11-22,XRPUSDT,1.4416,0.8951224217004682,0.7184578635538353,0.5859190953463467,88.58134490238612,0.1514857142857143,10.50816553036309,WAIT
2024-11-23,XRPUSDT,1.5557,0.9580345720147093,0.7512908885125085,0.5955686565866816,89.9009900990099,0.16666428571428574,10.713137861688354,WAIT
2024-11-24,XRPUSDT,1.3077,0.9913360413466418,0.7731108536688807,0.6026545406007444,74.17646654287876,0.18265,13.967270780760114,LONG
2024-11-25,XRPUSDT,1.423,1.0324468945517236,0.7985967025446109,0.6108171819878017,76.76826131687243,0.19600714285714288,13.774219455877926,WAIT
2024-11-26,XRPUSDT,1.3455,1.062261476022988,0.8200438906801164,0.6181274587839429,71.58767158767158,0.20497142857142855,15.233848277326537,LONG
2024-11-27,XRPUSDT,1.4955,1.1035222878303226,0.846532365555406,0.6268575338209187,73.57581597013127,0.21020714285714284,14.055977456178056,LONG
2024-11-28,XRPUSDT,1.4343,1.1350249270845776,0.869582076710096,0.6348917872157355,70.94205846457837,0.21066428571428572,14.687602713120388,LONG
2024-11-29,XRPUSDT,1.7099,1.1897749340289034,0.9025357207606806,0.6455883863479173,72.88503253796094,0.21995714285714288,12.863743076036194,LONG
2024-11-30,XRPUSDT,1.8776,1.255282083169008,0.9407735356328107,0.6578472083743062,71.71945701357465,0.21035,11.203131657435025,LONG
2024-12-01,XRPUSDT,1.9015,1.3168266466767213,0.9784490832550535,0.670221863017348,73.14573660967046,0.20315714285714284,10.684046429510536,LONG
2024-12-02,XRPUSDT,2.7001,1.4485669660408431,1.0459648054803456,0.6904196554251356,80.89195068890498,0.2542857142857143,9.417640616485103,WAIT
2024-12-03,XRPUSDT,2.5247,1.5510558264179057,1.1039544209517047,0.7086712011422984,77.60299914972559,0.2943642857142857,11.659376785926472,WAIT
2024-12-04,XRPUSDT,2.513,1.642669557235248,1.1592111103261478,0.7266247215289422,77.03720966363706,0.30247142857142856,12.03626854641578,WAIT
2024-12-05,XRPUSDT,2.375,1.7124153136890339,1.2068891059996323,0.7430264655933309,73.59008607895518,0.32067142857142855,13.501954887218046,LONG
2024-12-06,XRPUSDT,2.3292,1.7711567123853165,1.2509012979212153,0.7588092868312082,68.47011819543866,0.30844999999999995,13.242744289884936,LONG
2024-12-07,XRPUSDT,2.5405,1.844427501681953,1.301473796041952,0.7765375526338828,69.696,0.3078214285714285,12.116568729440209,LONG
2024-12-08,XRPUSDT,2.5409,1.9107582158074812,1.3500787452167775,0.7940933978813068,77.37524418398154,0.29715714285714284,11.694956230357072,WAIT
2024-12-09,XRPUSDT,2.3879,1.956200290492483,1.3907776179533744,0.8099521700416918,71.06676564342169,0.3016785714285714,12.63363505291559,LONG
2024-12-10,XRPUSDT,2.0404,1.9642193104455798,1.4162530054846147,0.8221954320313268,63.57173547908285,0.31593571428571426,15.484008737782506,LONG
2024-12-11,XRPUSDT,2.448,2.010293661831715,1.4567136719361986,0.8383725919116122,66.90208325939597,0.34424285714285713,14.06220821661998,LONG
2024-12-12,XRPUSDT,2.4163,2.0489609321334563,1.4943445083308575,0.8540733621413474,67.60992755182555,0.34719285714285714,14.368781076143572,LONG
2024-12-13,XRPUSDT,2.399,2.0822979862159845,1.529821194278667,0.86944576649815,63.61911538005455,0.3367857142857143,14.038587506699221,LONG
2024-12-14,XRPUSDT,2.4053,2.113060082766843,1.5641536964638174,0.8847278981747854,61.13996200126663,0.329,13.678127468507048,LONG
2024-12-15,XRPUSDT,2.415,2.141816265360477,1.5975202181711188,0.8999544862526483,60.9055770292656,0.32787142857142854,13.57645666962437,LONG
2024-12-16,XRPUSDT,2.3742,2.1639480496118604,1.627978248831075,0.9146235958421742,39.79329783902286,0.27565,11.610226602645103,WAIT
2024-12-17,XRPUSDT,2.5964,2.2051339496488263,1.665955572406327,0.9313576894158839,52.18158583338404,0.25384285714285715,9.776723815392742,LONG
2024-12-18,XRPUSDT,2.4714,2.2304926211108427,1.6975416283903928,0.946681493501298,48.81589434134123,0.2538714285714286,10.272373091018395,WAIT
2024-12-19,XRPUSDT,2.3278,2.239759990528858,1.7222576429633185,0.9604239662027777,48.66076495289978,0.25348571428571426,10.889497134019859,WAIT
2024-12-20,XRPUSDT,2.2146,2.237363800954681,1.7415651863765218,0.9729033297231481,46.86816790555312,0.26526428571428573,11.977977319348222,WAIT
2024-12-21,XRPUSDT,2.258,2.2393291532447113,1.7618175320088152,0.9856903612681914,41.49966901366071,0.2634857142857143,11.668986460837658,WAIT
2024-12-22,XRPUSDT,2.2197,2.2374597100785483,1.7797737072241557,0.9979690641411448,40.550717815956695,0.26120714285714286,11.767677742809518,WAIT
2024-12-23,XRPUSDT,2.1432,2.2284825948329723,1.7940257187055615,1.0093643968362578,42.46195551722013,0.24886428571428576,11.611808777262306,WAIT
2024-12-24,XRPUSDT,2.3221,2.237398538182213,1.8147345140504414,1.022426442638882,59.68374011687865,0.23163571428571425,9.975268691516915,LONG
2024-12-25,XRPUSDT,2.2795,2.241408201212478,1.8329606115386594,1.0349346372394903,42.26709499770537,0.1972285714285714,8.652273368219845,WAIT
2024-12-26,XRPUSDT,2.166,2.2342264677636705,1.846020979713614,1.0461890189585004,39.31529070263808,0.19945714285714283,9.208547685001978,WAIT
2024-12-27,XRPUSDT,2.1448,2.225709661309988,1.8577378040385704,1.057120471506177,39.18481960517358,0.19341428571428562,9.01782383971865,WAIT
2024-12-28,XRPUSDT,2.173,2.2206896935661793,1.8701010274096068,1.068223750396663,40.29738534792415,0.18720714285714277,8.615146933140485,WAIT
2024-12-29,XRPUSDT,2.1648,2.2153668656074954,1.881657849864132,1.0791349568603779,39.53663432586148,0.18454999999999996,8.525036954915002,WAIT
2024-12-30,XRPUSDT,2.0244,2.1971795450734484,1.8872555812420093,1.0885405791801752,36.496294008647304,0.1867999999999999,9.22742540999802,WAIT
2024-12-31,XRPUSDT,2.1285,2.1906386360188344,1.8967161466834992,1.098888434113706,30.124883187494675,0.17224999999999996,8.09255344139065,WAIT
2025-01-01,XRPUSDT,2.2283,2.1942254325884694,1.9097194350488522,1.1101263601424254,39.44786873860577,0.16961428571428566,7.6118245170886185,WAIT
2025-01-02,XRPUSDT,2.4042,2.2142230104371867,1.9291108297528188,1.1230027147678738,53.22580645161291,0.16237857142857143,6.753954389342461,LONG
2025-01-03,XRPUSDT,2.4468,2.2363731999193592,1.9494123658409437,1.1361748270587408,60.42564655172415,0.1418928571428571,5.799119549732593,LONG
2025-01-04,XRPUSDT,2.4115,2.2530519427841824,1.9675334495334558,1.1488646297745744,56.94255992763457,0.1358071428571428,5.6316459820502915,LONG
2025-01-05,XRPUSDT,2.3683,2.264027948233308,1.9832497848458692,1.1609983150504493,56.69128242074929,0.1356214285714285,5.726530784589304,LONG
2025-01-06,XRPUSDT,2.4363,2.280434810306326,2.0010164599499527,1.1736878840549225,63.29975496869045,0.1327499999999999,5.448836350203172,LONG
2025-01-07,XRPUSDT,2.3139,2.283621971229533,2.0132864026970134,1.1850332782434307,49.60780562464129,0.13204285714285707,5.706506639995553,WAIT
2025-01-08,XRPUSDT,2.3091,2.2860484501600538,2.024886935924582,1.1962180217434961,51.46883684001586,0.1342714285714285,5.814881493717401,LONG
2025-01-09,XRPUSDT,2.3205,2.2893295501448105,2.03647960510401,1.2074049070992823,58.53119823302043,0.13666428571428565,5.8894326961553825,LONG
2025-01-10,XRPUSDT,2.2889,2.2892886406072095,2.046378444119539,1.2181660523022746,57.866579320886544,0.13472857142857136,5.886171148961132,LONG
2025-01-11,XRPUSDT,2.4075,2.3005468653112846,2.0605400737619104,1.230000220936083,61.65159495180364,0.14105714285714277,5.859071354398453,LONG
2025-01-12,XRPUSDT,2.523,2.321732878138781,2.078675757143796,1.2428658903795051,66.08297413793102,0.1517214285714285,6.013532642545719,LONG
2025-01-13,XRPUSDT,2.4664,2.335510699268421,2.093880629412667,1.255040359131948,71.46047776267235,0.15618571428571423,6.332537880543068,LONG
2025-01-14,XRPUSDT,2.5794,2.3587382517190476,2.1129206047298172,1.2682180670012817,71.70501588524115,0.15819285714285708,6.132932354146587,LONG
2025-01-15,XRPUSDT,2.9704,2.416991751555329,2.146547247681589,1.2851552006629605,77.90059402962628,0.1799214285714285,6.0571447808856895,WAIT
2025-01-16,XRPUSDT,3.3076,2.5018115847405356,2.192078728164664,1.3052790295120853,80.29104077253217,0.1996357142857142,6.035666776082786,WAIT
2025-01-17,XRPUSDT,3.1995,2.5682581004795324,2.2315854447072265,1.3241269993676865,74.17614183850452,0.20870714285714279,6.523117451387492,LONG
2025-01-18,XRPUSDT,3.177,2.626233519481482,2.2686605253069434,1.3425635466376598,74.79111341408121,0.21948571428571426,6.9085840190656045,LONG
2025-01-19,XRPUSDT,3.1479,2.6759160414356264,2.303140504706671,1.360527093437285,75.48045496143286,0.2296785714285714,7.2962473848778995,WAIT
2025-01-20,XRPUSDT,3.2719,2.7326764184417573,2.3411310731495467,1.3795457293234812,76.34632362214654,0.2618642857142857,8.003431819868753,WAIT
2025-01-21,XRPUSDT,3.1217,2.769726283352066,2.371741619300545,1.3968805976884218,75.03098661378286,0.2713,8.690777460998813,WAIT
2025-01-22,XRPUSDT,3.1627,2.8071523516042505,2.4027595950142495,1.4144509399999798,75.86980240029095,0.2729214285714286,8.629380863547874,WAIT
2025-01-23,XRPUSDT,3.1352,2.8383949847847982,2.4314827481509456,1.43157282119401,74.45224803409569,0.27645714285714285,8.817847118434003,LONG
2025-01-24,XRPUSDT,3.1651,2.869509748138627,2.460252052145026,1.448821847848796,76.32496094219445,0.2811,8.88123597990585,WAIT
2025-01-25,XRPUSDT,3.1413,2.8953945340301863,2.4869598148060055,1.4656624264771663,73.37836115713013,0.27561428571428576,8.77389251947556,LONG
2025-01-26,XRPUSDT,3.1153,2.9163379117415973,2.5116006063822405,1.4820767306913238,70.01148726265289,0.26379285714285716,8.467655029783879,LONG
2025-01-27,XRPUSDT,2.9566,2.9201723963376356,2.529051562994702,1.4967486040177784,65.49304677623262,0.28150000000000003,9.521071501048503,LONG
2025-01-28,XRPUSDT,3.1857,2.945460739543575,2.554802482092949,1.5135540905449647,67.85230551793182,0.2928214285714286,9.191745254463026,LONG
2025-01-29,XRPUSDT,3.0649,2.956835907206092,2.5748063063245983,1.528990368250985,53.30905525597031,0.2720357142857143,8.875843071085983,LONG
2025-01-30,XRPUSDT,3.1203,2.972403916043607,2.5961982158804964,1.544824294935055,41.82881074949829,0.24848571428571434,7.963519991209639,WAIT
2025-01-31,XRPUSDT,3.0989,2.9844511621346923,2.6159120113361634,1.5602877347864477,45.25202945063243,0.23849285714285715,7.696048828386109,WAIT
2025-02-01,XRPUSDT,2.9734,2.983398670502817,2.6299311481465097,1.5743485533457866,41.242257398485876,0.23115714285714284,7.774169060911511,WAIT
2025-02-02,XRPUSDT,2.8106,2.9669416542644536,2.6370162011603724,1.5866495627652315,36.987886737134474,0.23197142857142855,8.253448678980593,WAIT
2025-02-03,XRPUSDT,2.552,2.9274234014773626,2.6336822324874167,1.5962550397526423,24.84098692947508,0.26755,10.483934169278996,WAIT
2025-02-04,XRPUSDT,2.6204,2.8981830775271376,2.633161360625165,1.6064455368695314,31.41819260137889,0.2671071428571428,10.193372876551015,WAIT
2025-02-05,XRPUSDT,2.5024,2.8604894510959817,2.628033464130061,1.615360506651924,26.84620239848516,0.2776142857142857,11.093921264157835,WAIT
2025-02-06,XRPUSDT,2.3158,2.808614265277317,2.615789014556333,1.6223300538494174,24.151419558359606,0.27586428571428573,11.912267281901967,WAIT
2025-02-07,XRPUSDT,2.4789,2.7772129066794773,2.610420817907065,1.6308531378907167,30.031428238854616,0.2850357142857143,11.498475706390508,WAIT
2025-02-08,XRPUSDT,2.3913,2.740459296519527,2.6018278446558076,1.6384197733345902,28.956228956228955,0.29006428571428566,12.129983093475753,WAIT
2025-02-09,XRPUSDT,2.4285,2.7107488873271914,2.5950306742771487,1.646281268127281,30.849877314298467,0.29644285714285706,12.206829612635662,WAIT
2025-02-10,XRPUSDT,2.4218,2.683229945676983,2.5882373145015745,1.653997872424522,33.70704362661468,0.27361428571428564,11.297971992496722,WAIT
2025-02-11,XRPUSDT,2.4697,2.662893760374413,2.583588792364258,1.662114311504875,25.479452054794493,0.2581642857142857,10.453265000375984,WAIT
2025-02-12,XRPUSDT,2.4008,2.6379324498625643,2.576420604428405,1.6694644178580604,26.418578225978237,0.25556428571428563,10.64496358356738,WAIT
2025-02-13,XRPUSDT,2.4478,2.619824597494701,2.571376659156703,1.6772090505161892,25.976995070372226,0.25056428571428563,10.23630548714297,WAIT
2025-02-14,XRPUSDT,2.7251,2.6298508263047298,2.5774050254642833,1.6876358261329436,38.71104131432712,0.2700857142857142,9.911038651268365,WAIT
2025-02-15,XRPUSDT,2.78,2.644150747609041,2.5853499264264683,1.6985051213953024,43.899053627760246,0.2691285714285714,9.680883864337101,WAIT
2025-02-16,XRPUSDT,2.7231,2.6516697240272276,2.5907518900960187,1.708700095311767,47.042120208234735,0.25764999999999993,9.461642980426717,WAIT
2025-02-17,XRPUSDT,2.6465,2.651177369357968,2.5929380904844104,1.7180314376469734,53.64274150026983,0.19284285714285707,7.2867129092332155,LONG
2025-02-18,XRPUSDT,2.5407,2.6406557151333994,2.5908895379163943,1.7262171944863072,47.01386286998876,0.1817142857142857,7.152134676045407,WAIT
2025-02-19,XRPUSDT,2.6075,2.6374980279778377,2.5915409285863396,1.734986177625747,54.094911556144304,0.17266428571428566,6.6218326256677145,LONG
2025-02-20,XRPUSDT,2.6728,2.640860120551377,2.5947275588378558,1.7443176584453912,65.36144578313255,0.16684285714285707,6.242249967930899,LONG
2025-02-21,XRPUSDT,2.6144,2.638340109070293,2.5954990271187244,1.7529751941822531,56.407831268324976,0.15879999999999997,6.074051407588739,LONG
2025-02-22,XRPUSDT,2.5902,2.633755336777884,2.5952912221336764,1.7613057892650168,60.00603682463023,0.15717857142857136,6.068202124491212,LONG
2025-02-23,XRPUSDT,2.522,2.6231119713704665,2.592417056559807,1.7688748858892456,54.561420626402565,0.15429999999999996,6.1181601903251375,LONG
2025-02-24,XRPUSDT,2.4309,2.6048060693351838,2.5860830543417754,1.7754622004575118,50.41016857477687,0.1575142857142857,6.479669493368123,LONG
2025-02-25,XRPUSDT,2.2064,2.566862634160404,2.5711935227989606,1.7797501387614172,39.762034372812806,0.1783857142857143,8.084921785973274,WAIT
2025-02-26,XRPUSDT,2.2749,2.5390566690022704,2.5595741689637075,1.7846770030523484,45.10307273434463,0.1815928571428571,7.982454487795381,WAIT
2025-02-27,XRPUSDT,2.1995,2.506717938621102,2.545453613318072,1.788804595061778,40.551031280919396,0.1826642857142857,8.304809534634494,WAIT
2025-02-28,XRPUSDT,2.1469,2.4724495635143304,2.5298240598546182,1.7923677334193722,23.457583547557846,0.1768071428571428,8.235462427553347,WAIT
2025-03-01,XRPUSDT,2.1511,2.4418448431796325,2.514972135938751,1.7959372087087317,19.72075108329321,0.1740071428571428,8.089216812660629,WAIT
2025-03-02,XRPUSDT,2.5984,2.4567548581149055,2.51824381688233,1.8039219130996897,45.63650360417103,0.20834285714285708,8.018121041520054,WAIT
2025-03-03,XRPUSDT,2.5981,2.4702163001992004,2.5213754319065522,1.811824182621086,48.21085317166938,0.23266428571428563,8.95517053671089,WAIT
2025-03-04,XRPUSDT,2.4035,2.4638623668468957,2.5167528659494325,1.8177115041870453,45.24073817122242,0.25159999999999993,10.468067401705843,WAIT
2025-03-05,XRPUSDT,2.4481,2.4623611890519532,2.5140605966965137,1.823984026533443,44.38416009019166,0.25631428571428566,10.469927115488977,WAIT
2025-03-06,XRPUSDT,2.6222,2.477583932951767,2.518301357610376,1.8319264740306227,48.34424083769633,0.26189999999999997,9.987796506750056,WAIT
2025-03-07,XRPUSDT,2.5035,2.4800521298135036,2.517720912213891,1.838608797672109,46.50884593590631,0.2691571428571429,10.75123398670433,WAIT
2025-03-08,XRPUSDT,2.3513,2.4677900222122178,2.511194601930993,1.8437102026703966,43.04026102662706,0.27585000000000004,11.731807936035384,WAIT
2025-03-09,XRPUSDT,2.1853,2.440886210572959,2.498414421463111,1.8471091061264127,40.7199162118957,0.2837071428571429,12.98252609971825,WAIT
2025-03-10,XRPUSDT,2.1187,2.4102018095660105,2.4835236598371067,1.8498115030803788,41.27738042020563,0.28280714285714287,13.348144751835694,WAIT
2025-03-11,XRPUSDT,2.1358,2.384068303893057,2.4698874378827105,1.8526571597661463,47.76892933889521,0.27222857142857143,12.745976750096984,WAIT
2025-03-12,XRPUSDT,2.2038,2.36689989399848,2.459452636397114,1.8561511183754384,47.75241828412468,0.27242857142857146,12.361764744013588,WAIT
2025-03-13,XRPUSDT,2.2879,2.3593760945700537,2.4527250820285995,1.8604471271478222,52.779175050301816,0.2743142857142858,11.989784768315301,WAIT
2025-03-14,XRPUSDT,2.3583,2.359273609372906,2.449022137635321,1.8654008870766996,56.57256560129337,0.2662928571428572,11.291729514601927,WAIT
2025-03-15,XRPUSDT,2.4262,2.365647551337391,2.448127151845701,1.8709809777525535,58.227166696572766,0.2690857142857143,11.090829869166363,WAIT
2025-03-16,XRPUSDT,2.2961,2.3590239750195443,2.4421653027537125,1.8752110177749162,38.84254816564554,0.23845714285714292,10.385311739782367,WAIT
2025-03-17,XRPUSDT,2.3446,2.3576502631129213,2.4383392124496455,1.8798815549114842,40.96514363104996,0.21089285714285722,8.994833111953307,WAIT
2025-03-18,XRPUSDT,2.2371,2.3461692856735956,2.430447478628091,1.8834359673004248,43.676850585195304,0.1915428571428572,8.562105276601727,WAIT
2025-03-19,XRPUSDT,2.5548,2.3660388775142054,2.435324048093656,1.890116206431764,53.35766882749072,0.20144285714285717,7.884877765103224,WAIT
2025-03-20,XRPUSDT,2.4388,2.3729685082271383,2.4354603599331206,1.895575746666274,44.00966814737394,0.19542857142857145,8.013308652967503,WAIT
2025-03-21,XRPUSDT,2.3726,2.372933412205506,2.4329952477788805,1.9003222566496942,45.57261719542718,0.18435714285714286,7.770258065293048,WAIT
2025-03-22,XRPUSDT,2.378,2.37341594437641,2.430838571395395,1.905075269021339,51.00262861434472,0.17217142857142856,7.240177820497416,WAIT
2025-03-23,XRPUSDT,2.4133,2.377214425864371,2.4301507842818504,1.9101322315186393,59.493670886075954,0.16281428571428566,6.746541487352823,WAIT
2025-03-24,XRPUSDT,2.4738,2.386413051972526,2.431862518231582,1.9157408660308917,64.86147149912111,0.1573928571428571,6.362392155503965,WAIT
2025-03-25,XRPUSDT,2.4377,2.391297523213238,2.4320914390852453,1.9209344892544649,62.437175578808585,0.14348571428571424,5.886110443685205,WAIT
2025-03-26,XRPUSDT,2.4054,2.3926406162405485,2.4310447159838633,1.9257550416001916,58.55687606112053,0.13543571428571427,5.6304861680267,WAIT
2025-03-27,XRPUSDT,2.3402,2.3876462718366867,2.427482178102143,1.9298788720320306,52.256060736778515,0.13207142857142856,5.643595785464002,WAIT
2025-03-28,XRPUSDT,2.1785,2.3677275792808117,2.4177181711177456,1.9323527141013637,42.81030070377481,0.13287142857142856,6.0992163677497615,WAIT
2025-03-29,XRPUSDT,2.1073,2.342924952682639,2.405544909505285,1.9340934831152805,37.281646326872455,0.13445714285714286,6.3805411121882445,WAIT
2025-03-30,XRPUSDT,2.1376,2.3233701952842924,2.395037265995274,1.9361184235817952,43.131987173931876,0.13317857142857142,6.230284965782721,WAIT
2025-03-31,XRPUSDT,2.1187,2.3038777957334076,2.3842005104660475,1.937935155685459,39.95374899937742,0.13747142857142855,6.4884801326959245,WAIT
2025-04-01,XRPUSDT,2.1591,2.290089434234988,2.375373039467379,1.9401358009025191,46.311010215664034,0.13612142857142856,6.304544883119288,WAIT
2025-04-02,XRPUSDT,2.1727,2.27890948811737,2.3674250771353247,1.94244987253533,24.63152303810915,0.11903571428571429,5.478699971727082,WAIT
2025-04-03,XRPUSDT,2.0056,2.252880013058573,2.3532358584241355,1.9430782320125906,23.066401392688405,0.1288214285714286,6.4230867855718285,WAIT
2025-04-04,XRPUSDT,2.1226,2.2404723927672805,2.3441913149565226,1.9448645182612216,35.38011695906434,0.13313571428571427,6.272294086766903,WAIT
2025-04-05,XRPUSDT,2.1226,2.229246450598968,2.3355014594680314,1.946633030517329,34.96939736346515,0.13420714285714289,6.322771264352347,WAIT
2025-04-06,XRPUSDT,2.0746,2.21451821720859,2.3252700296849715,1.947906333696261,30.3606633422243,0.13740000000000002,6.62296346283621,WAIT
2025-04-07,XRPUSDT,1.8745,2.1821355298553913,2.3075927736188944,1.9471759224157013,20.09182553149016,0.16194285714285714,8.639256182601073,WAIT
2025-04-08,XRPUSDT,1.905,2.1557416698691636,2.291804821712271,1.9467562614961422,23.266084512696963,0.16675,8.753280839895014,WAIT
2025-04-09,XRPUSDT,1.8287,2.1245948441673383,2.27364384831179,1.9455815723270264,22.28203402864557,0.17415714285714287,9.523549125452117,WAIT
2025-04-10,XRPUSDT,1.9338,2.106423906627592,2.2603166385740727,1.9454643427516332,31.188668765043516,0.18519999999999998,9.576998655496947,SHORT
2025-04-11,XRPUSDT,2.0015,2.0964311536154403,2.2501669664731287,1.9460219114804727,41.02616102210504,0.17984999999999998,8.985760679490381,WAIT
2025-04-12,XRPUSDT,2.1528,2.1017996151758744,2.246348654062418,1.9480794048985774,52.13354590640533,0.18179285714285712,8.44448425970165,WAIT
2025-04-13,XRPUSDT,2.1476,2.106161556587696,2.242476157824676,1.9500646844518255,50.48021513638112,0.18096428571428566,8.42634967937631,WAIT
2025-04-14,XRPUSDT,2.116,2.1070985511983915,2.237516308498218,1.9517157821189715,49.87190435525193,0.17795714285714284,8.41007291385363,WAIT
2025-04-15,XRPUSDT,2.1348,2.1097367844175925,2.233488217968876,1.9535375156302255,48.82301656495204,0.17400714285714278,8.15098102197596,WAIT
2025-04-16,XRPUSDT,2.0938,2.1082189954254407,2.2280102486367634,1.95493316224087,46.27724827781447,0.17252142857142852,8.239632656960003,WAIT
2025-04-17,XRPUSDT,2.0675,2.104340995861113,2.221715729082381,1.9560532302782745,53.36815757971488,0.15895714285714277,7.688374503368453,WAIT
2025-04-18,XRPUSDT,2.0583,2.0999561391124355,2.215307269118366,1.9570706110715257,46.0362470718777,0.15112142857142855,7.342050652063768,WAIT
2025-04-19,XRPUSDT,2.0773,2.097798411577918,2.2098952193490184,1.9582669233991723,47.27141308276113,0.14859285714285703,7.153172731086363,WAIT
2025-04-20,XRPUSDT,2.0488,2.093131896189545,2.203577759766704,1.9591677500320164,48.40858623242042,0.14448571428571425,7.052211747643218,WAIT
2025-04-21,XRPUSDT,2.1148,2.095195525123874,2.200096278991539,1.960716329633688,67.76053215077604,0.11834999999999993,5.596273879326647,WAIT
2025-04-22,XRPUSDT,2.1551,2.1009007132073148,2.1983317190310867,1.9626504955079798,68.22089465248433,0.11807857142857135,5.479029809687316,WAIT
2025-04-23,XRPUSDT,2.228,2.1130054071875706,2.1994951810298677,1.9652907890850149,79.23561282764682,0.11614999999999995,5.21319569120287,WAIT
2025-04-24,XRPUSDT,2.2126,2.1224906065030402,2.2000090954992846,1.9677515772533232,73.49966284558329,0.10676428571428564,4.825286347025473,WAIT
2025-04-25,XRPUSDT,2.2005,2.1299200725503695,2.2000283466561754,1.9700674819572703,68.5081845238095,0.10349285714285707,4.703151881065988,WAIT
2025-04-26,XRPUSDT,2.1997,2.1365657799265247,2.2000154703167176,1.9723523826343126,56.05786618444845,0.09483571428571423,4.31130219055845,WAIT
2025-04-27,XRPUSDT,2.2277,2.145245229457332,2.201101138147435,1.974893154946409,59.77067577457914,0.09362857142857137,4.202925502921011,WAIT
2025-04-28,XRPUSDT,2.274,2.1575075885566335,2.2039599170436137,1.9778693424593803,68.60574658502117,0.09664999999999993,4.25021987686895,WAIT
2025-04-29,XRPUSDT,2.2927,2.1703830563131445,2.2074399202968054,1.9810019858179935,68.59835100117785,0.09481428571428567,4.135485921153473,WAIT
2025-04-30,XRPUSDT,2.1581,2.169213241426178,2.2055050214616365,1.9827641551133368,56.2053657595059,0.10005714285714282,4.636353406104575,WAIT
2025-05-01,XRPUSDT,2.2364,2.1756119803379708,2.206716589247455,1.985287894863453,64.81319066830382,0.10174285714285711,4.549403377877709,WAIT
2025-05-02,XRPUSDT,2.2163,2.1794870298295925,2.2070924092769664,1.9875865227752594,63.59724612736658,0.10173571428571423,4.590340400023202,WAIT
2025-05-03,XRPUSDT,2.2095,2.18234540794106,2.207186824599438,1.9897946170760032,61.62095639943736,0.10249999999999994,4.63905861054537,WAIT
2025-05-04,XRPUSDT,2.1969,2.1837315595657207,2.2067834197131857,1.9918553671548491,63.393018629046814,0.10184285714285705,4.63575297659689,WAIT
2025-05-05,XRPUSDT,2.1151,2.1771952205594616,2.2031879914891395,1.9930816819095274,50.02637594513804,0.10163571428571425,4.80524392632567,WAIT
2025-05-06,XRPUSDT,2.1109,2.1708813900299893,2.199568854567997,1.994254003482567,45.85054449868569,0.09812857142857137,4.648660354757277,WAIT
2025-05-07,XRPUSDT,2.1268,2.1666831624080856,2.196715173996703,1.9955728691195567,39.36080740117742,0.09149999999999994,4.3022381041940925,WAIT
2025-05-08,XRPUSDT,2.2437,2.1740180993216014,2.198557716192911,1.998041795794984,52.69450701784785,0.09410714285714282,4.194283676834818,WAIT
2025-05-09,XRPUSDT,2.3495,2.1907306612909725,2.2044770214402476,2.001538892354238,61.10614192009542,0.10390714285714285,4.422521509135683,WAIT
2025-05-10,XRPUSDT,2.3973,2.2104039316442132,2.2120387068739635,2.0054768138233503,63.764279743661184,0.1071642857142857,4.470207554927865,WAIT
2025-05-11,XRPUSDT,2.3473,2.2234416524400022,2.2173430713102786,2.008878039556451,58.08326574749933,0.10994285714285712,4.683800841087936,LONG
2025-05-12,XRPUSDT,2.5929,2.2586281617314308,2.2320707940039934,2.014689203341959,66.97902246832075,0.12273571428571427,4.733530575252198,LONG
2025-05-13,XRPUSDT,2.5433,2.2857397653760563,2.244275860905798,2.01994901226393,62.91752577319587,0.13266428571428568,5.216226387539248,LONG
2025-05-14,XRPUSDT,2.5616,2.312012168673575,2.256719944791845,2.0253385743309553,73.6324235679981,0.12807142857142856,4.999665387704113,LONG
2025-05-15,XRPUSDT,2.4664,2.326715771657044,2.2649426920549103,2.029727245233135,63.20928095566276,0.13244999999999996,5.370175154070708,LONG
2025-05-16,XRPUSDT,2.4229,2.335876174356373,2.2711370962880513,2.033639411947233,61.55480984340044,0.1394071428571428,5.753730771271734,LONG
2025-05-17,XRPUSDT,2.333,2.3356022529890996,2.2735630925120494,2.036618124266166,56.3197216252175,0.14406428571428562,6.175065825730202,LONG
2025-05-18,XRPUSDT,2.4378,2.3453353717520424,2.2800037555507924,2.0406099837262044,61.26437856541664,0.15118571428571423,6.2017275529458615,LONG
2025-05-19,XRPUSDT,2.3494,2.345722479204229,2.282725176901742,2.0436825212015655,60.8885584162097,0.15644999999999992,6.6591470162594675,LONG
2025-05-20,XRPUSDT,2.3425,2.345415576422874,2.2850692876114773,2.046655829448316,60.73613944001482,0.15676428571428563,6.692178685775267,LONG
2025-05-21,XRPUSDT,2.3993,2.350547426287362,2.2895489233914192,2.050164726667736,62.17061188030372,0.15852142857142848,6.606986561556639,LONG
2025-05-22,XRPUSDT,2.4328,2.358381004736185,2.295166612670187,2.0539720428202957,59.12556703020943,0.1549142857142856,6.367736177009438,LONG
2025-05-23,XRPUSDT,2.3617,2.358697099523215,2.2977757651144937,2.0570340125434767,50.60914719392851,0.15334285714285703,6.4929016023566515,LONG
2025-05-24,XRPUSDT,2.3523,2.358087851949575,2.2999139704041216,2.05997198256792,47.66355140186917,0.15145714285714276,6.4386831125767445,WAIT
2025-05-25,XRPUSDT,2.2877,2.3513842470019966,2.2994349911725873,2.0622379329901297,46.95171849427169,0.14687857142857136,6.420359812412962,WAIT
2025-05-26,XRPUSDT,2.3328,2.349614318716092,2.3007434228913093,2.064930092860875,33.264702097542155,0.12979999999999994,5.564128943758571,WAIT
2025-05-27,XRPUSDT,2.3378,2.348489145505036,2.3021966219936107,2.067645216314996,35.9726962457338,0.12224999999999994,5.229275387116089,WAIT
2025-05-28,XRPUSDT,2.2528,2.3393758935521753,2.3002594995624888,2.069487552471066,30.680680680680695,0.12085714285714277,5.364752435064931,WAIT
2025-05-29,XRPUSDT,2.2764,2.3333781894043493,2.2993238329129793,2.071546382794737,36.94337548103354,0.11499999999999992,5.051836232648037,WAIT
2025-05-30,XRPUSDT,2.1836,2.3191135999372685,2.29478564338698,2.0726613441599633,34.599047496460315,0.11509285714285708,5.2707848114515965,WAIT
2025-05-31,XRPUSDT,2.173,2.305198018990862,2.290009735803177,2.0736597387454365,38.53211009174312,0.11567142857142852,5.323121425284332,WAIT
2025-06-01,XRPUSDT,2.1522,2.2906267790869705,2.2846054324383465,2.0744412338822977,26.727509778357245,0.11116428571428567,5.165146627371326,WAIT
2025-06-02,XRPUSDT,2.1594,2.278128990602497,2.27969541547998,2.0752865947391905,32.15627347858755,0.10296428571428569,4.768189576469652,WAIT
2025-06-03,XRPUSDT,2.2631,2.276697658164164,2.279044614872922,2.077155384841288,43.69040050858235,0.1056642857142857,4.669006482890093,WAIT
2025-06-04,XRPUSDT,2.2492,2.274078833577101,2.2778742378190824,2.078867271559285,37.19938597987376,0.10351428571428567,4.602271283758032,WAIT
2025-06-05,XRPUSDT,2.1928,2.266337992284044,2.2745379931987264,2.0800009305487452,30.3020354563362,0.10022142857142856,4.5704774065773695,WAIT
2025-06-06,XRPUSDT,2.1845,2.2585438977808017,2.271007091504659,2.0810407222845786,33.784773060029295,0.09694999999999997,4.438086518654153,WAIT
2025-06-07,XRPUSDT,2.1829,2.251339717039773,2.267551911445653,2.082054247435976,34.27404381730413,0.0935571428571428,4.285910616938146,WAIT
2025-06-08,XRPUSDT,2.2774,2.2538216487502707,2.2679381109968038,2.083997986267459,49.094107299912054,0.09632857142857135,4.229760754745382,WAIT
2025-06-09,XRPUSDT,2.2632,2.254714825059769,2.2677523027224193,2.085781090881713,43.52678571428569,0.09554285714285703,4.2215825884966875,WAIT
2025-06-10,XRPUSDT,2.2762,2.2567610321969336,2.268083584968599,2.0876758063953282,44.35483870967739,0.09425714285714275,4.1409868577955695,WAIT
2025-06-11,XRPUSDT,2.3258,2.2633361719877017,2.27034697379336,2.0900452013565687,57.15405723245785,0.0922357142857142,3.9657629325700485,WAIT
2025-06-12,XRPUSDT,2.2284,2.2600089175126823,2.268701994428915,2.0914218660196875,45.89041095890411,0.09392857142857136,4.215067825730181,WAIT
2025-06-13,XRPUSDT,2.1473,2.2492747348924267,2.263941131902291,2.091977867352825,46.82858640573124,0.09483571428571423,4.416509769744061,WAIT
2025-06-14,XRPUSDT,2.1491,2.2397342839502907,2.259437558102201,2.0925462467821503,47.879325643300774,0.09036428571428567,4.204750161197045,WAIT
2025-06-15,XRPUSDT,2.1645,2.232569114050263,2.255714516607997,2.0932622045256117,51.10195305500804,0.08916428571428565,4.119394119394117,WAIT
2025-06-16,XRPUSDT,2.2899,2.2380291984264282,2.2570551237998404,2.0952187995054565,59.64808516930353,0.09667142857142852,4.221644114215841,WAIT
2025-06-17,XRPUSDT,2.1795,2.2324549890524827,2.254013746395925,2.09605741841585,43.879941434846266,0.10002857142857138,4.589519221315503,WAIT
2025-06-18,XRPUSDT,2.151,2.224697371047484,2.2499739916353008,2.0966041107699214,42.96158256880732,0.10167142857142854,4.726705186956232,WAIT
2025-06-19,XRPUSDT,2.1457,2.2171738119001048,2.24588481549274,2.0970926270806687,46.357308584686784,0.10050714285714284,4.684119068702187,WAIT
2025-06-20,XRPUSDT,2.1338,2.2092334488619993,2.2414893325322405,2.0974578745724033,46.10059990770651,0.09444999999999999,4.42637548036367,WAIT
2025-06-21,XRPUSDT,2.1168,2.2004302632560946,2.236599554785878,2.097650333531882,45.03380916604057,0.09582857142857144,4.527048914804017,WAIT
2025-06-22,XRPUSDT,1.9343,2.1750845238983714,2.2247446702844713,2.0960249570788285,27.232913072329126,0.10062857142857147,5.202324945901436,SHORT
2025-06-23,XRPUSDT,1.9992,2.158333616860431,2.215899781253708,2.095061524670084,33.58617259388214,0.10450000000000005,5.227090836334536,SHORT
2025-06-24,XRPUSDT,2.1882,2.161178034302295,2.2148135153221897,2.095988275668392,45.511120179555206,0.11735000000000005,5.362855314870672,WAIT
2025-06-25,XRPUSDT,2.1815,2.163113459606838,2.213507102956614,2.0968391385970646,42.30235783633842,0.11672142857142863,5.350512425919258,WAIT
2025-06-26,XRPUSDT,2.1199,2.1589978920252344,2.2098362361740014,2.0970685999045564,43.982251802551296,0.11646428571428577,5.4938575269723,WAIT
2025-06-27,XRPUSDT,2.0979,2.1531790451656883,2.205446579853452,2.097076872542322,47.067901234567906,0.10977142857142864,5.232443327681426,WAIT
2025-06-28,XRPUSDT,2.2038,2.158000088483242,2.2053820080944933,2.0981387942085674,52.889593238246185,0.11488571428571434,5.213073522357488,WAIT
2025-06-29,XRPUSDT,2.1833,2.1604096038657903,2.2045160469927483,2.098986169390572,50.98781000420346,0.11245000000000008,5.150460312371185,WAIT
2025-06-30,XRPUSDT,2.1928,2.16349440349762,2.2040565941695034,2.0999196403419096,44.19049898288861,0.1051285714285715,4.794261739719604,WAIT
2025-07-01,XRPUSDT,2.1885,2.165875888878799,2.2034465316530523,2.100801036955423,50.616776315789465,0.10357142857142866,4.7325304350664235,WAIT
2025-07-02,XRPUSDT,2.2122,2.1702877089855797,2.20378980492156,2.1019094843489015,54.221854304635784,0.10230714285714294,4.624678729642119,WAIT
2025-07-03,XRPUSDT,2.2433,2.1772412605107627,2.205339224336401,2.1033163551514003,56.50146549427124,0.10561428571428577,4.707987594806124,WAIT
2025-07-04,XRPUSDT,2.2146,2.180799235700214,2.205702392009483,2.1044236551001427,55.264529580401344,0.10777857142857149,4.866728593360945,WAIT
2025-07-05,XRPUSDT,2.2228,2.18479930849067,2.2063728864404837,2.1056015291787484,56.9865541787503,0.10598571428571434,4.768117432324741,WAIT
2025-07-06,XRPUSDT,2.277,2.193580326729654,2.2091425771683078,2.1073069865998555,77.18546723782322,0.09840000000000004,4.321475625823454,WAIT
2025-07-07,XRPUSDT,2.3389,2.207420295612544,2.2142311035538644,2.109611394693389,77.07635899888406,0.0964571428571429,4.124038772805289,WAIT
2025-07-08,XRPUSDT,2.2862,2.2149231246018255,2.217053413218419,2.111368495243704,59.97963340122195,0.08617857142857147,3.7695114788107547,WAIT
2025-07-09,XRPUSDT,2.3818,2.2308161603540326,2.223514063680442,2.114059355987548,67.27021900327637,0.09052857142857149,3.800846898504134,LONG
2025-07-10,XRPUSDT,2.4542,2.2520908117488867,2.2325605709870913,2.1174438400075726,78.29693583883524,0.08915000000000006,3.6325482845733865,WAIT
2025-07-11,XRPUSDT,2.7724,2.301644067772802,2.253730744673872,2.123960816723915,88.02570752057723,0.12126428571428575,4.3739823154770505,WAIT
2025-07-12,XRPUSDT,2.6812,2.33779225179444,2.2704942448827397,2.1295054852142243,77.36757624398068,0.12576428571428577,4.6905969608490885,WAIT
2025-07-13,XRPUSDT,2.8381,2.3854406087663977,2.2927532941030244,2.136556176903635,82.46083680348994,0.1395,4.915260209294951,WAIT
2025-07-14,XRPUSDT,2.9469,2.4389129317410263,2.3184061060989842,2.1446192995215094,84.03285495080779,0.15496428571428572,5.258552570982582,WAIT
2025-07-15,XRPUSDT,2.8903,2.481902176337119,2.340833317624514,2.152039007983982,80.2447853818307,0.15830000000000002,5.476940110023182,WAIT
2025-07-16,XRPUSDT,2.9764,2.5289972071621554,2.3657575012470824,2.160241604919465,81.25306723376409,0.1643857142857143,5.522971182828729,WAIT
2025-07-17,XRPUSDT,3.2534,2.5979879493371882,2.400567011002099,2.171118802880465,84.39223697650661,0.1805571428571429,5.549798452607822,WAIT
2025-07-18,XRPUSDT,3.3736,2.6718557636860276,2.438725167433389,2.1830837899164806,87.14743589743588,0.2062,6.112165046241404,WAIT
2025-07-19,XRPUSDT,3.4098,2.7421361671445013,2.4768065334163936,2.195289921360098,87.37405541561711,0.2128357142857143,6.241882640791667,WAIT
2025-07-20,XRPUSDT,3.5183,2.8160565321783584,2.517649414458888,2.2084542007495496,87.79151190403701,0.21840714285714288,6.207746435981664,WAIT
2025-07-21,XRPUSDT,3.604,2.891098767208991,2.5602513982055983,2.222340228602788,87.965908408859,0.22856428571428578,6.341961312827019,WAIT
2025-07-22,XRPUSDT,3.5076,2.9498131703319443,2.597402323766163,2.2351288830445513,85.71762779272429,0.23548571428571433,6.713585194597854,WAIT
2025-07-23,XRPUSDT,3.3224,2.9852976303003307,2.625833605187098,2.24594750112371,76.13648994109147,0.25244285714285714,7.598207835987754,WAIT
2025-07-24,XRPUSDT,3.2261,3.0082311893193467,2.649373463807212,2.255700262306559,71.16766302857457,0.27245,8.445181488484549,LONG
2025-07-25,XRPUSDT,3.0375,3.0110186950984565,2.6645941122853607,2.2634793641741555,57.82606128594202,0.2534357142857143,8.343562610229279,LONG
2025-07-26,XRPUSDT,3.1921,3.0282645336605083,2.685280617685935,2.272719370500781,64.53815946730407,0.2525285714285715,7.911048257528633,LONG
2025-07-27,XRPUSDT,3.1866,3.043344101883317,2.7049402013060946,2.2818127100977885,60.85196487513234,0.24235000000000007,7.6052846293855545,LONG
2025-07-28,XRPUSDT,3.1601,3.054463711227763,2.7227896051764438,2.290551887111741,56.99750557962452,0.23656428571428578,7.485974675304129,LONG
2025-07-29,XRPUSDT,3.0987,3.058676691110833,2.7375311892871714,2.2985931618668483,56.81847925664181,0.23016428571428577,7.427769248855512,LONG
2025-07-30,XRPUSDT,3.1435,3.06675510148123,2.7534515348053215,2.3070001950821037,55.61907323962607,0.22795000000000007,7.25147128996342,LONG
2025-07-31,XRPUSDT,3.1011,3.0700260441973035,2.767084807950211,2.314901685678302,43.919188692805236,0.21698571428571434,6.997056344062247,WAIT
2025-08-01,XRPUSDT,3.0436,3.0675092780832744,2.777928540971771,2.3221524151740405,36.129791526563544,0.20312857142857152,6.673957531494662,WAIT
2025-08-02,XRPUSDT,2.83,3.044889346837248,2.7799705589728783,2.327205624973304,28.79297732260423,0.21025714285714292,7.429581019687029,WAIT
2025-08-03,XRPUSDT,2.8951,3.0306236947575105,2.7844854390131575,2.3328563152720774,26.458144454517964,0.2108714285714286,7.283735572913841,WAIT
2025-08-04,XRPUSDT,3.0313,3.0306881047806047,2.7941644414047984,2.3398060036773303,29.16090531984571,0.2073,6.838650084122325,WAIT
2025-08-05,XRPUSDT,2.9713,3.0250320948014995,2.801110933898728,2.3460895260287997,29.954399342154417,0.2036071428571429,6.852459962209906,WAIT
2025-08-06,XRPUSDT,3.0042,3.023048085772785,2.8090752110007386,2.3526378889538866,36.57837017040661,0.18565000000000006,6.179681778842956,WAIT
2025-08-07,XRPUSDT,3.0625,3.0268054109372815,2.819013438020318,2.3597011935414103,42.87083841729125,0.1683071428571429,5.4957434402332375,WAIT
2025-08-08,XRPUSDT,3.2216,3.0453572765623025,2.8348011463332465,2.3682773010683613,58.23418910457107,0.17627857142857145,5.471770903543936,LONG
2025-08-09,XRPUSDT,3.273,3.067037535937321,2.8519854151044917,2.377279516978129,53.986399921158984,0.17212142857142856,5.258827637379424,LONG
2025-08-10,XRPUSDT,3.185,3.078272056324243,2.86504481059059,2.38531653670969,49.92708713087861,0.17666428571428572,5.546759363085894,WAIT
2025-08-11,XRPUSDT,3.209,3.090722336674315,2.878533249390959,2.3935123920658126,52.2334886270211,0.17565,5.473667809286382,LONG
2025-08-12,XRPUSDT,3.2127,3.102339256991047,2.891637827846216,2.4016635125427697,55.49662487945997,0.1768,5.503159336383727,LONG
2025-08-13,XRPUSDT,3.2561,3.116983137277614,2.905930462048325,2.410165368139359,55.43646195442256,0.1775357142857143,5.452403620457427,LONG
2025-08-14,XRPUSDT,3.0962,3.1150037908702224,2.913392012556234,2.4169915833817535,49.78752926892723,0.19055714285714287,6.154548894036008,WAIT
2025-08-15,XRPUSDT,3.0269,3.106612953644487,2.9178433061814797,2.4230603238456165,49.283200274701684,0.1824857142857143,6.028798912607431,WAIT
2025-08-16,XRPUSDT,3.1036,3.1063260056783455,2.925127882409657,2.4298318629118296,63.307392996108945,0.1769857142857143,5.7025942223777,LONG
2025-08-17,XRPUSDT,3.1438,3.109894957518503,2.9337032595700627,2.436936023479871,62.39657063104377,0.1689714285714286,5.374751211000337,LONG
2025-08-18,XRPUSDT,3.0158,3.100933532992931,2.9369227395869233,2.4426958640422605,49.22102723891849,0.16976428571428578,5.629162600778758,WAIT
2025-08-19,XRPUSDT,2.9296,3.084616053660271,2.9366355733286125,2.447540681315472,47.958084418764095,0.17115000000000008,5.842094483888588,WAIT
2025-08-20,XRPUSDT,2.904,3.067414524740245,2.9353557469235687,2.4520825650834777,45.0581968830144,0.17187857142857152,5.918683589138138,WAIT
2025-08-21,XRPUSDT,2.8875,3.050279808098317,2.933479050965782,2.456415076873692,40.99794238683129,0.17137857142857152,5.93518862090291,WAIT
2025-08-22,XRPUSDT,3.0169,3.04710077875562,2.93675046073183,2.461992041282909,39.13827867982597,0.16332142857142867,5.413551280169335,WAIT
2025-08-23,XRPUSDT,3.0187,3.044395942683656,2.9399641681541113,2.467531423956711,35.75669317799931,0.1639214285714287,5.43019937626888,WAIT
2025-08-24,XRPUSDT,3.0144,3.0415391862375936,2.942883220383362,2.472972902325301,39.45611866501854,0.16003571428571436,5.309040415529271,WAIT
2025-08-25,XRPUSDT,2.9538,3.0331830732625846,2.943311329387936,2.477757251555895,34.91012298959319,0.16236428571428582,5.4967934766837905,WAIT
2025-08-26,XRPUSDT,2.9331,3.023651351999481,2.9429108850982133,2.4822880251722546,33.793183399026205,0.1638857142857144,5.587457443855117,WAIT
2025-08-27,XRPUSDT,3.0169,3.0230083660947686,2.9458124190159305,2.4876075473098442,36.75526024363234,0.16554285714285727,5.487184100992982,WAIT
2025-08-28,XRPUSDT,2.9817,3.0190742359905047,2.947219775132953,2.4925238901226816,42.644224592059615,0.14645000000000014,4.911627594996148,WAIT
2025-08-29,XRPUSDT,2.8345,3.0014957373247424,2.9427993917944058,2.495926637484645,38.76430740481196,0.1500357142857144,5.293198598896258,WAIT
2025-08-30,XRPUSDT,2.8068,2.9829532861509573,2.9374660823122722,2.499019904773355,31.615460852329022,0.14517857142857155,5.172387467171567,WAIT
2025-08-31,XRPUSDT,2.8222,2.9676434493746755,2.9329458437902223,2.502235627113919,29.447852760736183,0.14570714285714295,5.162892171254445,WAIT
2025-09-01,XRPUSDT,2.7625,2.9481059780056587,2.926261693053351,2.504825322366517,32.26438874107269,0.14076428571428576,5.095539754363285,WAIT
2025-09-02,XRPUSDT,2.7905,2.933095884862263,2.9209377050904743,2.507667856472323,39.39624942826651,0.1392071428571429,4.988609312207235,WAIT
2025-09-03,XRPUSDT,2.8723,2.927305800589666,2.919030344106534,2.5112960370049366,47.77418901839631,0.13833571428571428,4.816200058688656,WAIT
2025-09-04,XRPUSDT,2.8104,2.9161719148192216,2.91477033061216,2.5142721958407086,44.9108910891089,0.13499285714285716,4.803332520027653,WAIT
2025-09-05,XRPUSDT,2.8148,2.9065174467412005,2.9108499254901146,2.517262522250254,34.02371541501975,0.1239857142857143,4.404778822144177,WAIT
2025-09-06,XRPUSDT,2.8021,2.8965729280039434,2.906585222529718,2.520096726008958,33.16754740441405,0.11890714285714288,4.243501047683626,WAIT
2025-09-07,XRPUSDT,2.9001,2.8969088396226153,2.906330900077572,2.5238778531133463,42.24664224664225,0.12207142857142861,4.2092144605851045,WAIT
2025-09-08,XRPUSDT,2.9856,2.9053556168014136,2.909439492231393,2.528472103331124,52.08661417322832,0.11757142857142859,3.9379497779819332,WAIT
2025-09-09,XRPUSDT,2.9471,2.909331272344136,2.9109163748889855,2.532637555039272,50.89766606822261,0.11447142857142859,3.884205780985667,WAIT
2025-09-10,XRPUSDT,3.0025,2.9182044845018376,2.9145078895992214,2.5373128032478367,49.04178866116582,0.1096642857142857,3.6524324967289163,WAIT
2025-09-11,XRPUSDT,2.9949,2.9255088193111862,2.917660521379644,2.5418659096831817,50.91185410334345,0.1090857142857143,3.642382526485502,LONG
2025-09-12,XRPUSDT,3.0277,2.935241312710121,2.9219757950510306,2.5467000797360857,65.85165736790287,0.1020357142857143,3.3700734645346073,LONG
2025-09-13,XRPUSDT,3.1333,2.9541040448329667,2.93026301877452,2.5525368948630898,73.75236432416703,0.1075857142857143,3.433623154045712,LONG
2025-09-14,XRPUSDT,3.0314,2.961465564372684,2.9342291749010094,2.5573017018793776,63.51770483329026,0.11200000000000003,3.694662532163358,LONG
2025-09-15,XRPUSDT,3.0275,2.9677545582419524,2.9378868543166563,2.5619802919104284,68.45403899721444,0.11029285714285719,3.6430340922496183,LONG
2025-09-16,XRPUSDT,3.0393,2.974568409837957,2.9418638404218855,2.5667297417421655,67.72584781989167,0.10582142857142861,3.4817697684147206,LONG
2025-09-17,XRPUSDT,3.0227,2.9791523708057706,2.945033885895537,2.5712667592372687,61.8127552623311,0.10230714285714293,3.3846277452986713,LONG
2025-09-18,XRPUSDT,3.1134,2.991937859300459,2.951636478605516,2.576661119841873,72.76825969341746,0.10859285714285723,3.4879185823491117,LONG
2025-09-19,XRPUSDT,3.0103,2.993686634605177,2.95393700885628,2.5809759345698144,62.79282816385289,0.11055000000000008,3.672391456001066,LONG
2025-09-20,XRPUSDT,2.9893,2.9932688598808745,2.9553237928227003,2.5850388605939956,62.118073537027456,0.10962142857142866,3.6671270388194115,LONG
2025-09-21,XRPUSDT,2.9798,2.991986111320791,2.9562836440845555,2.588966832130374,55.82687527416287,0.10361428571428578,3.4772228241588627,LONG
2025-09-22,XRPUSDT,2.8602,2.9794350530997633,2.952515658042024,2.591665669621614,41.2674094707521,0.11429285714285722,3.9959743074909877,WAIT
2025-09-23,XRPUSDT,2.8766,2.9696412385188333,2.949538573412925,2.5945008370880656,44.93461704267855,0.11303571428571435,3.9294901719291646,WAIT
2025-09-24,XRPUSDT,2.9404,2.966856358659897,2.9491801979849672,2.5979426198036073,45.5913673150646,0.11835714285714292,4.025205511397869,WAIT
2025-09-25,XRPUSDT,2.8312,2.9539367054541925,2.9445535235541844,2.6002635887607854,39.84365305869216,0.1273571428571429,4.49834497234893,WAIT
2025-09-26,XRPUSDT,2.7353,2.9331141620776027,2.936347503022648,2.6016072346437626,33.17606444188725,0.1313714285714286,4.802816092254181,WAIT
2025-09-27,XRPUSDT,2.7842,2.918931860927355,2.930380934276662,2.603424078080143,28.51163363289423,0.12521428571428575,4.497316489989432,WAIT
2025-09-28,XRPUSDT,2.8107,2.908624064648559,2.925687564305028,2.6054865250644204,35.025105170308066,0.12047857142857146,4.286425852227967,WAIT
2025-09-29,XRPUSDT,2.894,2.9072312965867915,2.9244449147244387,2.608357305909551,41.82285924292541,0.12122142857142859,4.188715569157864,WAIT
2025-09-30,XRPUSDT,2.8279,2.899675935007097,2.920658839637206,2.6105418103283613,37.85894785205606,0.12239285714285716,4.328047566846677,WAIT
2025-10-01,XRPUSDT,2.9419,2.9036972745302303,2.9214918263181,2.6138389067430046,45.82644628099173,0.12870714285714288,4.374966615355481,WAIT
2025-10-02,XRPUSDT,2.9917,2.912078486479732,2.9242450880311157,2.6175987186162084,43.43652248948333,0.12287857142857142,4.10731595509481,WAIT
2025-10-03,XRPUSDT,3.0692,2.927042440148329,2.9299295943828367,2.6220922637046042,53.266777592900716,0.1213357142857143,3.953333581575469,WAIT
2025-10-04,XRPUSDT,2.9497,2.929200302991345,2.9307049044070395,2.6253520421752055,48.01999999999999,0.12862857142857145,4.3607340213774775,WAIT
2025-10-05,XRPUSDT,3.0128,2.9371621788969313,2.933924319920489,2.6292072457356515,51.566059225512525,0.1344071428571429,4.4612036264319865,LONG
2025-10-06,XRPUSDT,3.0312,2.946118161859128,2.937739052472627,2.6332071736387794,58.97732045359094,0.11990714285714286,3.9557648079025753,LONG
2025-10-07,XRPUSDT,2.8847,2.94026881311064,2.935659089630563,2.635709589821478,50.374133949191695,0.12815000000000001,4.442403022844664,LONG
2025-10-08,XRPUSDT,2.866,2.9331955928143882,2.932927360625443,2.638001036688926,46.414112203585894,0.12178571428571432,4.249327086033298,WAIT
2025-10-09,XRPUSDT,2.8024,2.9207388696892083,2.927808640600916,2.639636847269136,48.5480943738657,0.11667857142857148,4.163523102646713,WAIT
2025-10-10,XRPUSDT,2.7417,2.9036875487664267,2.920510262538135,2.640652401027652,50.33451808488395,0.1155928571428572,4.21610158452264,WAIT
2025-10-11,XRPUSDT,2.4783,2.86317444888391,2.9031686836150707,2.639036954251258,36.93962940824866,0.21797142857142862,8.795199474294018,SHORT
2025-10-12,XRPUSDT,2.4885,2.8274911680378234,2.886907166610558,2.6375390741094544,36.049532386560436,0.2277214285714286,9.150951519848446,SHORT
2025-10-13,XRPUSDT,2.5873,2.804615818700888,2.8751578659591637,2.6370391828247834,36.89652225924975,0.22990714285714292,8.885987046617823,SHORT
2025-10-14,XRPUSDT,2.4974,2.7753571693008037,2.8603438319999808,2.635649738219562,36.16112553387487,0.24100714285714295,9.650322049216904,SHORT
2025-10-15,XRPUSDT,2.4333,2.7427802960340606,2.8435970150588052,2.6336363079885214,27.77486453417235,0.23955714285714289,9.844948952333986,SHORT
2025-10-16,XRPUSDT,2.3554,2.7058869345070073,2.8244520340761072,2.630867787511024,22.86104239529132,0.24329285714285717,10.329152464246292,WAIT
2025-10-17,XRPUSDT,2.3008,2.6673072264587208,2.8039166601907697,2.6275835309188746,16.573864625021756,0.2502357142857143,10.876030697397178,WAIT
2025-10-18,XRPUSDT,2.3488,2.6369732048912238,2.786068948026426,2.624809565437095,22.126356804898435,0.2473857142857143,10.532429933826391,WAIT
2025-10-19,XRPUSDT,2.4008,2.6144805187111073,2.7709603618293115,2.6225806145372235,21.316085489313835,0.24486428571428576,10.199278811824634,WAIT
2025-10-20,XRPUSDT,2.4628,2.600034755024335,2.758875641757574,2.620990757676157,24.405619596541783,0.24760000000000001,10.053597531265227,WAIT
2025-10-21,XRPUSDT,2.5223,2.5926314450220174,2.749598165610218,2.6200087600873396,32.294313074066835,0.24411428571428573,9.678241514264192,SHORT
2025-10-22,XRPUSDT,2.4004,2.5743236883532536,2.7359041199000136,2.617823598295426,29.33605538789277,0.25031428571428577,10.428023900778445,SHORT
2025-10-23,XRPUSDT,2.4083,2.5585119085100865,2.7230568995117777,2.6157387863720887,31.59958913063778,0.2471071428571429,10.260646217545276,SHORT
2025-10-24,XRPUSDT,2.4793,2.5509679172234114,2.713497805413277,2.61438118650769,37.86533481317055,0.24800000000000003,10.00282337756625,SHORT
2025-10-25,XRPUSDT,2.5978,2.5554281155830867,2.7089606365735404,2.6142161995772653,56.38150165545232,0.15156428571428573,5.8343323471508866,WAIT
2025-10-26,XRPUSDT,2.641,2.563577818860888,2.7062955135706566,2.6144827050541086,57.86650159909213,0.14242857142857143,5.392978850002705,WAIT
2025-10-27,XRPUSDT,2.6612,2.5728751694455654,2.704527062058082,2.614947553760038,54.14842258897497,0.13690714285714287,5.144564213781109,WAIT
2025-10-28,XRPUSDT,2.636,2.5788870580697973,2.7018397262910985,2.615157030837053,58.389830508474596,0.12525,4.751517450682853,WAIT
2025-10-29,XRPUSDT,2.6266,2.5834311477774357,2.698889148789487,2.615270891226734,62.5307921690652,0.12442857142857146,4.737248588615376,WAIT
2025-10-30,XRPUSDT,2.4539,2.5710948479891083,2.689281731189899,2.6136652107170155,55.686410345225724,0.1306071428571429,5.3224313483492764,WAIT
2025-10-31,XRPUSDT,2.5238,2.5665905767520503,2.6827922515353935,2.6127710295158515,62.65032902201043,0.12801428571428577,5.072283291635065,WAIT
2025-11-01,XRPUSDT,2.5016,2.5604009980137596,2.6756866730438094,2.611664850117684,58.929406264609604,0.12548571428571434,5.016218191785831,WAIT
2025-11-02,XRPUSDT,2.5004,2.5546866172505442,2.6688126858656207,2.61055773718119,56.18787276341949,0.12315714285714287,4.925497634664168,WAIT
2025-11-03,XRPUSDT,2.3279,2.5330878917981114,2.6554435609297142,2.6077452223833673,42.630831421391896,0.13095714285714286,5.625548471031524,SHORT
2025-11-04,XRPUSDT,2.2829,2.509260473531625,2.640834009520706,2.6045129316133835,36.711811722912984,0.13193571428571427,5.779303267147674,SHORT
2025-11-05,XRPUSDT,2.2764,2.487083285576232,2.6265424797355803,2.601248126323698,42.105933282403896,0.1368785714285714,6.012940231443129,SHORT
2025-11-06,XRPUSDT,2.2343,2.4630086869499244,2.611160421706734,2.597596901186149,39.38506588579796,0.14360714285714282,6.427388571684323,SHORT
2025-11-07,XRPUSDT,2.2129,2.4391888120023126,2.595542365953529,2.5937690713236004,32.70129870129871,0.14079999999999998,6.362691490803922,SHORT
2025-11-08,XRPUSDT,2.2559,2.421732734668759,2.582223057484763,2.590407190016898,25.38516918646512,0.1416142857142857,6.277507234996485,SHORT
2025-11-09,XRPUSDT,2.3145,2.4115200932717347,2.571724114053988,2.5876618448426005,27.003803352584868,0.1430428571428571,6.180291948276393,SHORT
2025-11-10,XRPUSDT,2.5296,2.4227657986744267,2.5700721880126554,2.587084115043172,42.727674624226346,0.1569642857142857,6.205103008945513,SHORT
2025-11-11,XRPUSDT,2.4368,2.4241023892768623,2.564845827698434,2.585588750714384,39.75730152200739,0.1613,6.619336835193697,SHORT
2025-11-12,XRPUSDT,2.3684,2.418797399821923,2.5571420697494758,2.5834276686177238,37.483032770990896,0.15939285714285711,6.729980456969141,SHORT
2025-11-13,XRPUSDT,2.4348,2.42032145698174,2.552344341524006,2.5819487863429207,48.96767916981949,0.15898571428571426,6.529723767279212,SHORT
2025-11-14,XRPUSDT,2.3127,2.41007179441205,2.542946524209339,2.5792696939414985,39.199836283638604,0.1621285714285714,7.010358949650685,SHORT
2025-11-15,XRPUSDT,2.2549,2.3952935282775694,2.5316505820834827,2.576042134797802,37.82209497482478,0.16479999999999997,7.308528094372255,SHORT
2025-11-16,XRPUSDT,2.187,2.3754560493939914,2.5181348729821695,2.5721710687799133,35.485364949981474,0.16709285714285713,7.6402769612646155,SHORT
2025-11-17,XRPUSDT,2.2094,2.3596411875469445,2.5060276230613003,2.568561406403994,43.625605164066705,0.16082142857142853,7.27896390746033,SHORT
2025-11-18,XRPUSDT,2.2136,2.345732503018664,2.494559873137328,2.5650294521114168,46.10104647237537,0.15778571428571428,7.128013836542929,SHORT
2025-11-19,XRPUSDT,2.0859,2.3209865503502196,2.4785339957593937,2.5602619948764773,40.568373106248146,0.1529357142857143,7.331881407819853,SHORT
2025-11-20,XRPUSDT,2.0855,2.2985592598406748,2.4631208978864763,2.555537994927458,42.31563726502789,0.14845714285714287,7.118539575983834,SHORT
2025-11-21,XRPUSDT,1.9111,2.2616583779510866,2.441473019537987,2.549125676569971,36.54120585087408,0.16055,8.400920935586836,SHORT
2025-11-22,XRPUSDT,1.9291,2.2299861514795545,2.421379959948262,2.542956266852857,35.09396095602993,0.15632142857142858,8.103334641616742,SHORT
2025-11-23,XRPUSDT,2.0625,2.2140350894338825,2.4073062360287225,2.538175607481187,39.23996584116142,0.16069285714285717,7.791168831168832,SHORT
2025-11-24,XRPUSDT,2.0908,2.2022984142497033,2.3948942267726943,2.5337241088992846,27.70778297094091,0.1472357142857143,7.042075487168274,SHORT
2025-11-25,XRPUSDT,2.1884,2.2009747557497317,2.386796413958079,2.530288048114217,37.4418604651163,0.15044285714285713,6.874559364963312,SHORT
2025-11-26,XRPUSDT,2.172,2.1982152552021383,2.378373025175409,2.5267229929091006,39.51974386339383,0.14952857142857143,6.884372533543804,SHORT
2025-11-27,XRPUSDT,2.2028,2.1986518975638396,2.371487808501864,2.5234998785517964,37.13112935433769,0.14050714285714289,6.378570131520924,SHORT
2025-11-28,XRPUSDT,2.2453,2.203094573986331,2.3665392669919867,2.520731720556256,45.89924555853005,0.13273571428571432,5.91171399303943,SHORT
2025-11-29,XRPUSDT,2.2186,2.204571281225728,2.360737727109948,2.5177254347795768,47.70456557480712,0.13125000000000003,5.915892905435862,SHORT
2025-11-30,XRPUSDT,2.1966,2.2038121115851825,2.3543009534977934,2.514530156821571,50.64446831364126,0.12714285714285717,5.7881661268714,WAIT
2025-12-01,XRPUSDT,2.0073,2.1850966723865937,2.340693072968468,2.5094830905845407,38.916310189755386,0.13282857142857143,6.617275515795917,SHORT
2025-12-02,XRPUSDT,2.1554,2.1822684178735847,2.3334266779500967,2.5059598757528536,47.24327396741191,0.13680714285714285,6.347181166240273,SHORT
2025-12-03,XRPUSDT,2.1689,2.1809952352189574,2.3269746513638183,2.502606046143373,54.40832802209474,0.13129285714285713,6.053430639626407,WAIT
2025-12-04,XRPUSDT,2.1529,2.1783194985314376,2.32014819444759,2.4991263839926927,53.52142110762799,0.12949999999999998,6.015142366110827,WAIT
2025-12-05,XRPUSDT,2.076,2.1685747843855863,2.3105737554496453,2.494916171216646,59.59278650378128,0.11788571428571427,5.678502614918799,WAIT
2025-12-06,XRPUSDT,2.0299,2.1553676620631497,2.2995669415104434,2.490289144637376,55.678233438485805,0.11450714285714284,5.641023836501445,WAIT
2025-12-07,XRPUSDT,2.0527,2.1455897894857068,2.289885884980622,2.4859350237952134,49.36936936936939,0.10941428571428567,5.33026188504339,SHORT
2025-12-08,XRPUSDT,2.0756,2.138924095248973,2.2814825169421664,2.4818520882350623,49.015033696215646,0.11139285714285709,5.366778625113562,SHORT
2025-12-09,XRPUSDT,2.1156,2.1367027528443088,2.2749773201993366,2.4782077888496388,44.90196078431372,0.10271428571428567,4.855090079139992,SHORT
2025-12-10,XRPUSDT,2.0618,2.129569157335327,2.266617425289559,2.474064427766558,42.6670215597551,0.10623571428571425,5.152571262281223,SHORT
2025-12-11,XRPUSDT,1.9968,2.1169244756843435,2.2560363497880074,2.4693155279877863,36.889002036659875,0.10984999999999993,5.50130208333333,SHORT
2025-12-12,XRPUSDT,1.9785,2.1037411922858347,2.2451525713649483,2.464431791390893,32.479642763330716,0.10834999999999993,5.476370988122311,SHORT
2025-12-13,XRPUSDT,2.0299,2.0967086977824216,2.236711294056519,2.4601080919740683,37.99771021498538,0.10689285714285705,5.265917392130501,SHORT
2025-12-14,XRPUSDT,1.9913,2.0866697741840956,2.227087321740577,2.455443334839998,37.21190980441011,0.10737857142857134,5.392385448127923,SHORT
2025-12-15,XRPUSDT,1.9256,2.0713297956903722,2.2152642895154564,2.4501712618565157,43.98468561331174,0.09809999999999992,5.094515995014537,SHORT
2025-12-16,XRPUSDT,1.9411,2.058926958005575,2.2045127487501444,2.445105876166401,30.393412625800536,0.09227142857142849,4.753563884984209,SHORT
2025-12-17,XRPUSDT,1.9114,2.0448767715288536,2.1930181311520998,2.4397953699358896,27.119246490136874,0.0927214285714285,4.850969371739484,SHORT
2025-12-18,XRPUSDT,1.9197,2.0329551742403913,2.1822997730677036,2.43462029162807,28.990990990991023,0.0932214285714285,4.856041494578762,SHORT
2025-12-19,XRPUSDT,1.8755,2.017959443360354,2.17026840941799,2.4290569056417213,30.80605016274174,0.09648571428571422,5.144532886468367,SHORT
2025-12-20,XRPUSDT,1.9214,2.008763305897463,2.160508863950618,2.4240055931477738,39.60927025474048,0.09791428571428566,5.095986557420925,SHORT
2025-12-21,XRPUSDT,1.9049,1.998871562478657,2.1504849869329465,2.418840363365209,35.67274137262504,0.09581428571428567,5.029885333313333,SHORT
2025-12-22,XRPUSDT,1.9341,1.9927028422425945,2.1419993011708702,2.4140170761675455,36.448956138670745,0.0914142857142857,4.726450840922688,SHORT
2025-12-23,XRPUSDT,1.8815,1.9821120953623474,2.1317836423014245,2.408718398792744,28.1092201234337,0.09152857142857142,4.864659656049504,SHORT
2025-12-24,XRPUSDT,1.8634,1.9708061815183144,2.1212587935837215,2.4032923450734134,30.12024048096194,0.08693571428571427,4.66543491927199,SHORT
2025-12-25,XRPUSDT,1.8829,1.962434164230856,2.1119113899137716,2.398114311789101,37.442116868798266,0.08021428571428571,4.260145823691418,SHORT
2025-12-26,XRPUSDT,1.8382,1.9506023390660125,2.101177609917153,2.3925430251046325,35.38237132735989,0.07817857142857143,4.252995943236396,SHORT
2025-12-27,XRPUSDT,1.8495,1.9409735448692493,2.0913078997243235,2.387139611919512,29.490677580718497,0.07474285714285715,4.041246668983896,SHORT
2025-12-28,XRPUSDT,1.8701,1.9342236834531303,2.0826330801272914,2.3819949391640938,35.63300142247512,0.07402857142857146,3.958535448830087,SHORT
2025-12-29,XRPUSDT,1.8655,1.9276785707433084,2.0741180573772016,2.376855686038083,41.66897698918769,0.07135000000000002,3.8247118734923626,SHORT
2025-12-30,XRPUSDT,1.8776,1.9229091830534695,2.066411466891821,2.3718879677690476,41.113909879652944,0.06695714285714287,3.5661026234098245,SHORT
2025-12-31,XRPUSDT,1.8594,1.9168606894293294,2.0582933701509654,2.3667885850051764,42.4812030075188,0.0628214285714286,3.3785860262142946,SHORT
2026-01-01,XRPUSDT,1.8628,1.9117120523408218,2.0506269634783787,2.36177377321408,41.654444118509836,0.059121428571428596,3.173793674652598,SHORT
2026-01-02,XRPUSDT,1.9184,1.912348999736934,2.0454415923615796,2.357362093878617,56.08856088560887,0.05335714285714287,2.7813356368402244,WAIT
2026-01-03,XRPUSDT,2.0064,1.921306237857226,2.0439105495238707,2.3538699337405213,60.77586206896553,0.05729285714285713,2.855505240373661,WAIT
2026-01-04,XRPUSDT,2.0905,1.9374199294898713,2.0457375867974443,2.3512493373848944,70.08658008658008,0.06222142857142857,2.9763897905490824,WAIT
2026-01-05,XRPUSDT,2.1652,1.959113269538455,2.0504223873151917,2.3493981001969853,72.76847290640393,0.0656,3.029743210788842,WAIT
2026-01-06,XRPUSDT,2.3491,1.996254862915745,2.0621352348714588,2.349395134025871,86.59987476518471,0.07795714285714285,3.3185961796919186,WAIT
2026-01-07,XRPUSDT,2.1955,2.0152305902571026,2.0673652256608133,2.3478638391599422,71.44517628826037,0.08609285714285717,3.9213325958942002,WAIT
2026-01-08,XRPUSDT,2.1271,2.0258848197564263,2.0697077658309775,2.345667184043923,64.83236151603498,0.09455000000000001,4.445019040007522,WAIT
2026-01-09,XRPUSDT,2.1176,2.0346195988272426,2.0715858926611355,2.343397858829556,67.72842639593907,0.09718571428571428,4.589427384100599,WAIT
2026-01-10,XRPUSDT,2.093,2.040179637034172,2.072425661576385,2.340906337846177,65.19405965306376,0.10023571428571429,4.789092894682957,WAIT
2026-01-11,XRPUSDT,2.0893,2.0448577668404413,2.0730874003380957,2.3384027921959665,63.9724630290668,0.09962142857142856,4.768172525316065,WAIT
2026-01-12,XRPUSDT,2.0941,2.049547503331828,2.073911423854249,2.335971918641778,64.56793270456285,0.10017857142857142,4.783848499525878,WAIT
2026-01-13,XRPUSDT,2.0987,2.0542286934907015,2.0748835248795725,2.3336110040284272,64.22596834384251,0.10253571428571429,4.885677528265797,WAIT
2026-01-14,XRPUSDT,2.1563,2.063949770301111,2.0780763278254715,2.3318467154311295,68.1812614819351,0.10789285714285714,5.003610682319582,WAIT
2026-01-15,XRPUSDT,2.0956,2.0669640778914813,2.0787635306558454,2.3294960018447504,63.32112611581599,0.11165714285714287,5.328170588716494,WAIT
2026-01-16,XRPUSDT,2.0325,2.0636817847589595,2.0769492745516946,2.3265408177467926,56.473391580619555,0.11204285714285714,5.512563697065541,WAIT
2026-01-17,XRPUSDT,2.0817,2.0653978052581063,2.0771355775104516,2.324104590704536,54.468842729970326,0.10581428571428574,5.083070841825706,WAIT
2026-01-18,XRPUSDT,2.0507,2.063998014281144,2.0760988881963165,2.3213841470159338,47.47909804915125,0.09970000000000002,4.861754522845859,WAIT
2026-01-19,XRPUSDT,1.9816,2.0561505843496066,2.07239304944352,2.3180032102297057,38.28782852768562,0.10840000000000002,5.470327008477999,WAIT
2026-01-20,XRPUSDT,1.9174,2.0429362429829774,2.0663148906418134,2.3140171086353805,17.49736485469053,0.09897857142857146,5.1621243052347685,WAIT
2026-01-21,XRPUSDT,1.9579,2.0348375531750746,2.0620633263029187,2.310473654818113,28.43920145190559,0.09320714285714285,4.760567079888802,WAIT
2026-01-22,XRPUSDT,1.9146,2.023386357634591,2.0562804507616277,2.3065346134766394,29.796539266020133,0.09042857142857143,4.723105161839101,WAIT
2026-01-23,XRPUSDT,1.9215,2.0136828950027255,2.050994942888623,2.302703423292792,31.263137779476367,0.0870214285714286,4.528827924612469,WAIT
2026-01-24,XRPUSDT,1.9128,2.004075000240561,2.045575533363579,2.298823787240128,32.24280646432793,0.08620000000000001,4.506482643245505,SHORT
2026-01-25,XRPUSDT,1.8878,1.993001190693841,2.0393882575453994,2.2947339983123656,30.943824475127613,0.08702857142857144,4.610052517669851,SHORT
2026-01-26,XRPUSDT,1.9255,1.986572505865856,2.0349220513671487,2.2910600281799045,34.98931623931621,0.09152857142857145,4.753496308936455,SHORT
2026-01-27,XRPUSDT,1.8932,1.9776798862595841,2.0293643238625547,2.2871012219293583,32.56405905311385,0.09122857142857144,4.818749811354925,SHORT
2026-01-28,XRPUSDT,1.9077,1.9710151351872427,2.0245931739071605,2.2833260853927477,27.242768216770415,0.08822142857142858,4.624491721519557,SHORT
2026-01-29,XRPUSDT,1.8017,1.954889884217029,2.0158522651264876,2.278533786035606,25.15638207945898,0.09092142857142858,5.046424408693377,SHORT
2026-01-30,XRPUSDT,1.7583,1.9361670381011216,2.005752176297998,2.273357330453162,26.02308499475339,0.09507142857142858,5.407008392846987,SHORT
2026-01-31,XRPUSDT,1.6352,1.9075035106629195,1.991220718403959,2.2670075062695485,15.425120024779304,0.10355,6.332558708414873,WAIT
2026-02-01,XRPUSDT,1.5949,1.8777317477426414,1.9756787294469411,2.2603198693912447,15.206106870228993,0.1135,7.116433632202646,WAIT
2026-02-02,XRPUSDT,1.6424,1.8553192003385803,1.9626089753509828,2.2541714129793915,23.22387117145564,0.10675714285714286,6.500069584580056,WAIT
2026-02-03,XRPUSDT,1.6184,1.8327554669730013,1.9491105841607481,2.247845329268154,24.797707349966274,0.10369285714285714,6.40712167219829,WAIT
2026-02-04,XRPUSDT,1.5439,1.8052454224993821,1.9332199730171895,2.2408408981311574,16.996173469387756,0.10480714285714285,6.788467054676005,WAIT
2026-02-05,XRPUSDT,1.2967,1.7568125251184885,1.908258405447888,2.2314464613338325,12.826374684153535,0.11687142857142856,9.01298901607377,WAIT
2026-02-06,XRPUSDT,1.5131,1.7336018084405371,1.892761997391108,2.2242987353504113,30.376705746684593,0.14390714285714284,9.510748982693997,SHORT
2026-02-07,XRPUSDT,1.4108,1.7028587790652479,1.8738615269051824,2.2162042205708055,27.869864221477698,0.15040714285714282,10.661124387378992,SHORT
2026-02-08,XRPUSDT,1.4404,1.6778627048685575,1.8568630356539988,2.2084847755900014,30.356515630488232,0.1522642857142857,10.570972348950688,SHORT
2026-02-09,XRPUSDT,1.4462,1.655799590119171,1.8407586028832539,2.2008998524498025,28.34944439425422,0.14907857142857142,10.308295631902325,SHORT
2026-02-10,XRPUSDT,1.407,1.6321043910602024,1.8237484615937145,2.1930003514304017,28.173819357155665,0.1495571428571429,10.629505533556708,SHORT
2026-02-11,XRPUSDT,1.3541,1.6056277823878022,1.8053308748645494,2.18465308425199,25.97639298732858,0.15076428571428568,11.133910768354308,SHORT
2026-02-12,XRPUSDT,1.3759,1.5837489459699163,1.788490448399273,2.1766057898813234,30.06554307116103,0.14505714285714283,10.542709706893149,SHORT
2026-02-13,XRPUSDT,1.4046,1.566687141591829,1.7734359210110662,2.168924140230763,33.20991170606665,0.1410142857142857,10.039462175301558,SHORT
2026-02-14,XRPUSDT,1.469,1.5573836042973692,1.761497257442005,2.1619597209249846,41.64488236476975,0.13437857142857143,9.14762228921521,SHORT
2026-02-15,XRPUSDT,1.5237,1.5541756419833341,1.7521718747972204,2.1556088779307063,46.471754212091184,0.1369928571428571,8.990802463927091,SHORT
2026-02-16,XRPUSDT,1.4743,1.5465684379849214,1.7412749385306627,2.1488296851154756,41.68562666930457,0.1337642857142857,9.073070997374055,SHORT
2026-02-17,XRPUSDT,1.4571,1.5380476343673097,1.7301308232941661,2.141946802676516,41.96793148092819,0.13304999999999995,9.131150916203413,SHORT
2026-02-18,XRPUSDT,1.4765,1.5321859549037564,1.7201845164983165,2.135325441455854,46.44889357218124,0.12850714285714285,8.703497653717768,SHORT
2026-02-19,XRPUSDT,1.3975,1.5193587211033988,1.7075302217336767,2.1279838947747014,56.45491803278689,0.11440714285714283,8.186557628418093,WAIT
2026-02-20,XRPUSDT,1.429,1.5107531286173608,1.6966074679401992,2.1210288311451024,42.9434468870616,0.08769285714285713,6.136659002299309,SHORT
2026-02-21,XRPUSDT,1.4502,1.504986163987136,1.6869444299817602,2.114353917402365,53.82672882672882,0.08107857142857142,5.590854463423764,WAIT
2026-02-22,XRPUSDT,1.3934,1.4943589102740755,1.6754328837079657,2.107180246582441,45.664206642066425,0.08114999999999999,5.823884024687813,SHORT
2026-02-23,XRPUSDT,1.3709,1.4826009188194016,1.6634904176802023,2.099854074974656,43.26114193663862,0.0814642857142857,5.942394464533204,SHORT
2026-02-24,XRPUSDT,1.3516,1.4701246408366015,1.6512594209084297,2.0924087607958035,44.858945805493676,0.08110714285714285,6.0008244197353395,SHORT
2026-02-25,XRPUSDT,1.441,1.46735086551883,1.6430139534218247,2.0859270815839053,57.55258126195028,0.08273571428571427,5.741548527808068,WAIT
2026-02-26,XRPUSDT,1.4212,1.4629555449932272,1.6343153670131256,2.0793128817671502,53.95081109366824,0.0841357142857143,5.920047444815248,WAIT
2026-02-27,XRPUSDT,1.3573,1.4528931121367294,1.6234520192871207,2.072128673988373,46.11339359079703,0.08399285714285716,6.188230836429468,SHORT
2026-02-28,XRPUSDT,1.3239,1.4406080538379933,1.6117048812758612,2.064683612555653,37.43722943722943,0.0851642857142857,6.432833727191306,SHORT
2026-03-01,XRPUSDT,1.3788,1.4347215725200892,1.602571356519945,2.0578588999929104,37.4588886965553,0.07833571428571429,5.68144141903933,SHORT
2026-03-02,XRPUSDT,1.4006,1.4314718989467474,1.5946509111662217,2.0513190104407424,43.30121796037085,0.07846428571428572,5.602190897778503,SHORT
2026-03-03,XRPUSDT,1.3646,1.4251031466661048,1.5856293068067622,2.0444859854612325,41.87027597117244,0.07978571428571431,5.8468206277088015,SHORT
2026-03-04,XRPUSDT,1.4629,1.4287028469836187,1.5808163928143402,2.0386990602327626,48.95029330040137,0.08522142857142857,5.825512924426042,SHORT
2026-03-05,XRPUSDT,1.4167,1.4275597186994646,1.5743804558412289,2.0325100148573125,51.5609756097561,0.08334285714285715,5.8828867892184045,WAIT
2026-03-06,XRPUSDT,1.3562,1.4207635550138014,1.5658243595337298,2.02578056197316,44.34782608695652,0.08471428571428571,6.246444898561105,SHORT
2026-03-07,XRPUSDT,1.3573,1.4147194069172488,1.557646933669662,2.0191290140928304,42.554896618047756,0.08275714285714285,6.097188746566187,SHORT
2026-03-08,XRPUSDT,1.3456,1.4081366062584633,1.5493313676434006,2.012427232858076,45.870767104353824,0.0801642857142857,5.957512315270935,SHORT
2026-03-09,XRPUSDT,1.3602,1.4035712151862287,1.541914451265228,2.0059374096455582,49.06288316692942,0.0770642857142857,5.665658411578128,SHORT
2026-03-10,XRPUSDT,1.4308,1.4061644327875402,1.5375570218038466,2.0002146493505775,56.36451301832209,0.0785285714285714,5.488438036662805,WAIT
2026-03-11,XRPUSDT,1.3824,1.4039011534744412,1.5314724327134996,1.9940672399043031,44.95870612525808,0.07574285714285713,5.4790839947089935,SHORT
2026-03-12,XRPUSDT,1.3791,1.4015391388578278,1.5254970431953232,1.98794816289033,46.27235700371878,0.07265714285714284,5.2684462952028746,SHORT
2026-03-13,XRPUSDT,1.409,1.402249697061844,1.5209285316974674,1.9821874846526153,54.87092519314115,0.0733142857142857,5.203285004562506,WAIT
2026-03-14,XRPUSDT,1.3903,1.4011116306750018,1.5158058441799198,1.9762980569446291,56.43410852713178,0.06876428571428572,4.946003431941719,WAIT
2026-03-15,XRPUSDT,1.4156,1.4024914753726208,1.5118762032316877,1.9707189718009015,53.782894736842096,0.06335,4.47513421870585,WAIT
2026-03-16,XRPUSDT,1.4932,1.4111303824799901,1.5111438031049549,1.9659675392456688,58.53928439690151,0.06523571428571429,4.368853086372507,WAIT
2026-03-17,XRPUSDT,1.5135,1.4208798698628482,1.511236202983192,1.9614653746760602,64.14055080721747,0.06729285714285714,4.44617490207183,WAIT
2026-03-18,XRPUSDT,1.4408,1.4227770251140055,1.5084739989446356,1.9562846246792835,47.79397085246556,0.06614285714285716,4.590703577377648,SHORT
2026-03-19,XRPUSDT,1.4319,1.4236458798650526,1.5054710970252383,1.9510668672197882,51.63934426229507,0.0656,4.58132551155807,WAIT
2026-03-20,XRPUSDT,1.4375,1.4249653198779049,1.5028055638085622,1.9459567491379994,59.946170785417166,0.06362857142857144,4.426335403726709,WAIT
2026-03-21,XRPUSDT,1.4381,1.426216241794295,1.5002680907180304,1.9409034481515517,59.89710926016658,0.06357857142857144,4.421011850954137,WAIT
2026-03-22,XRPUSDT,1.3926,1.423014694956743,1.4960458126506566,1.9354476924485513,55.31674208144798,0.0655357142857143,4.705997004575204,WAIT
2026-03-23,XRPUSDT,1.4314,1.4238132954370533,1.4935106827427878,1.93043229252369,57.63620763620763,0.0693214285714286,4.842911036148428,WAIT
2026-03-24,XRPUSDT,1.4009,1.4216310768240006,1.4898788912626784,1.9251633144886287,46.49143393569584,0.06678571428571431,4.767343442480856,SHORT
2026-03-25,XRPUSDT,1.4075,1.4202852599836195,1.4866483465072793,1.9200124357374981,53.26567785584177,0.06591428571428573,4.683075361583356,WAIT
2026-03-26,XRPUSDT,1.3604,1.4145819018899415,1.4816974309579742,1.9144441527948366,47.81593085727634,0.06786428571428574,4.988553786701392,SHORT
2026-03-27,XRPUSDT,1.336,1.4070979112337565,1.4759838062145243,1.9086884895829477,41.36299100804543,0.06524285714285716,4.883447390932422,SHORT
2026-03-28,XRPUSDT,1.3533,1.4019743006400653,1.4711726765590527,1.9031622359552567,45.60778727445392,0.06582857142857144,4.86429996516452,SHORT
2026-03-29,XRPUSDT,1.3257,1.3947100815314877,1.4654678657135998,1.8974163430601796,39.38606847697757,0.06513571428571431,4.913307255466116,SHORT
2026-03-30,XRPUSDT,1.3454,1.3900138832903937,1.4607593219601254,1.8919236431292326,29.78665207877455,0.06255000000000002,4.6491749665527005,SHORT
2026-03-31,XRPUSDT,1.3151,1.3828792277389277,1.4550471916871792,1.8861841043916283,23.588924387646358,0.05749285714285717,4.371747938777064,WAIT
2026-04-01,XRPUSDT,1.3575,1.3804621584304584,1.4512218116210154,1.880923566039473,37.9380249058789,0.053935714285714295,3.973164956590372,SHORT
2026-04-02,XRPUSDT,1.3001,1.3728086195323195,1.4452954660672501,1.8751442270739063,33.26561706449972,0.05615000000000002,4.3188985462656735,SHORT
2026-04-03,XRPUSDT,1.3187,1.3676554176720985,1.4403309379861815,1.869607468595559,35.39823008849554,0.055864285714285734,4.236314985537707,SHORT
2026-04-04,XRPUSDT,1.3126,1.3624120445604702,1.4353218815945665,1.8640651057239614,34.7804996361872,0.055185714285714296,4.204305522300342,SHORT
2026-04-05,XRPUSDT,1.2967,1.3561537546023301,1.4298857293751719,1.8584196817864096,37.47060360595763,0.05423571428571429,4.182595379479779,SHORT
2026-04-06,XRPUSDT,1.3504,1.3556057779735369,1.4267686419486947,1.8533647595795797,39.81388329979878,0.05114285714285714,3.7872376438727153,SHORT
2026-04-07,XRPUSDT,1.2976,1.3500814181665335,1.4217032050095302,1.8478347619718227,37.69945225053583,0.0517,3.984278668310728,SHORT
2026-04-08,XRPUSDT,1.3549,1.3505403307221018,1.4190834714797447,1.8429299384696156,44.411389715257116,0.05501428571428572,4.060394546777306,SHORT
2026-04-09,XRPUSDT,1.3523,1.3507079182723778,1.4164645118138723,1.8380480485345947,49.049518892278805,0.05302142857142855,3.9208332893166125,SHORT
2026-04-10,XRPUSDT,1.3478,1.3504309736750084,1.413771785860387,1.8331699584994248,51.452486459872,0.05219285714285712,3.872448222500157,WAIT
2026-04-11,XRPUSDT,1.346,1.3500089761821505,1.411114068767823,1.8283224962257987,49.0657793703609,0.05124999999999998,3.807578008915303,SHORT
2026-04-12,XRPUSDT,1.3239,1.3475224070219458,1.4076939092083005,1.823303366910119,49.76635514018691,0.052871428571428555,3.9936119473848897,SHORT
2026-04-13,XRPUSDT,1.3345,1.3462821777817604,1.404823559827583,1.818439651816486,48.550917309226286,0.04972857142857142,3.726382272654284,SHORT
2026-04-14,XRPUSDT,1.3745,1.3489695894215927,1.403634400618658,1.814022341848163,57.698289269051344,0.05127857142857143,3.730707270176168,WAIT
2026-04-15,XRPUSDT,1.3733,1.351286771381441,1.4024448162806715,1.8096370449143504,52.292513058618695,0.04985714285714286,3.6304625979132643,WAIT
2026-04-16,XRPUSDT,1.4291,1.358697555059399,1.4034901176029981,1.8058506066564963,68.80466472303208,0.04802142857142856,3.360256705019142,WAIT
2026-04-17,XRPUSDT,1.4861,1.3708311212442181,1.406729720834253,1.8026690085803123,71.94546407970635,0.05194999999999999,3.4957270708566037,WAIT
2026-04-18,XRPUSDT,1.4362,1.3770567287447688,1.4078854180564393,1.7990225507834934,64.53433678269049,0.05604285714285712,3.90216245250363,WAIT
2026-04-19,XRPUSDT,1.4315,1.382241802197648,1.4088114800934417,1.7953656099796775,66.28019323671498,0.05532857142857141,3.8650765929843804,WAIT
2026-04-20,XRPUSDT,1.4327,1.387047344845491,1.4097482847956597,1.791756996945054,61.383125864453675,0.054121428571428556,3.7775827857491833,WAIT
2026-04-21,XRPUSDT,1.4324,1.3913666453363966,1.4106365873526927,1.788181305433163,71.81229773462779,0.05209285714285713,3.636753500618342,WAIT
2026-04-22,XRPUSDT,1.4564,1.3975602981615016,1.4124312309859204,1.7848799989114401,68.40768951759155,0.04853571428571427,3.332581315965001,WAIT
2026-04-23,XRPUSDT,1.4315,1.400792650717549,1.4131790258492176,1.781363780016799,63.28859060402682,0.049107142857142856,3.430467541539843,WAIT
2026-04-24,XRPUSDT,1.4479,1.4052790649349252,1.41454063267866,1.7780457324544428,66.15037108744752,0.04857857142857142,3.355105423618442,WAIT
2026-04-25,XRPUSDT,1.4255,1.407204868274456,1.414970411789301,1.7745378147185777,62.027231467473506,0.04851428571428568,3.4033171318334396,WAIT
2026-04-26,XRPUSDT,1.4292,1.409299642724508,1.4155284348563872,1.771101617557199,66.86959307914128,0.04550714285714282,3.184098996441563,WAIT
2026-04-27,XRPUSDT,1.3882,1.4072901529412214,1.4144567315286858,1.7672916512133463,57.83941605839417,0.048042857142857116,3.46080227221273,WAIT
2026-04-28,XRPUSDT,1.3753,1.4042434717087242,1.4129211734295217,1.7633912367734126,50.12682308180088,0.045785714285714256,3.3291437712291323,WAIT
2026-04-29,XRPUSDT,1.3618,1.4002012363078933,1.410916421530325,1.7593953040691996,48.24534635337197,0.04682857142857141,3.4387260558504487,SHORT
2026-04-30,XRPUSDT,1.3695,1.3972773090404749,1.409292248136979,1.7555157488048296,39.34191702432045,0.045149999999999975,3.2968236582694397,SHORT
2026-05-01,XRPUSDT,1.396,1.3971556605604296,1.4087709835041562,1.7519384776724434,31.914893617021292,0.04097142857142855,2.9349160867785495,SHORT
2026-05-02,XRPUSDT,1.3934,1.3967979786022935,1.4081681998373266,1.7483709306309265,39.39544103072351,0.03679999999999999,2.6410219606717376,WAIT
2026-05-03,XRPUSDT,1.3958,1.3967029330211227,1.4076831723927254,1.7448627621669373,41.05263157894737,0.03572857142857143,2.5597199762552965,WAIT
2026-05-04,XRPUSDT,1.399,1.3969217013048254,1.4073426558283049,1.7414213416478634,41.63771712158808,0.03529285714285714,2.522720310425814,WAIT
2026-05-05,XRPUSDT,1.4116,1.3983196345138897,1.4075096105017046,1.7381395372533575,45.13564078578112,0.03529285714285716,2.5002024045662483,WAIT
2026-05-06,XRPUSDT,1.4301,1.4013463359887575,1.4083955081290889,1.7350744672309362,43.68698991838694,0.03540714285714287,2.475850839601627,WAIT
2026-05-07,XRPUSDT,1.3907,1.4003323992279235,1.4077015666338306,1.731647855616698,40.84380610412928,0.03552857142857145,2.554725780439451,WAIT
2026-05-08,XRPUSDT,1.3973,1.4000435993014546,1.407293662059955,1.7283210112822036,38.12206572769952,0.03503571428571433,2.5073866947480377,SHORT
2026-05-09,XRPUSDT,1.4144,1.401410875558459,1.4075723419791726,1.725197419130142,47.327876745305765,0.03622142857142863,2.5609041693600556,SHORT
2026-05-10,XRPUSDT,1.4442,1.405486030267177,1.4090087207250874,1.7224014249099417,53.20786997433702,0.0376428571428572,2.606485053514555,WAIT
2026-05-11,XRPUSDT,1.4848,1.4130397416703029,1.4119809277554762,1.7200372316272559,70.69408740359894,0.038221428571428614,2.5741802647783283,LONG
2026-05-12,XRPUSDT,1.424,1.4140835757969408,1.4124522639219281,1.7170915875314623,58.656238890863854,0.040700000000000056,2.8581460674157344,LONG
2026-05-13,XRPUSDT,1.4131,1.4139899019115179,1.4124776653367546,1.7140667956157265,59.2034445640474,0.04143571428571434,2.932256336120185,LONG
2026-05-14,XRPUSDT,1.4727,1.4195813398247066,1.414839325519627,1.7116651359578587,65.60798548094377,0.04310714285714291,2.927082423924962,LONG
2026-05-15,XRPUSDT,1.4352,1.4210688312699726,1.4156377833423868,1.7089142390826562,55.73770491803282,0.0491785714285715,3.4266005733397087,LONG
2026-05-16,XRPUSDT,1.4147,1.4204622759109276,1.4156010075250383,1.705986734216162,52.962447844228116,0.051985714285714364,3.674681154005398,LONG
2026-05-17,XRPUSDT,1.4132,1.4197706305860773,1.4155068503671937,1.7030734333781905,52.42610150585613,0.05256428571428579,3.719522057336951,LONG
2026-05-18,XRPUSDT,1.3766,1.4156591419588318,1.4139810915292645,1.6998249415037807,47.142857142857146,0.053942857142857216,3.9185571075735304,WAIT
2026-05-19,XRPUSDT,1.3672,1.4110439855818002,1.4121465389202739,1.6965152405932955,44.29012345679011,0.05440714285714291,3.979457493939651,WAIT
2026-05-20,XRPUSDT,1.3747,1.4075826536216287,1.4106780471979101,1.6933130988958498,42.66807834833245,0.05300714285714292,3.855906223695564,WAIT
2026-05-21,XRPUSDT,1.3615,1.403193829467188,1.4087494963274039,1.6900114760212643,45.84755403868029,0.051807142857142906,3.8051518808037392,SHORT
2026-05-22,XRPUSDT,1.3534,1.3984515599941225,1.4065789278439762,1.6866621081006548,43.78363069951854,0.0530928571428572,3.922924275369972,SHORT
2026-05-23,XRPUSDT,1.3359,1.3924942685661108,1.403807205183428,1.6831719378707977,38.896746817538876,0.05418571428571433,4.056120539390248,SHORT
2026-05-24,XRPUSDT,1.3484,1.3882948144169573,1.4016343736076073,1.6798408738123818,35.75252825698989,0.05477857142857147,4.06248675679112,SHORT
2026-05-25,XRPUSDT,1.3588,1.3854857844724853,1.3999545942504463,1.6766464372570349,29.411764705882348,0.05206428571428575,3.831637158837632,SHORT
2026-05-26,XRPUSDT,1.3451,1.3816395192846296,1.3978034336916054,1.6733474677320894,34.7624565469293,0.049364285714285736,3.669934258738067,SHORT
2026-05-27,XRPUSDT,1.3363,1.3773214698289507,1.3953915343311503,1.6699937615855016,35.04672897196261,0.047150000000000025,3.5283993115318433,SHORT
2026-05-28,XRPUSDT,1.3124,1.3711384727023839,1.3921369643573798,1.666435614704054,13.749434644957034,0.047785714285714306,3.641093743196762,WAIT
2026-05-29,XRPUSDT,1.3227,1.3665252848259664,1.3894139461472865,1.6630153598313768,20.990201134605456,0.04219285714285716,3.18990376826621,WAIT
2026-05-30,XRPUSDT,1.3424,1.3642276386520649,1.387570261984648,1.6598251572459901,31.279129984464006,0.042071428571428586,3.1340456325557646,SHORT
2026-05-31,XRPUSDT,1.3307,1.361034530209011,1.3853400556323088,1.656550280059463,29.709788489916377,0.042,3.156233561283535,SHORT
2026-06-01,XRPUSDT,1.2822,1.3535264797129147,1.3812953475682967,1.6528254016509112,28.06691449814126,0.042392857142857156,3.306259331060455,SHORT
2026-06-02,XRPUSDT,1.222,1.3410001483116847,1.3750484711930695,1.6485385817339868,22.706766917293237,0.04605,3.768412438625205,WAIT
2026-06-03,XRPUSDT,1.2251,1.329962038948667,1.3691681389894197,1.6443252625127531,21.4067278287462,0.04792857142857143,3.9122170784892196,WAIT
2026-06-04,XRPUSDT,1.1689,1.314622797144032,1.3613144864800306,1.6395946628857607,18.38476690741959,0.05172857142857142,4.425406059420944,WAIT
2026-06-05,XRPUSDT,1.0998,1.2941634831303148,1.3510590164219902,1.6342235717127682,15.317286652078792,0.0557642857142857,5.070402410827941,WAIT
2026-06-06,XRPUSDT,1.0962,1.2753098180702849,1.3410645451897554,1.6288701033375168,15.922661359112894,0.05688571428571427,5.189355435660852,WAIT
2026-06-07,XRPUSDT,1.1339,1.2618422163493053,1.3329404453783924,1.6239450276824172,21.544176174051458,0.060499999999999984,5.3355675103624645,WAIT
2026-06-08,XRPUSDT,1.1711,1.2532001005065143,1.3265937612459064,1.6194391070089604,26.752539014119407,0.06280714285714285,5.363089647096136,SHORT
2026-06-09,XRPUSDT,1.1277,1.2412477099820844,1.3187940059029297,1.6145461805710604,24.919243193354873,0.06482142857142859,5.7481092995857574,WAIT
2026-06-10,XRPUSDT,1.1287,1.2305288804599812,1.3113393390047756,1.6097118902171195,25.610902255639118,0.06631428571428573,5.87528003138883,SHORT
2026-06-11,XRPUSDT,1.1128,1.2193166061304592,1.3035534825732158,1.6047674932995362,26.10153256704983,0.06420000000000001,5.769230769230769,SHORT
2026-06-12,XRPUSDT,1.1288,1.2106959769751773,1.2967004048252466,1.600031498341332,27.096621781242646,0.06489285714285713,5.748835678849852,SHORT
2026-06-13,XRPUSDT,1.1567,1.2055535029775413,1.2912101928713153,1.5956202396513686,28.482039397450777,0.06344285714285712,5.484815176178535,SHORT
2026-06-14,XRPUSDT,1.135,1.198834121741585,1.2850843029547931,1.5910369536846884,27.83691959229901,0.06374285714285712,5.616110761485208,SHORT
2026-06-15,XRPUSDT,1.2688,1.205497538718577,1.284445702838919,1.5878306158370796,48.728170083523146,0.06924999999999996,5.457912988650691,SHORT
2026-06-16,XRPUSDT,1.2098,1.2059072969358553,1.2815184203746477,1.584069117172034,48.83942161339422,0.07034285714285714,5.814420329216163,SHORT
2026-06-17,XRPUSDT,1.2136,1.2066399353229167,1.2788549529089752,1.5803828572996756,48.90746722401671,0.0691642857142857,5.699100668612863,SHORT
2026-06-18,XRPUSDT,1.1379,1.2000932748159723,1.2733273076968585,1.5759800427991815,47.160131916452904,0.06946428571428573,6.104603718629558,SHORT
2026-06-19,XRPUSDT,1.137,1.1940843915001653,1.26798113876757,1.571612082174314,53.89447236180903,0.06525714285714287,5.7394144993089595,WAIT
2026-06-20,XRPUSDT,1.1508,1.1899620685001495,1.2633857999923712,1.5674248972770572,55.596555965559645,0.06205714285714287,5.392521972292568,WAIT
2026-06-21,XRPUSDT,1.1497,1.1861275857858495,1.2589275333260037,1.5632684306374847,51.750886524822704,0.056621428571428586,4.924887237664485,WAIT
2026-06-22,XRPUSDT,1.1401,1.181744006187197,1.2542676300583173,1.559057799486863,46.34088762983946,0.054907142857142856,4.815993584522661,SHORT
2026-06-23,XRPUSDT,1.0993,1.1738921960741306,1.248190468095246,1.554483095014357,46.627078384798104,0.054349999999999975,4.944055307923222,SHORT
2026-06-24,XRPUSDT,1.0585,1.1629024631146896,1.240751626209158,1.5495479398400849,42.3828125,0.05501428571428568,5.197381739658543,SHORT
2026-06-25,XRPUSDT,1.0351,1.1507307999609095,1.2326868565538969,1.5444290548665518,41.70403587443945,0.057592857142857126,5.563989676635797,SHORT
2026-06-26,XRPUSDT,1.0451,1.1406707237741562,1.2253305092380578,1.539460606559422,40.947436729396486,0.05689285714285713,5.443771614472982,SHORT
2026-06-27,XRPUSDT,1.0752,1.1344354167480462,1.2194430382875456,1.5348410980364429,41.22712594187297,0.05712142857142856,5.312632865646258,SHORT
2026-06-28,XRPUSDT,1.0526,1.1266415675339465,1.2129001740409753,1.5300426791505082,41.14740008594757,0.057521428571428564,5.464699655275372,SHORT
2026-06-29,XRPUSDT,1.0494,1.1192852277688088,1.2064884025099567,1.5252601649301052,17.234169653524518,0.04996428571428572,4.761224100846742,WAIT
2026-06-30,XRPUSDT,1.034,1.1111628251241603,1.199724151431135,1.5203720040850295,19.814560439560466,0.04609999999999998,4.458413926499031,WAIT
2026-07-01,XRPUSDT,1.0606,1.1063473179694783,1.1942683023554042,1.5157971582732381,25.636942675159233,0.046142857142857104,4.350637105681416,SHORT
2026-07-02,XRPUSDT,1.0938,1.1051523353057184,1.1903283689297022,1.511598181574002,41.878453038674074,0.04437142857142854,4.056630880547498,SHORT
2026-07-03,XRPUSDT,1.1201,1.1065759224194596,1.1875743152461844,1.5077026772797335,47.153923880094325,0.044999999999999964,4.017498437639492,SHORT
2026-07-04,XRPUSDT,1.1724,1.1128448821890349,1.1869792440600595,1.504366332232174,53.22003577817532,0.0477071428571428,4.069186528244865,WAIT
2026-07-05,XRPUSDT,1.137,1.115145369599603,1.1850192737047631,1.5007109458418042,48.28239112794159,0.050778571428571374,4.466013318256057,SHORT
2026-07-06,XRPUSDT,1.1446,1.1179505724948788,1.1834342041477137,1.497167553345866,50.611911884688624,0.05211428571428567,4.5530565887022245,WAIT
2026-07-07,XRPUSDT,1.1305,1.1191457560667952,1.181358353004666,1.4935191199792404,54.574780058651044,0.05245714285714282,4.640171858216967,WAIT
2026-07-08,XRPUSDT,1.0736,1.1148080650128147,1.1771325352397772,1.4893408202779546,52.11425371044527,0.053078571428571406,4.943980200127738,WAIT
2026-07-09,XRPUSDT,1.0899,1.1124358683449276,1.173711651504884,1.4853662847528009,57.82857142857144,0.04964999999999997,4.555463804018714,WAIT
2026-07-10,XRPUSDT,1.1037,1.1116038808835058,1.1709660965439082,1.4815686102776486,58.281514980214816,0.04880714285714284,4.422138521078449,WAIT
2026-07-11,XRPUSDT,1.1133,1.1117654160374577,1.1687046809931667,1.477904245996279,55.71557155715572,0.04759999999999999,4.275577113087217,WAIT
2026-07-12,XRPUSDT,1.102,1.1108353764148426,1.1660888111502974,1.4741639052400972,57.67080745341617,0.0473642857142857,4.298029556650245,WAIT
2026-07-13,XRPUSDT,1.0725,1.1071843881848575,1.1624186616934231,1.470167249466564,53.316106804478885,0.04767142857142855,4.444888444888443,WAIT
2026-07-14,XRPUSDT,1.1047,1.1069477797862997,1.1601551847642693,1.4665307594221206,59.682278827718434,0.04823571428571427,4.366408462543158,WAIT
2026-07-15,XRPUSDT,1.1263,1.1087908483780806,1.1588275304597881,1.4631453787313533,59.122465981671766,0.047428571428571424,4.211006963381996,WAIT
2026-07-16,XRPUSDT,1.1148,1.109363148532549,1.1571009606378357,1.4596792555598972,53.1028368794326,0.04458571428571428,3.999436157670818,WAIT
2026-07-17,XRPUSDT,1.0831,1.106861896291354,1.1541989621814501,1.4559321982906446,44.618964514252454,0.044614285714285704,4.119128955247503,SHORT
2026-07-18,XRPUSDT,1.0864,1.104913144263606,1.151540179350805,1.4522552609942203,35.41383989145183,0.04092142857142859,3.7666999789606583,SHORT
2026-07-19,XRPUSDT,1.0978,1.1042357019527864,1.149432721337048,1.4487283429743774,42.7621861152142,0.03777142857142858,3.4406475288238823,SHORT
2026-07-20,XRPUSDT,1.1126,1.1050323017668067,1.147988300892458,1.4453837823477667,44.24460431654676,0.03569285714285716,3.208058344675279,SHORT
2026-07-21,XRPUSDT,1.1548,1.1097720825509203,1.1482554263476559,1.4424924014288836,53.969291081345965,0.03512142857142859,3.0413429660052467,WAIT
2026-07-22,XRPUSDT,1.1513,1.1137271223079754,1.148374821392846,1.4395949645987456,65.37396121883654,0.03296428571428573,2.863222940526859,WAIT
2026-07-23,XRPUSDT,1.1128,1.113638824945311,1.1469797303578324,1.4363432734087085,54.16515096398689,0.03467142857142859,3.1156927184964585,WAIT
2026-07-24,XRPUSDT,1.0911,1.1114922701886147,1.1447883683830156,1.4329080169568806,47.77227722772278,0.03487142857142859,3.1959883210914293,SHORT
2026-07-25,XRPUSDT,1.0985,1.1102549111230324,1.1429731382503483,1.429580574002086,47.36279401282967,0.03447142857142858,3.1380453865660978,SHORT
2026-07-26,XRPUSDT,1.1047,1.109725871968458,1.1414722308679817,1.426347931474702,50.49001814882031,0.033042857142857165,2.9911158814933616,WAIT
2026-07-27,XRPUSDT,1.0865,1.107513884161938,1.139316457108453,1.4229663600172424,52.64950794852384,0.032521428571428604,2.9932285845769537,WAIT
2026-07-28,XRPUSDT,1.0652,1.1034839904322298,1.1364099293787098,1.419406495738464,42.202921437031186,0.032071428571428626,3.010836328523153,SHORT
2026-07-29,XRPUSDT,1.0683,1.100133134200589,1.1337389517560152,1.415912898765942,37.649063032367984,0.032514285714285766,3.043553843890833,SHORT
2026-07-30,XRPUSDT,1.0922,1.0993775976100566,1.1321099732557793,1.4126918748976243,45.42880258899678,0.03288571428571433,3.01096083919743,SHORT
2026-07-31,XRPUSDT,1.0606,1.0956844930757654,1.129305660579082,1.4091884731573494,45.447187373533005,0.03228571428571435,3.044099027504653,SHORT
2026-08-01,XRPUSDT,1.0629,1.092562160401883,1.1267015170269612,1.4057428167080226,45.22551808208045,0.03207857142857148,3.0180234667956984,SHORT
2026-08-02,XRPUSDT,1.0801,1.091375287982656,1.1248740065553158,1.402502589676102,46.48670107185391,0.03373571428571436,3.123388046080396,SHORT
2026-08-03,XRPUSDT,1.0839,1.0906633557938317,1.1232671827688328,1.3993324146544495,44.04317144043174,0.03370000000000006,3.109142909862539,SHORT
2026-08-04,XRPUSDT,1.0775,1.0894097028610858,1.121472391287702,1.3961301020708232,31.15553388590935,0.031314285714285774,2.9061982101425317,SHORT
2026-08-05,XRPUSDT,1.0607,1.0866754454457443,1.1190891602568118,1.3927924891148946,29.25824175824181,0.0307428571428572,2.898355533407863,SHORT
2026-08-06,XRPUSDT,1.0492,1.0831063554032925,1.1163484088741917,1.389373658377433,33.3855799373041,0.029292857142857183,2.7919230978704905,SHORT
2026-08-07,XRPUSDT,1.0279,1.0778486072696456,1.1128798438203018,1.3857769055577571,33.45549738219901,0.029378571428571476,2.8581157144246987,SHORT
2026-08-08,XRPUSDT,1.0453,1.0747487399106317,1.1102296538665646,1.3823890756517099,36.76616915422884,0.03069285714285719,2.936272567000592,SHORT
2026-08-09,XRPUSDT,1.0432,1.071744098014381,1.1076010399894445,1.3790140599735834,34.382935500253936,0.031071428571428607,2.9784728308501354,SHORT
2026-08-10,XRPUSDT,1.0232,1.06712085058444,1.104291195283976,1.375473621565886,34.07146451937598,0.030757142857142896,3.0059756506199076,SHORT
2026-08-11,XRPUSDT,1.0039,1.0610998171954458,1.1003542856649966,1.3717763716000564,34.41789527198783,0.029535714285714314,2.942097249299165,SHORT
2026-08-12,XRPUSDT,1.0127,1.0564903107958794,1.096916862697742,1.3682034723801555,36.264822134387316,0.028542857142857172,2.8184908801083415,SHORT
2026-08-13,XRPUSDT,1.0031,1.05140551929151,1.0932377700429285,1.3645706020082138,26.31578947368419,0.027235714285714332,2.7151544497771236,SHORT
2026-08-14,XRPUSDT,1.0066,1.0471383269780328,1.089840210433402,1.3610087054708186,33.12499999999993,0.02574285714285718,2.557406829212913,SHORT
2026-08-15,XRPUSDT,1.0022,1.0428584863134582,1.0864033394360137,1.357438469595487,31.276989512646466,0.026450000000000036,2.6391937736978686,SHORT
2026-08-16,XRPUSDT,1.0019,1.038957678093129,1.0830894829875426,1.3539007733806068,23.07162534435247,0.024378571428571447,2.43323399826045,WAIT
2026-08-17,XRPUSDT,1.0068,1.0358950420842594,1.0800977385566586,1.3504470343419939,23.650034176349763,0.023657142857142877,2.349736080367787,WAIT
2026-08-18,XRPUSDT,1.0039,1.0328478952190918,1.0771095919465936,1.3469988051445612,24.22969187675055,0.023871428571428592,2.3778691673900383,WAIT
2026-08-19,XRPUSDT,1.0678,1.036176667102988,1.0767445099094723,1.3442207075809338,51.86940494997371,0.027500000000000017,2.575388649559844,WAIT
2026-08-20,XRPUSDT,1.2613,1.057616984521751,1.0839819801091009,1.3433956259134618,78.51573003495574,0.04031428571428573,3.1962487682776284,WAIT
2026-08-21,XRPUSDT,1.4036,1.0905677479006317,1.0965160201048225,1.3439946744118354,88.11117873808081,0.052735714285714295,3.757175426454424,WAIT
2026-08-22,XRPUSDT,1.4391,1.1237612957196192,1.1099506859830648,1.344940996059479,88.53228962818011,0.07442857142857143,5.171883220663708,WAIT
2026-08-23,XRPUSDT,1.4968,1.1592887913653698,1.1251212473170622,1.346452030924559,90.02823861630786,0.08147857142857143,5.443517599450256,WAIT
2026-08-24,XRPUSDT,1.5013,1.1918612874258108,1.1398733552654128,1.347992806736255,93.37688259843952,0.08624285714285713,5.7445452036806195,WAIT
2026-08-25,XRPUSDT,1.4788,1.219188783861448,1.1531645962353967,1.349294370848332,92.83781345841604,0.09144285714285713,6.183585146257583,WAIT
2026-08-26,XRPUSDT,1.3729,1.2338279473032148,1.1617816708928321,1.3495292527304383,77.64814246238873,0.09871428571428571,7.190202178912209,WAIT
2026-08-27,XRPUSDT,1.4659,1.2559300475600514,1.173707879877427,1.3506871706137176,81.4915623298857,0.10526428571428569,7.180864023076997,WAIT
2026-08-28,XRPUSDT,1.4034,1.2699748049352846,1.1827154139998808,1.3512116763787552,74.99370118417738,0.11036428571428568,7.864064822166572,LONG
2026-08-29,XRPUSDT,1.3932,1.281710537798591,1.1909697114900815,1.3516294706436431,74.44972486243122,0.1123285714285714,8.06263073704934,LONG
2026-08-30,XRPUSDT,1.3983,1.292814296103487,1.19910031103949,1.3520938540203233,74.63948284435605,0.11372857142857141,8.133345593118174,LONG
2026-08-31,XRPUSDT,1.3727,1.3004224583793453,1.2059081419791178,1.352298890298728,72.17306993091746,0.11929285714285712,8.690380792806666,LONG
2026-09-01,XRPUSDT,1.3782,1.3078298432955981,1.212664685430917,1.352556612783318,72.61084934154886,0.12082142857142857,8.766610693036466,LONG
2026-09-02,XRPUSDT,1.3368,1.3105889058388744,1.2175327369826459,1.3523998305665685,66.70392449080973,0.12014999999999999,8.987881508078994,LONG
2026-09-03,XRPUSDT,1.4646,1.325256629092315,1.2272216492578363,1.3535162501629212,63.745774171737644,0.11501428571428572,7.852948635414839,LONG
2026-09-04,XRPUSDT,1.3989,1.3322702834644753,1.2339541336006663,1.3539678297632902,49.645497058379846,0.10716428571428573,7.66061088814681,WAIT
2026-09-05,XRPUSDT,1.4124,1.339901685039287,1.2409520107143657,1.3545492443925113,47.91699173037916,0.08517142857142859,6.030262572318648,WAIT
2026-09-06,XRPUSDT,1.4113,1.346701524559355,1.2476323240196847,1.3551139285279092,42.68355296936506,0.07932857142857146,5.620957374659636,WAIT
2026-09-07,XRPUSDT,1.3837,1.3502251888870354,1.2529683113130305,1.3553983670500196,40.3193941389529,0.07647857142857147,5.527106412413924,WAIT
2026-09-08,XRPUSDT,1.4347,1.358270408993032,1.2600950442027157,1.3561874380246464,46.53247365938043,0.07269285714285718,5.066763584223684,WAIT
2026-09-09,XRPUSDT,1.4173,1.3638922748032194,1.2662599444300602,1.356795523218431,54.05553525758128,0.06690000000000004,4.720242715021523,LONG
2026-09-10,XRPUSDT,1.3569,1.3632263438695795,1.269814456413195,1.3567965627883969,39.41336441336443,0.06521428571428577,4.8061232009938655,WAIT
2026-09-11,XRPUSDT,1.3745,1.36430002540581,1.2739197718479718,1.3569727163924925,46.92487763353906,0.06744285714285721,4.906719326508345,WAIT
2026-09-12,XRPUSDT,1.3726,1.3650904991766852,1.277789584716679,1.3571282117517713,47.76863084922011,0.0666571428571429,4.856268603900838,WAIT
2026-09-13,XRPUSDT,1.3435,1.363034261159858,1.2803664637473975,1.356992607654739,44.35749588138384,0.06747142857142861,5.02206390557712,WAIT
2026-09-14,XRPUSDT,1.4033,1.3668690934303478,1.2851873867376957,1.3574533777278261,52.94343978453251,0.06585000000000003,4.692510510938504,LONG
2026-09-15,XRPUSDT,1.3896,1.3690339416750765,1.289281999022492,1.3577732446161066,51.07954545454543,0.07187142857142859,5.172094744633606,LONG
2026-09-16,XRPUSDT,1.2662,1.3592402329441169,1.2883768225902374,1.3568620680527623,44.21311475409836,0.07788571428571431,6.15113838933141,WAIT
2026-09-17,XRPUSDT,1.3078,1.3543411631399154,1.2891385158219928,1.356373888271143,35.03245513554795,0.07306428571428573,5.586808817425121,WAIT
2026-09-18,XRPUSDT,1.3853,1.3572896237932568,1.292909554417209,1.3566617102783953,48.73039581777445,0.07415000000000002,5.352631199018266,WAIT
2026-09-19,XRPUSDT,1.4096,1.3622715643843752,1.2974856503224164,1.3571884594298542,49.7437774524158,0.07535000000000001,5.345488081725313,WAIT
